label,x_centroid,y_centroid,area,segment_flux
1141,47.993861290656824,1541.8516830565482,21850.0,8025.443952053785
1358,2565.744416980005,1838.9849471857722,24109.0,6294.331038116943
5,1291.4777554091058,78.45437184495363,12177.0,3669.3790668956935
1259,1747.3391179154833,1759.1582938433871,18418.0,2256.160308576189
413,475.73644829814884,551.1908912373528,7582.0,1176.239687325433
1068,1451.886840644282,1393.753116056812,8185.0,1127.4506045943126
275,2514.230315834004,393.53510245617804,7413.0,946.5163944503292
1873,2322.874851612081,2551.5029959099843,4578.0,866.0559542635456
386,1853.4331122476829,519.6412811837798,6648.0,860.3490076297894
1695,1126.6549947839121,2283.850524797383,2942.0,749.8107089875266
796,2184.4579728873555,987.6542249147421,3901.0,727.1501307189465
700,458.82648672293226,903.5912878338379,3836.0,614.3579455995932
563,2807.3922591974624,738.6955354697981,3626.0,543.3898669895716
1349,2803.6525263561584,1767.7455165229744,3251.0,531.5624811714515
45,12.96845417506851,93.70846745217648,4648.0,448.5404892778024
1690,1687.486928455101,2264.0215213029296,1377.0,391.9840628160164
1647,46.16001382574647,2221.382297528557,4655.0,355.63887289352715
1157,2382.896336522919,1502.148520113229,2714.0,348.75725839007646
668,2345.823265983212,864.6557463168162,4228.0,326.5113410009071
1484,2825.4713591227983,1941.668272660439,1130.0,320.1893510762602
319,442.6072142381066,419.86480337257035,4479.0,313.84239348676056
108,670.6647137636154,159.91315350511005,2469.0,308.10091413371265
1495,314.77070269890817,1992.370445468207,5285.0,302.543582000304
930,1724.13364340995,1156.5661251315178,3166.0,268.3525575408712
1584,375.4074268809852,2095.5822377308264,3172.0,251.06577783823013
1704,2088.043604701903,2292.275509557782,4082.0,247.81652551330626
2186,2545.2990227378855,2988.5775748432256,1947.0,239.40831731725484
1987,1078.7197704988434,2741.2910109398654,6516.0,234.5999195757322
2027,1772.138635417059,2744.0915423918423,2196.0,216.19846891146153
33,1633.540679150926,67.9550583655648,3190.0,215.0887193121016
151,375.72256316693733,222.123855277421,5790.0,187.70999905560166
1326,200.1111643010147,1733.5749110365002,1681.0,182.52222414733842
1730,1964.9114799851004,2318.7974394851667,2679.0,164.65826115291566
1692,2930.9911529044725,2268.9237018683593,2543.0,160.72820626199245
901,1935.3214227861336,1122.3968507641655,1587.0,153.75662070326507
584,2359.0993492766174,766.6639644685313,2471.0,143.68892156518996
606,2914.5565996140845,782.8754226899155,2123.0,137.61096736602485
1185,842.2898551784342,1534.7936240608667,1488.0,128.99179835338145
1665,2214.467721002059,2216.6739954744944,1439.0,123.53670579195023
1838,1052.8573861454438,2485.613945399269,3125.0,111.99193891463801
1794,1899.0026246080804,2408.8360949859866,1595.0,111.2669239435345
1473,887.9527628477581,1917.1012612194227,1945.0,106.32249700091779
2039,1199.1979314932705,2820.4259892777422,5008.0,106.21928696567193
2044,1447.521745375715,2778.914078457359,2777.0,98.07802874594927
295,2922.5399229668155,377.99934283282363,1942.0,97.27370146615431
1938,2988.192737872818,2617.0625501121463,476.0,88.29986924910918
255,756.5049011927711,336.04819492052457,1415.0,80.3030489673838
1189,550.7776097960159,1557.717907537464,2256.0,65.78922793455422
672,4.481807623398632,900.3305483750188,1543.0,64.92528084013611
1754,2355.0617921361704,2341.4797907265834,1503.0,61.39297052193433
1120,647.3416938314117,1452.4338910287563,1684.0,60.642797525040805
1520,2985.3955369276905,1996.1312206041887,1130.0,60.30742780957371
1000,1828.1850311637672,1228.1378847885078,805.0,59.55615867394954
1029,2916.2651632482834,1297.3981150786876,1010.0,54.246418482623994
2136,2606.5651400061893,2922.2711513296904,1072.0,50.84806228009984
1570,706.804275932813,2079.720269669316,962.0,50.16314037516713
1963,2006.8081441638883,2669.0810473115107,1160.0,49.75689596217126
1801,774.6447711964184,2410.099084516006,793.0,48.51832248643041
2200,2263.4038017611074,2990.820848314773,632.0,48.38234828505665
1127,422.5206353139048,1452.82100284533,823.0,47.85738547984511
771,807.7321485851634,959.7413901973492,653.0,46.89787605497986
2204,2027.190643520347,2995.920472912527,459.0,46.51753877475858
1879,903.1181606597451,2531.8768915334426,1462.0,46.09002491040155
2093,539.9419694109566,2835.11613585601,647.0,45.489096141885966
1559,2469.883939406845,2036.6781936645004,438.0,42.87959932349622
1672,2962.678509921523,2221.340382439886,733.0,42.59327987022698
562,1218.4565214606666,732.2397859835678,1340.0,42.31891137268394
1631,1146.6501441208472,2154.8022604668868,737.0,42.12595579586923
846,2434.171934307809,1041.5713239056736,903.0,41.357503053732216
941,1505.164822743546,1149.6996865475874,622.0,41.25311343558133
869,582.7554312777363,1064.0912046209276,811.0,41.15353946201503
748,2764.4344049528013,944.938557454542,860.0,41.004650886170566
260,1552.603505179556,329.8632944197018,717.0,40.633343699388206
931,813.4180997273926,1142.9008487071776,1028.0,40.31804016139358
1682,123.60915775248776,2256.0379344724042,1396.0,40.02373352320865
1307,1651.9507232001445,1710.2813274096036,1600.0,39.71787113882601
1433,677.7044507948309,1851.033982156584,513.0,39.225048259831965
152,788.3507895809597,202.98629926723402,1362.0,39.12378485593945
529,1756.3235699971756,661.7791961765587,658.0,38.520660498179495
203,1689.7458625052645,261.3366736954276,943.0,38.34749811515212
737,1798.9274442549736,924.7558391810476,690.0,37.86370829679072
801,2001.9369687075298,972.01876172975,353.0,37.06566875986755
1149,1057.4062886712718,1477.494837931661,607.0,37.06000222824514
2180,2612.3440333256417,2970.4185653915,779.0,36.53270915336907
699,2414.5738977297337,880.7457151940594,826.0,36.104662258177996
1038,1642.1595974106078,1314.462777479844,684.0,35.95203989185393
923,7.84658862656349,1149.7222238859388,1191.0,34.95825384836644
1101,1606.0306870113745,1417.3134751363414,1230.0,34.84431577846408
1802,267.7152702542702,2410.400846014173,708.0,34.772035588975996
1276,850.081200856662,1665.2981763745536,472.0,34.30936405342072
1,383.7982690276218,7.685441109972273,729.0,33.84149276372045
715,2046.2225575281718,900.689250972701,688.0,33.59940054733306
1058,1108.5601002374128,1327.37246887103,517.0,32.273777292110026
1926,2735.6174074183273,2615.3309135674094,845.0,31.164953499566764
1831,251.12817652059977,2455.0967570193116,526.0,30.809898030478507
1097,24.81434597179417,1401.8106558124016,355.0,30.655759988352656
1126,2848.2736122987544,1444.7497007966208,648.0,30.59071014728397
6,1977.9598054995763,5.73067530227546,581.0,29.481973594985902
1715,1425.3958260093013,2287.810594793863,938.0,28.659534126520157
491,2224.981644625623,622.8567707303927,622.0,28.440101366490126
1448,1034.8219689341713,1869.7334723745093,646.0,27.580264076590538
1492,2447.69385912049,1961.2058243517308,676.0,27.10603551659733
907,2361.496975985401,1111.1645397025127,488.0,25.75250938721001
1980,797.5333236941011,2683.438730550176,1300.0,24.975004735402763
968,1942.9377108842261,1200.1736884897593,543.0,24.520941759459674
2036,698.9805456850281,2744.266141494801,983.0,24.17574199847877
1511,1368.026801246544,1977.7574518000065,454.0,23.28089835587889
1775,1656.7023962544781,2367.998403794537,784.0,22.84322245325893
1299,408.8212260470878,1696.2013999846179,384.0,22.451322535984218
1954,2183.0637705723598,2644.898494237714,687.0,22.248411775566638
69,1908.4076677680093,101.06966473956172,508.0,22.063054743688554
78,241.23420173101437,111.0338295444241,539.0,22.039372235536575
807,2761.3130086102938,985.6133210410957,537.0,20.81378840841353
431,197.43382227740972,529.8564152658238,693.0,20.7934193899855
1621,1346.1338215477438,2126.2792548723933,352.0,20.732966689392924
1064,208.35601684880223,1343.5675386017226,483.0,20.42693132534623
858,2725.402889013673,1054.497264923129,670.0,20.130841333419085
761,2011.1087939379038,944.1752952573573,388.0,20.108356503769755
395,1498.8378237307888,493.5151704214697,556.0,20.05009876564145
1823,2286.5867219276156,2434.6377941918736,497.0,19.98329086601734
1374,651.9666290490678,1787.965282624969,543.0,19.87177157495171
1583,123.78472568029903,2084.8042652918616,569.0,19.429518327116966
514,736.6949966418406,644.4591800571801,391.0,19.26812743023038
2199,280.7254452582153,2986.7523591572394,451.0,19.144196984358132
487,2952.0477223584926,605.2623166043176,533.0,19.061687951441854
94,2249.085475152381,131.57469705326068,426.0,19.007413756102324
1935,1943.5251838591146,2615.729850433088,397.0,18.625116414390504
184,151.32667534843412,236.1837660118577,507.0,18.498353225179017
603,537.4849095277139,768.422570981028,532.0,18.368656682781875
1591,2111.4442231997677,2088.5941582161745,748.0,18.186127580702305
706,1632.9932246705364,888.6610647940644,456.0,17.505106178112328
1289,1408.3046915632126,1683.8165129854547,509.0,17.064576876349747
2081,1839.1667182390383,2813.826577336084,404.0,16.258935323450714
1443,908.124897697874,1865.3129247524914,487.0,16.117143302224576
985,2680.9883501097734,1209.7880329042487,633.0,15.886930770240724
1423,499.87477978739383,1841.6500786174151,276.0,15.560959019698203
1482,397.9837131500922,1923.6305030040703,303.0,15.51270692795515
1812,2692.7893184618256,2419.0916061730063,424.0,15.389148310758173
1841,2465.064077191297,2465.9557786970736,503.0,15.373545427806675
1592,474.0023923914259,2090.881792751181,513.0,15.171669322997332
1454,2053.256145578742,1870.8853707094056,624.0,15.093035870231688
1111,1784.4292565420735,1421.4665352513018,381.0,15.04388798121363
1236,2574.4006993889293,1607.323429452336,475.0,14.76845685672015
1366,1136.8549694839294,1764.9553607331286,251.0,14.702273158356547
171,2522.588537992328,213.78822478055335,358.0,14.505540914367884
2127,694.9050561478044,2897.3006399860237,533.0,14.373052101582289
1033,1243.699953663263,1280.0202017902093,170.0,13.955719953402877
334,1942.793288586914,396.2869198320625,212.0,13.61338720843196
8,1373.4026778405655,11.061599493162317,282.0,13.46452226024121
2152,2412.176695523793,2930.538063222438,449.0,13.361816827207804
1278,1851.3798033375128,1665.9683592145743,420.0,12.805075652897358
436,40.55273742609618,540.0908301882668,510.0,12.667436376214027
1434,798.4285686084667,1853.3890917626165,285.0,12.642918600700796
190,2884.1298330095456,235.16648932323224,351.0,12.132376797031611
284,1306.5935008723,355.399953584793,325.0,11.977394974790514
1139,2752.2982784377937,1453.037565984745,172.0,11.793539050035179
51,2979.696046274625,55.607380942462285,269.0,11.472804316319525
839,2532.42012486088,1024.8951211385468,170.0,11.263765458017588
1220,2095.125104685249,1586.142854899769,373.0,11.113152443431318
1471,439.0310789492502,1900.9235423669363,342.0,11.03353704046458
692,2730.6548597281467,874.0823772703777,295.0,10.981701821088791
2125,2879.428465035273,2897.811987382456,468.0,10.663448571693152
1004,1561.255545831764,1230.602935286378,282.0,10.612999187782407
336,1469.1451629355408,405.1536293121067,308.0,10.485845816321671
1086,1562.9029221107357,1379.513772776473,173.0,10.430452993139625
207,1947.2639799450692,262.9864886762247,329.0,10.415771465748549
894,242.71139961427207,1094.8123773643802,277.0,10.247855085879564
1022,486.90170750015716,1268.4390211786426,300.0,10.22192794084549
1122,1004.9376271988629,1439.3591417769626,295.0,9.98373042512685
1046,2270.6539909037992,1301.1528448399372,216.0,9.90659093670547
131,1958.3097112407254,170.26127182707467,241.0,9.55674796551466
1080,2345.2407463489626,1374.2265473453028,259.0,9.367707768455148
337,1919.9792178450148,404.2967768508157,159.0,9.125656311400235
1013,719.8756215360379,1242.8952032406835,294.0,9.029100042767823
1739,361.86254652303353,2308.1173083231765,402.0,8.814873829483986
461,2700.060991380639,577.226634890855,391.0,8.758201475720853
287,2867.424664233875,354.2516607125799,249.0,8.68016123212874
1909,1457.9148950246783,2584.6214162175515,243.0,8.630894822068512
1984,1017.469688996126,2674.096857716455,240.0,8.623024774715304
890,1188.0108412471056,1106.5957508459321,391.0,8.539818759076297
1463,477.8259193042679,1875.2968339412441,175.0,8.420166227966547
1379,334.61989672731477,1788.3646029303125,324.0,8.223324289545417
1235,1913.6173234112216,1602.9566799599738,175.0,8.200301903299987
97,2682.0836849744196,135.79499070600744,310.0,8.17962288716808
262,2352.7878903173378,329.4419842184209,530.0,8.157264559529722
1089,655.1276314792987,1381.4716775644754,304.0,8.125893424265087
1651,870.0311371091275,2176.3582544937644,80.0,7.916101557202637
826,1192.5441068011805,1008.676950317508,271.0,7.862753696739674
400,546.285841401738,486.16259202756726,154.0,7.793528978712857
1644,1731.1679575631556,2182.213386422139,298.0,7.7141071651130915
1743,884.2938534465673,2308.8208517906683,328.0,7.603385861031711
898,183.23561696936346,1099.6227290866918,231.0,7.512863392010331
1557,915.7726499700664,2039.6773334218542,376.0,7.50753831397742
1091,1855.728714838487,1395.3584092605845,406.0,7.47336055431515
1993,1596.4992328254648,2680.64798106404,224.0,7.468376972712576
113,487.8860043258729,140.91958644067537,240.0,7.463169287890196
1779,2447.207967738482,2361.728775194755,239.0,7.392699938267469
1194,2262.656367826963,1544.260936741567,246.0,7.3872684286907315
1063,1408.2090911822913,1329.8109971715292,228.0,7.353691766038537
809,1135.4183817964008,976.4551368140893,149.0,7.2876359783113
222,249.89872631989138,284.25768555303387,353.0,7.256191690452397
1025,2760.378299610668,1275.7266506160277,194.0,7.17949434928596
1117,1192.6753416215176,1431.5830296360243,152.0,6.975387807935476
1470,1221.298737985261,1896.3558130609642,231.0,6.91479704156518
1302,681.6149914693128,1695.3001685035674,267.0,6.856963517144322
1971,1378.9834225669506,2660.2228396893097,141.0,6.790781217161566
1814,856.1834242533702,2419.325016286661,240.0,6.76865210197866
159,605.6168198593813,197.45310780182635,216.0,6.7189426785334945
995,2302.5783085452967,1220.1104596605517,295.0,6.715367134660482
1537,209.91063356151588,2009.712543602433,287.0,6.659422519151121
370,1276.7909302575056,444.3558346897536,149.0,6.570861898362637
1107,158.43243343436612,1419.2069964304646,260.0,6.501475866883993
1859,2883.8524074869542,2501.7123997195285,271.0,6.496585869695991
1857,2527.8064905025103,2496.346867010169,175.0,6.467159312218428
338,1626.559759116512,405.997790160701,261.0,6.461233631707728
1706,1986.8944123825413,2265.9826798705794,153.0,6.4262221762910485
1035,2327.3471287560587,1292.8103151908513,227.0,6.401764489710331
1925,2483.384871277592,2597.485244453499,243.0,6.3066513277590275
1340,1489.7386878912,1732.3457336731672,113.0,6.185543057508767
560,1253.0697595848962,703.5516886373439,131.0,6.134945965372026
1006,1911.3182362022949,1239.6093918599427,270.0,6.058387680910528
1966,2799.1534555781227,2653.8191531459347,179.0,5.900917485356331
2045,2072.145169640608,2749.166946278262,154.0,5.85201549064368
1043,1944.6877657273897,1300.9564792137255,143.0,5.678388889878988
1100,484.83876254768523,1407.2939944569084,219.0,5.664813795126975
1750,559.2061243722497,2317.6954557073595,219.0,5.661477752495557
1803,1342.7805514289735,2404.3332746281762,204.0,5.584705309011042
1765,955.3298361099318,2347.849476398265,232.0,5.519444316625595
1426,2841.0042172917106,1838.4273130277322,196.0,5.429640715941787
1989,2719.7725646856807,2672.8156509991577,72.0,5.402643378823996
1065,1490.0091386080908,1334.7508620162948,197.0,5.3671305272728205
2059,418.44927935187616,2775.1704092872865,307.0,5.365857059136033
1142,578.4131659795851,1454.3308730621177,112.0,5.359202869236469
1216,1648.8169446784011,1578.3499570673775,137.0,5.301310722716153
445,1952.0242896237155,542.9487341810906,121.0,5.298588737845421
978,279.48667213095564,1193.1539574932638,229.0,5.231492668390274
1079,2423.737269045389,1368.9476974877202,147.0,5.158548348583281
440,907.9290068578522,539.3505825583877,214.0,5.153431919403374
1564,1503.968771008971,2039.6568836468598,168.0,5.125934270210564
1003,1463.9574965228671,1226.4433008610922,128.0,5.119251241907477
120,2595.5168113390237,143.78816717992183,216.0,4.991916246712208
2071,604.8494427317486,2785.884358835016,202.0,4.945010159164667
2076,2186.4849173115376,2800.1878904059827,279.0,4.943203888833523
1662,1059.1313275224622,2208.0628083219335,275.0,4.930436993017793
1745,2326.66177238641,2312.677639382234,297.0,4.891070730052888
229,1570.3955168348343,283.1467856575518,101.0,4.866686404682696
437,2453.40945763953,539.4388184313734,142.0,4.85540017997846
1755,946.7300221799214,2330.523714466106,235.0,4.817215682473034
2054,172.18293665694986,2766.1569849311236,208.0,4.775848412420601
1014,802.0888756120085,1243.3192736318674,322.0,4.675508546642959
84,933.1195328813715,118.81739548074113,227.0,4.67214868683368
1611,50.945081604417574,2107.99211618096,290.0,4.645051969680935
2006,282.72189082180745,2708.2518262551093,250.0,4.638248762581497
707,805.4105935375999,877.8453944064566,145.0,4.625096294097602
1728,417.5313644128328,2292.161701454015,251.0,4.59276873851195
1869,2041.180830197787,2511.839132231853,147.0,4.589759086258709
1424,2669.730756023819,1833.5614531534202,101.0,4.516712727025151
1051,1862.8761763315608,1311.3679597489188,118.0,4.44090636074543
1250,2971.2500507418326,1626.1975308391018,203.0,4.429023145698011
789,369.5922267900181,969.0164499849216,299.0,4.406916195526719
446,97.36497333442655,548.9712388866762,181.0,4.3399641662836075
573,2939.7658217738135,720.0909435712673,202.0,4.336609850171953
381,2078.8667164589024,464.57054178539505,174.0,4.326747736893594
7,2463.2919765427405,4.896285434717943,137.0,4.293928185477853
784,2168.487167708487,957.7913556026598,171.0,4.19662922155112
1759,808.8436968786831,2329.517320883468,217.0,4.1838422869332135
302,654.2556612920147,370.62607523930666,182.0,4.17595564480871
2063,1734.3001833121136,2782.394052168877,303.0,4.145472151227295
1173,1753.3421853814896,1499.7521753644096,175.0,4.142158203758299
41,519.8676149792531,45.163377900191726,173.0,4.104592453688383
2163,1141.192657411927,2934.282595341735,128.0,4.07720344606787
2193,2870.1604581668385,2970.253220134004,147.0,4.061164093203843
1590,1852.5747261821002,2080.1049557508068,142.0,4.0088693499565125
825,252.52053141336026,1005.0300104915065,215.0,4.0041528809815645
1501,1758.4062966671631,1953.4657382905496,141.0,3.9834290454164147
1310,527.7930777466433,1704.7131430647162,195.0,3.967385827563703
144,957.5875572506926,176.89643303641864,135.0,3.9539655297994614
534,26.536379693079464,666.0056386862215,216.0,3.940653015859425
52,2540.9505158181773,61.94508471941539,233.0,3.8296644277870655
537,1544.3704452145735,665.41884126034,170.0,3.799795917235315
322,955.1255070563249,387.86746429795113,147.0,3.7513999296352267
1008,1132.6662619528129,1236.776574938947,108.0,3.750226547010243
1178,1143.7249596781112,1502.761629133167,108.0,3.7393552251160145
1271,1610.558175245258,1651.218728216259,129.0,3.7338357688859105
1067,1280.5755363148294,1330.8119442073903,86.0,3.7328093219548464
106,1038.075839175238,131.72696885695748,114.0,3.721813937649131
855,1075.7725508488395,1039.5416611664423,114.0,3.7104071527719498
1218,2789.8957091576394,1579.3139899835483,93.0,3.6539895767346025
795,2123.584709174642,966.1073515499722,104.0,3.6412862334400415
909,563.3751293725394,1110.5065161198215,168.0,3.6341212997213006
670,1301.7363467377088,839.5060367458186,91.0,3.5815670313313603
1538,905.5271371010585,2002.8654335119397,132.0,3.5706715509295464
1386,467.93096860604425,1798.0942896806507,144.0,3.5642858631908894
237,2213.3083854846836,298.8565712948501,171.0,3.5473677860572934
1339,845.5791939484826,1731.3693078880913,130.0,3.5412904787808657
949,883.7013373015899,1159.4404104519979,124.0,3.5348034342750907
914,289.2553798701708,1117.179498392228,126.0,3.478907478041947
786,2081.2510489362116,954.0554787659129,123.0,3.476480114273727
2017,899.5398303948251,2715.0413220095024,228.0,3.467321160249412
1103,925.4546144525533,1406.1884247443052,101.0,3.4661133540794253
1073,587.6035769654209,1354.0979951076238,153.0,3.416020393371582
1628,1014.531566795636,2135.934607314868,110.0,3.3848359817638993
505,1720.9767623309597,623.715242489898,101.0,3.37104132771492
83,2800.363530773645,116.14821208606426,129.0,3.368181614205241
608,1821.9978475786256,769.4341627843531,138.0,3.366563541814685
1500,2029.1817259974682,1949.068984527076,109.0,3.3486987724900246
643,883.9848433256213,802.2017299615592,99.0,3.2610335322096944
512,2347.409749219053,632.1439614804033,136.0,3.2307498631998897
183,2979.075957607223,232.52746901910862,194.0,3.228149196598679
129,34.62352340716937,158.51024660385113,152.0,3.227296500466764
1215,292.10144310910795,1575.8899879024348,90.0,3.2187697077170014
1747,1258.2530923295467,2309.229452375551,104.0,3.2150301560759544
2004,69.02845924020993,2701.6579890893026,173.0,3.205852590035647
2159,2504.6132366190495,2936.271800762991,122.0,3.2017776099964976
466,1000.2160590819925,574.8706922002484,99.0,3.2004305804148316
1648,797.8455974441358,2173.8595796257073,113.0,3.1835434027016163
1132,15.846756973073171,1443.8515035024193,73.0,3.161292489618063
974,2836.4841886870095,1184.1136588170025,85.0,3.1549926549196243
121,333.7208210188014,144.62510322733607,139.0,3.1140667339786887
1169,358.9058622823297,1489.291959958469,102.0,3.0921445824205875
453,644.209288759063,558.0672354190544,81.0,3.0826975842937827
1087,2758.9862398689315,1377.590836319142,149.0,3.03052815888077
182,221.41188763860643,224.2003855359241,142.0,3.000581837259233
1830,1253.9802200098327,2445.4913778254263,135.0,2.9795416314154863
1056,2680.5576420403168,1322.5812857775727,163.0,2.952923503704369
1969,2924.026495154283,2656.820590474719,141.0,2.9332179743796587
984,481.62409874897014,1196.4336706425086,90.0,2.9163426319137216
138,1734.5057348737055,168.29717371212828,116.0,2.899724838323891
2085,2242.0968330210367,2817.873481684126,137.0,2.8896173667162657
1227,2450.068119583366,1597.5864848526032,143.0,2.852383374236524
2130,511.2937177969518,2905.3255005746723,205.0,2.7925224052742124
1804,1291.432204593523,2400.987918176874,66.0,2.789107972756028
156,2009.258815918004,190.82248893164075,98.0,2.7528250347822905
522,1100.078205776351,640.6174039375509,78.0,2.7347677890211344
1414,2979.026614731043,1825.3535359948503,101.0,2.7164936354383826
2122,2225.4034705544323,2882.4503604737183,96.0,2.667321084998548
1460,117.53157014814597,1873.9274201909702,180.0,2.6536059034988284
1352,2859.877319277318,1748.8830161475125,147.0,2.646941678598523
1681,348.8287492862845,2232.0811704292705,134.0,2.6460415022447705
2110,2198.163073825551,2865.27289092737,120.0,2.6429860424250364
1646,1678.1662623631248,2173.5782584649423,85.0,2.604741068556905
905,2122.914909821798,1100.5301886470772,76.0,2.5740922540426254
2022,2051.8934110003624,2718.9889963495175,86.0,2.5690876124426723
564,945.8209091669817,709.5305129721443,123.0,2.5656038830056787
1574,1906.6058346229863,2050.477716866686,81.0,2.561300305649638
760,523.9859597994274,935.7303276062629,123.0,2.5436658393591642
1295,2779.2501522447437,1684.6665226438938,112.0,2.5233320593833923
1010,505.00568165876626,1233.7683991479857,71.0,2.5165868615731597
913,2572.361585673027,1114.8143566713488,151.0,2.513522643595934
1748,1003.6277596484546,2312.3836209659316,60.0,2.510320254601538
993,1042.2930305449408,1213.3692456899275,87.0,2.4972923696041107
408,15.93622815316388,493.5629224819619,77.0,2.489506592042744
1907,1384.0603815610193,2573.241443877016,189.0,2.4784896397031844
1363,1398.0060075135088,1756.0883373526826,112.0,2.4775704415515065
165,1900.4132983492893,196.4041571256324,93.0,2.4718227656558156
1888,571.6692307007097,2532.020803406962,110.0,2.430680417921394
1341,2292.5322300245925,1732.1182134100395,127.0,2.4285027850419283
2137,2328.618500711946,2907.0149165932125,83.0,2.4238382494077086
1693,1832.1941124255125,2248.2489199494225,126.0,2.397095018066466
1656,2604.54244656401,2181.6458420310605,82.0,2.3871466740965843
896,1886.5959167848055,1098.0133558700807,112.0,2.38314578961581
46,1950.4266035895573,44.44016893274187,121.0,2.3828230975195765
1899,1681.5615780349601,2547.0276085069504,145.0,2.375833430327475
2082,545.385241966345,2805.919421925855,162.0,2.3653032621368766
1283,305.27655356889437,1669.9239560385563,89.0,2.364837968721986
1955,2658.3725679280833,2631.51349190429,96.0,2.3547534570097923
1346,1441.030626002799,1737.0689066013797,107.0,2.338795659132302
37,2930.6607726250827,32.475775410344205,121.0,2.3339385292492807
1677,1633.957245306816,2212.018381112237,83.0,2.319583309814334
223,742.7227535915813,277.1915603388847,111.0,2.3176473760977387
91,1943.2701580087473,118.23799442393398,83.0,2.302870901301503
738,577.6638400934262,918.5460390237524,105.0,2.2976645482704043
100,2274.7763538129648,131.3066801599038,113.0,2.2947427285835147
1904,294.33542783499786,2561.583016049395,108.0,2.2720327232964337
167,1072.2606810006512,199.88846436758323,112.0,2.271071333438158
1580,1405.864812866985,2062.5941312174677,67.0,2.2705282531678677
1509,869.2580472998874,1960.6719741600498,64.0,2.2578831911087036
2203,2308.6391920932692,2983.61925978092,69.0,2.252023572102189
1808,1230.8435987111855,2411.090994965487,63.0,2.233773329295218
1327,1245.2313291730015,1717.7039577372366,81.0,2.2319111879915
650,179.1117776728102,814.3184213263694,129.0,2.2286481969058514
1438,646.7644747378121,1857.058722529732,100.0,2.2061398569494486
1171,1274.1852525206605,1493.93255448558,91.0,2.194845400750637
2161,1691.946693159532,2934.5910472601067,144.0,2.193682834506035
1106,1866.4732510663719,1417.383106198749,102.0,2.1880365079268813
164,2879.320661070278,192.0068654276254,93.0,2.1868392690084875
740,2827.4940814862925,915.1926075774513,119.0,2.1635522954165936
964,1911.1764658012994,1174.6565767852333,60.0,2.158657044172287
168,2360.3407409938627,206.28858931425913,163.0,2.1559849861077964
593,702.5719374477084,753.7922368064154,95.0,2.1444901190698147
398,2730.540642095723,482.62518842464954,84.0,2.130212823394686
1074,2697.790460377157,1355.432949680415,66.0,2.129938472993672
1085,2098.802674537057,1373.273396533876,78.0,2.125791053287685
545,550.7300264860904,676.4380734830079,73.0,2.11343642976135
1317,2028.881093063344,1710.9871354481556,128.0,2.1073690010234714
640,1454.6987411962955,799.6902170462138,92.0,2.0902471179142594
1562,1338.9960627136943,2033.6673492955783,90.0,2.0872893631458282
1016,2786.824888869933,1243.6462291670964,67.0,2.077523765154183
206,1346.3082719410131,256.97097443497194,73.0,2.070966930128634
987,1975.1903977099187,1204.7649216129867,105.0,2.0681133028119802
122,1104.1652983006966,148.05425997442546,111.0,2.0484250923618674
2035,397.1122222552313,2731.978825651106,92.0,2.044473526533693
1281,2324.911529452143,1667.7675687166238,81.0,2.0348596833646297
1244,440.17337334351356,1616.8958572043475,108.0,2.030634398572147
309,1109.660680720788,371.5290988032905,106.0,2.0295943841338158
1279,2635.4126451719003,1658.0443650526834,56.0,2.021281379275024
57,1549.4382101943486,67.12415610354073,65.0,2.004719430580735
1020,2412.8576319912286,1257.4652749585478,103.0,2.002674838528037
1347,1358.7290422878796,1735.8861764787728,69.0,2.0006800228729844
498,624.5132599904105,612.4016486324525,107.0,1.9943316001445055
2168,1773.432127580281,2940.577834122683,119.0,1.9698420660570264
1200,2589.548924548289,1552.7003240874901,75.0,1.9698298871517181
1703,2777.337389863714,2259.416860396653,82.0,1.9582889704033732
1827,1481.398549926645,2437.9662635295163,86.0,1.9543629949912429
2117,2405.015035898719,2873.8158153940926,120.0,1.9496980449184775
1060,2831.8834923556224,1320.994612580071,69.0,1.944671580567956
1786,804.4214034715625,2370.8128630548345,100.0,1.933508331887424
732,172.9842600195606,903.0217556097222,73.0,1.9178582755848765
1876,2620.927612720093,2514.4752107657414,69.0,1.9105979083105922
136,1840.657802555487,164.13711284205246,49.0,1.899654475506395
376,1226.3981759431683,448.26300692315726,63.0,1.8972004987299442
290,1404.1458769647008,355.07085837459783,102.0,1.895096923224628
1599,2389.162024281674,2085.6786393719444,49.0,1.8766203187406063
1398,2084.425987163868,1809.5399361848747,110.0,1.8592019639909267
1211,1381.9706228626999,1568.6874881790357,76.0,1.85282227024436
2170,1819.6568376424839,2945.47246564322,159.0,1.8475831006653607
1837,340.6216330396103,2457.609270754137,117.0,1.8433036678470671
936,2674.0442194272896,1133.6089900865727,115.0,1.8345424197614193
110,363.380399727517,135.66624030035496,100.0,1.8248345786705613
773,375.6339861899845,940.551454301289,61.0,1.8119134875014424
802,1737.8312406858192,966.6769592765925,73.0,1.7937135808169842
1270,303.56876851397374,1648.9671069198878,50.0,1.792122227139771
871,2092.448772584749,1064.7090941130937,75.0,1.7891293205320835
739,1188.2172525493088,912.6942676798986,41.0,1.7874291772022843
1927,2171.8234378407765,2599.0224884023155,86.0,1.7781937578693032
576,2128.8606692149574,719.4362128572633,56.0,1.7773215221241117
1920,2356.8004648305237,2590.6120909550905,46.0,1.7658639922738075
1407,419.8703103975843,1813.2601920502557,59.0,1.7658621622249484
1544,2948.0919827033713,2012.1384830060335,106.0,1.7657445035874844
268,482.62706555478,330.03552487326374,51.0,1.7634897967800498
382,918.6795223859822,460.19792508798673,63.0,1.7620620736852288
489,130.27110856954326,600.520076971737,46.0,1.7578956363722682
813,2738.4375273478786,984.8620708445978,108.0,1.7535444283857942
147,616.4882606471674,183.7573611115454,110.0,1.752539325505495
1546,867.2775413238784,2014.0331030889718,76.0,1.751010081730783
1791,2130.999468781222,2377.7115375887643,59.0,1.7355490839108825
1800,2527.047633759079,2395.083919282178,62.0,1.7343924399465322
269,851.4882652494454,336.4366765296866,123.0,1.734304891899228
540,415.01166788726374,669.1769599605366,75.0,1.713886359706521
257,2435.203553943377,320.6795861555783,100.0,1.6802397416904569
2046,608.5526295616198,2752.6918159806323,90.0,1.6794640328735113
1315,320.6801954360676,1704.8787271471258,72.0,1.675832419656217
1201,2640.156964692359,1556.3386218230983,88.0,1.6354184029623866
1870,2985.0294060362144,2505.321221446107,91.0,1.6338873384520411
2066,578.8715415930264,2781.2669127610484,92.0,1.6297357836738229
518,2417.7289042232605,639.3811427443106,74.0,1.6256095571443439
112,833.849507303145,138.0002847023418,64.0,1.6222936613485217
766,739.2877146214578,938.1032859353164,66.0,1.6174184307456017
601,2291.9244786854147,757.2965155165284,72.0,1.6173549098894
963,375.60941974578066,1173.510742302468,65.0,1.5990677401423454
1156,1618.6779222868452,1476.3895156352112,67.0,1.5966999465599656
1118,2295.218101478091,1429.4759900032068,103.0,1.5960290431976318
1545,745.7963790796684,2014.3781570075344,67.0,1.5870189238339663
957,519.6083674760547,1169.20663797522,81.0,1.5853323312476277
1892,1746.0904691913531,2535.698218971911,76.0,1.570338780991733
506,1309.7603808410036,627.7336339795362,63.0,1.5700680939480662
1890,1222.1088677766243,2534.1869552694857,67.0,1.5697366115637124
317,2072.7277481356564,377.6333606064237,67.0,1.558463036082685
850,922.3687976643172,1036.5344374886947,86.0,1.5536905406042933
3,655.0290254885698,2.095434301341133,62.0,1.5536123281344771
870,1408.1616787809262,1064.2677314746006,74.0,1.5459580067545176
1637,16.774908517649838,2156.61471972296,72.0,1.5293798530474305
178,1038.2552828233356,215.97701758563747,97.0,1.5253150779753923
67,2264.214204375981,83.10198923475076,86.0,1.5232400884851813
349,722.6784188046279,417.34715220491876,56.0,1.5200015334412456
259,2921.632301435999,320.71631726664333,119.0,1.518316158093512
1308,1376.8907681811072,1695.3290043579611,58.0,1.508993685245514
856,1672.3847211143905,1037.95395649779,71.0,1.5038829380646348
1260,2815.615427734565,1636.4065481386463,72.0,1.5037550078704953
827,1025.5249364699453,1004.0362614814974,52.0,1.5018399180844426
1109,709.8893413053271,1416.1477271711724,78.0,1.4882479356601834
358,1265.1332600027715,425.67819193318473,66.0,1.4879566514864564
1320,744.1247604941055,1705.9735273103975,61.0,1.4832181595265865
231,2569.156080097075,284.92459374695983,79.0,1.4820014047436416
1842,732.2469567551938,2472.907241103026,149.0,1.468572084326297
1806,2446.7878853550374,2406.0976089169512,67.0,1.4668628508225083
2052,2385.161268795984,2759.6869895477184,50.0,1.4663040060549974
2,615.6102504958131,4.775204229918191,55.0,1.4592929501086473
249,162.23172834102343,305.4446519294931,64.0,1.4589786771684885
297,2771.7506139276343,355.711446805897,66.0,1.4579595704562962
1790,1490.8358932906833,2376.3305438073853,67.0,1.4491599472239614
2013,2381.8165442489076,2708.9964038501093,58.0,1.4372344752773643
179,884.0199670722657,213.57260457698766,88.0,1.432308066636324
1733,2141.2814800225165,2295.3977469633974,109.0,1.4215370183810592
2047,234.60689102404982,2752.122827306322,72.0,1.3993534790351987
579,2321.3793906359747,724.1983747473536,49.0,1.392792146652937
554,40.69507872694848,698.1742216305483,86.0,1.3888426925987005
221,556.4767698459802,272.7358307878684,64.0,1.388732509687543
1493,139.05578110973568,1937.9689323659013,91.0,1.3880497943609953
1170,1662.8165626333166,1493.8268566308955,108.0,1.3858328349888325
240,2827.7142771894537,297.6365792034258,112.0,1.3830275889486074
578,748.1763120834989,726.2532549614015,77.0,1.3804781259968877
1940,2902.5417489257625,2609.2181081752974,60.0,1.3739656847901642
1947,1704.9228253072808,2616.966225442845,80.0,1.368555643595755
759,2611.722121353898,934.6310069855934,85.0,1.368489246815443
1422,298.9483970947695,1837.4819169242962,83.0,1.3617773684673011
2108,2900.28505428321,2864.3518313985564,65.0,1.350665193516761
582,888.5606783095445,733.3660993950346,49.0,1.3484905287623405
379,1290.5360589457014,453.79652141972764,61.0,1.3470400981605053
1707,1395.1450738862145,2263.703861808732,61.0,1.3453859398141503
1504,272.0909397350291,1954.7092570407412,81.0,1.3368680328130722
234,1970.2541472876644,289.7934577372813,73.0,1.3327815746888518
1092,1970.8361458764766,1385.4896123037843,55.0,1.331919034011662
845,2882.419227386382,1026.1087297904944,68.0,1.3306082915514708
971,817.0517294650165,1190.021484449355,90.0,1.3239437146112323
1716,2344.6868543179094,2273.571762431235,57.0,1.3152146432548761
95,974.8486149236741,124.2542728326454,59.0,1.3061486799269915
2143,1241.931042769332,2915.7775658005485,58.0,1.296056509949267
224,2254.598696397526,275.13046362497556,56.0,1.2953190002590418
9,845.2128934551379,11.706421331808055,78.0,1.2880324218422174
1577,2783.1331023594385,2053.419360086574,71.0,1.2858053473755717
204,1822.9016455106976,255.72550754787287,75.0,1.2685188669711351
970,1763.906656357003,1176.1012891467246,39.0,1.2662883112207055
200,1965.8518018520851,245.83665282077126,64.0,1.2641486693173647
2011,1485.1728936334287,2709.6346828126175,110.0,1.2470323159359396
472,528.2327144096848,582.5287356029569,78.0,1.2445695353671908
629,2662.4685406966046,789.2266548034157,83.0,1.2368468418717384
469,1478.962139133089,572.9708981209833,60.0,1.228827130049467
230,2208.190295260256,283.6504014795237,61.0,1.2256228206679225
2111,498.8835705877027,2866.04800332385,78.0,1.2048898846842349
1356,2192.354585678199,1752.9862695775323,83.0,1.192057030275464
1160,971.5119313711109,1479.780157094398,61.0,1.1906342105939984
1516,1846.3046132681118,1974.109191585104,85.0,1.188910435885191
1115,694.5244023085629,1422.4428163365453,79.0,1.1871235016733408
1673,2393.0570005927584,2208.3111742174688,45.0,1.1668150257319212
420,520.3040908058598,513.6553811462958,46.0,1.1637085424736142
1184,589.1348609798437,1514.9039069822554,79.0,1.1634511072188616
55,1966.3735798418713,62.20030206016662,62.0,1.161935729905963
1144,1646.3219074171714,1454.970489016643,76.0,1.1573168504983187
2061,2423.841726129146,2773.079619780411,66.0,1.1569968406111002
2090,2023.6554128277658,2815.72423467021,49.0,1.156487644650042
1919,1392.8415222757571,2592.5522741987506,103.0,1.152493461035192
2187,503.65485414328157,2960.239038667147,112.0,1.1519696852192283
1539,271.73338947133817,2000.263579773187,60.0,1.1496049016714096
161,1327.5734377477834,190.86244121588132,50.0,1.1414920687675476
899,2045.9244851850635,1093.4574577279748,56.0,1.1413344498723745
459,81.02371614393846,560.2252918663663,73.0,1.1395514300093055
2002,1377.1626891445926,2689.820408021631,63.0,1.1373663577251136
1275,194.27421322443098,1655.8933519291588,81.0,1.1325895572081208
442,1568.059243118138,536.0920655781468,29.0,1.1295001162216067
2131,2088.1058712631802,2895.2012431105313,58.0,1.1274122027680278
425,2990.592406091933,519.2233612796497,88.0,1.1270897877402604
1292,2008.0618112685077,1675.6051708387558,51.0,1.1267543006688356
1676,844.0400228001996,2214.295545731491,66.0,1.1241961726918817
986,2016.8924596460383,1195.8441127660747,46.0,1.120100918225944
684,2532.11422157461,857.6720131233349,67.0,1.1196313761174679
547,2895.1015047308006,678.1611042517478,75.0,1.1157270134426653
1040,760.2278900292476,1295.5195058330178,62.0,1.113988765515387
1135,0.777003576318719,1444.2205118138927,15.0,1.1078459322452545
1916,1861.4731842576173,2588.113535685141,65.0,1.106257677078247
1573,766.5274690380176,2048.9342385446266,43.0,1.0907669886946678
975,306.1294976157641,1183.4764099972203,50.0,1.085638491436839
1210,2967.879374533782,1563.526608690762,48.0,1.082292447797954
1138,1387.1689775191949,1448.7062983329442,47.0,1.0817210096865892
758,1740.7055639812088,932.1744723896188,32.0,1.0800238391384482
1062,532.5046462889887,1326.6127098949285,67.0,1.0776192219927907
2174,410.82748856428316,2949.5570616115483,91.0,1.076800489332527
79,1074.8177179439454,104.20458976313884,55.0,1.075486627407372
1247,938.0179088617889,1617.2761922965858,50.0,1.074174758978188
648,970.960691490748,807.903991450385,49.0,1.0706478338688612
867,82.62380689205656,1054.51576014723,68.0,1.0693183988332748
551,1575.4024313629604,683.3534053975077,23.0,1.0681334091350436
2189,308.5879955741809,2958.763956391367,72.0,1.0679242918267846
688,1654.2389582144153,861.6961825840059,60.0,1.066603846848011
501,1407.0329274791998,616.755757702273,43.0,1.0661587035283446
880,1846.4948208741966,1067.6857069381679,42.0,1.0639708144590259
544,1806.2223070473963,675.7128745302339,41.0,1.0624125013127923
561,2587.4750180607402,704.968453499874,98.0,1.0603292942978442
1622,1594.7625634540473,2121.8143395559714,49.0,1.056991589255631
1991,2187.005300898011,2673.964584286563,65.0,1.0519576082006097
1335,2277.8158198506576,1724.4720228778042,55.0,1.051403551362455
1028,1266.514801109967,1273.2855269303436,53.0,1.0495987525209785
1012,155.22428093367066,1234.7350160943668,72.0,1.0486008180305362
56,2945.001186556454,68.94083746716814,96.0,1.0483571705408394
517,256.39175907145653,639.4058175755714,67.0,1.0448051020503044
2030,2437.9813348109196,2725.94009789503,53.0,1.0395948458462954
2197,2895.9884979976496,2975.4212352735417,61.0,1.0384343368932605
285,2990.245061355299,347.3839197455351,58.0,1.0338523066602647
402,2132.4013649008175,484.4359498672434,54.0,1.0301973139867187
2070,2075.976516425989,2779.6694662512728,39.0,1.0278381193056703
1174,2300.962817882767,1494.4552719180647,55.0,1.0245502144098282
1483,1831.7945723225566,1916.0919979299003,43.0,1.0238278871402144
193,1003.6030679174621,229.00908072782323,56.0,1.0229451842606068
244,2173.0293202043363,299.93455295267523,56.0,1.0206770058721304
1168,2596.673418000329,1489.169847013109,68.0,1.0171058224514127
502,141.933573769025,619.7370375873124,71.0,0.9970758147537708
1917,2711.466467778542,2589.1371597389884,69.0,0.9955260558053851
1305,2853.9340296548808,1693.5729572402727,45.0,0.9930833503603935
1286,722.2265244305372,1671.357421861856,64.0,0.9910003682598472
1300,2967.2945248116725,1683.6027801423502,38.0,0.989602510817349
339,1335.070217473479,406.61214533098223,57.0,0.98614442627877
1494,1608.8155374678588,1934.9716322159045,48.0,0.9844617443159223
1404,1954.4055163026192,1815.9859290363443,65.0,0.9841323839500546
776,2199.207598881593,945.4965215684412,43.0,0.9834239669144154
93,2313.4385056912683,119.28854474926123,36.0,0.9824563218280673
655,1987.5692600887273,821.7404753208003,66.0,0.9814709536731243
265,2598.0506312688385,326.9712417966532,70.0,0.978187742177397
959,1303.1283578925188,1170.33760938146,38.0,0.9779720772057772
757,958.2132039990221,932.3772726823477,28.0,0.9736784836277366
912,808.4187300907982,1108.5734302862827,63.0,0.9647761359810829
25,852.0727410554573,23.158719550368062,63.0,0.9606423648074269
956,2114.8125119534884,1163.4512985086342,26.0,0.9597662864252925
2151,661.4633776719122,2922.1904344339473,74.0,0.949864752124995
1441,2870.543606715454,1855.0429835140537,66.0,0.9417134029790759
999,2.416487871893614,1220.5972218758488,65.0,0.9411108298227191
132,762.912599295869,155.40246831421356,49.0,0.9370729429647326
2068,946.6600060933971,2782.6494258886523,74.0,0.9351012464612722
454,2350.0456802049093,554.8647464670004,47.0,0.9347987305372953
651,2101.930445776044,810.2354621113675,48.0,0.9309409502893686
208,372.3301577958205,262.1417150721494,51.0,0.9287703968584538
1528,1621.4213756753286,1984.2409785118864,44.0,0.9284420041367412
2192,2467.5177373740644,2961.9599093863467,35.0,0.9284269316121936
1931,2428.43427611445,2599.6811892930273,50.0,0.92501868493855
305,494.54446266691605,369.7505885431712,60.0,0.9244913915172219
21,706.601458745467,16.44225585564853,64.0,0.9193913508206606
790,1809.6153822776723,959.06529160834,43.0,0.9178612604737282
546,1385.103695415721,671.9453747095253,46.0,0.9072656221687794
385,823.5588938064627,470.0820384468465,43.0,0.9043529778718948
1203,364.35907221752126,1558.9500595916588,44.0,0.9030107986181974
1395,2748.754568011649,1803.9927789175006,59.0,0.9025140050798655
1663,923.0227693116727,2197.496281495788,51.0,0.8993941098451614
1182,508.455924316795,1509.2892136262944,53.0,0.889492149464786
637,238.0148937649049,792.5556277063353,44.0,0.8889097161591053
384,1079.2914558922328,461.26437386692703,41.0,0.8867759015411139
1600,2514.9976775213263,2086.65105161532,48.0,0.8848752472549677
1121,444.78610466812614,1433.7223252127242,58.0,0.8828898184001446
399,1237.6480013564928,482.6992461774399,41.0,0.8793160291388631
219,2592.206272145365,270.8123360630398,88.0,0.8789903242141008
1910,1325.87716195934,2573.5308543953442,48.0,0.8787756990641356
367,345.4127932101488,439.8264814577082,52.0,0.874702182598412
1605,560.1075541756281,2094.6862422748995,53.0,0.8697006674483418
1053,569.7877381394744,1311.4406293176667,55.0,0.8673368319869041
2156,2308.407326399759,2922.0347073248577,41.0,0.8665510909631848
1576,1419.4874725915429,2051.0318933374274,42.0,0.8659782707691193
1886,420.06468639331564,2529.414053473817,54.0,0.86447001574561
2053,448.6088858186665,2761.502012305307,56.0,0.8630473376251757
1815,1370.6254494673317,2416.7554071755717,48.0,0.8621239420026541
1088,533.247029939159,1375.8225576433024,33.0,0.8597855027765036
1835,710.1717593085162,2457.8149299835845,93.0,0.8536168020218611
500,523.6745461637277,618.566725397361,44.0,0.8534258175641298
1756,56.395431783261266,2328.5438415494286,85.0,0.8514695223420858
1382,2969.6669716458846,1787.3951589643702,41.0,0.8507117200642824
2128,524.7583072711756,2888.603630337516,42.0,0.8480935720726848
1027,2540.5687342225992,1269.0136368257915,40.0,0.8444489631801844
1036,63.55931323500395,1286.4504414884364,34.0,0.8419517930597067
355,344.86995648081927,423.8031690560484,47.0,0.8362394105643034
154,2971.0364652977837,184.68044791475774,48.0,0.8353876629844308
1698,1669.8488142287918,2252.014726582371,55.0,0.8352485941722989
48,1410.3516271248266,46.57239230827339,40.0,0.8273128839209676
2075,2930.1701026236365,2791.9933758015986,56.0,0.8240578696131706
762,2157.316577342862,934.1015941879674,37.0,0.8230421198531985
656,64.47852123825551,818.3043659533464,39.0,0.8215368902310729
1999,548.336835383326,2685.5018281944426,56.0,0.8188675572164357
434,1674.5294614306965,523.2108585157703,48.0,0.8180745169520378
149,2085.1185108400564,180.02193954240346,47.0,0.8173336405307055
841,1301.3728707324503,1022.5261187657517,43.0,0.8168964609503746
1793,713.8109727531117,2385.7676314905243,66.0,0.8164996462874115
1964,2494.753694789684,2647.1443194639855,45.0,0.8098095851019025
1285,384.90252583171446,1670.046697545588,24.0,0.799078157171607
1532,2790.31190854903,1992.8334589377537,49.0,0.7953617749735713
1456,1258.9492203276113,1865.001117848778,41.0,0.7942340262234211
1782,585.43649874793,2362.321340478496,65.0,0.7930856612510979
1153,2555.1108772910975,1469.2162304402093,63.0,0.7889333544299006
1729,987.0736208117737,2286.1036283687317,45.0,0.7876762691885233
1640,784.7398061130297,2160.396140089502,40.0,0.7847513211891055
2118,1677.876970909291,2874.423534406455,86.0,0.7830669330433011
884,1396.5714548926537,1073.8316486235399,35.0,0.782756770029664
88,2647.3303604532894,115.77132704046153,42.0,0.7802463159896433
965,2681.9920913497494,1172.6575541731363,46.0,0.7771379770711064
1162,1555.2290649361405,1477.5647613895496,29.0,0.7767103593796492
14,538.1215984224916,10.682614777195452,30.0,0.7755986982956529
525,1348.957832287619,647.1376365957791,41.0,0.7723146723583341
40,2651.347625696751,33.821716441447,50.0,0.7697640513069928
326,2575.76180022965,380.35980862556687,47.0,0.7685229978524148
267,1061.445554599035,325.88546530023194,59.0,0.7681230222806334
1146,2804.1840359101902,1454.7196904485552,42.0,0.7616814179345965
1263,1312.8189855172673,1640.0118104732592,41.0,0.7613756908103824
1568,1374.102045016371,2041.7529328201072,46.0,0.7598525369539857
1268,35.01895750643344,1644.766834894267,34.0,0.7587025929242373
450,1158.1347609930585,553.1510842969864,41.0,0.7571320990100503
1015,2904.6958833127037,1242.3821438677205,39.0,0.7555330023169518
836,2767.479799601738,1014.79928814048,15.0,0.7521681012585759
218,2221.127448863971,270.14288635243435,59.0,0.7469910029321909
1606,1511.5403788235803,2094.6345176804807,37.0,0.745428342372179
926,72.97867784031834,1122.5214489282444,59.0,0.7446514228358865
313,1634.7367205257658,371.2577997726829,39.0,0.7413048222661018
697,1204.13645078943,865.4055433691221,32.0,0.7391015710309148
799,2149.7841317703324,963.6946158143598,37.0,0.7386678205803037
1264,347.08925567485545,1638.1424221721466,35.0,0.738650624640286
2049,1302.488436687119,2752.1875010072335,28.0,0.7370490226894617
524,2719.9967462536147,644.4399798050841,53.0,0.7359724892303348
583,2045.9835368039787,735.2112519196633,38.0,0.7320770146325231
641,2682.762892959582,797.9415182507934,52.0,0.7318528266623616
661,1825.7659800832425,825.9566067373327,40.0,0.7301566209644079
1795,1625.8779558155275,2387.356238952438,40.0,0.7278369544073939
1866,1324.681727079308,2501.6274669851346,44.0,0.7274292260408401
1741,1382.6439195257533,2298.759590726388,36.0,0.7263188837096095
294,2380.571352335434,355.7898362488405,36.0,0.7262291107326746
271,716.4992017976439,336.9967659173592,36.0,0.7261809408664703
689,1677.4867548862205,860.8428207463512,48.0,0.7261683335527778
1560,1845.215687763041,2028.2869900739113,36.0,0.7244224920868874
16,2025.7832112008819,10.947036848488391,39.0,0.7237580101937056
508,1111.421727050564,627.7050771717154,44.0,0.7194426441565156
612,1440.108148538202,772.8269179213779,33.0,0.7191297011449933
631,1967.761900052539,786.8051896375343,38.0,0.7147881723940372
1489,1280.3447424950773,1929.3133078525332,46.0,0.7145553939044476
1373,927.8148825681254,1772.716411397995,33.0,0.7142850561067462
752,882.8829446086748,928.8385118413855,24.0,0.7106006871908903
1351,2560.47569608783,1737.2721310575298,18.0,0.7092097233980894
1687,1162.5532463482832,2235.802557197526,35.0,0.7086692787706852
1567,1413.5564064953264,2039.3575512152659,43.0,0.7083224691450596
1199,1906.2266273024372,1552.672055945841,40.0,0.7082057585939765
389,2879.346090660687,468.89671123808904,60.0,0.7065061940811574
495,2791.994167991057,604.9246888757965,36.0,0.7016722350381315
1206,225.63961590252777,1560.0678622429045,33.0,0.7009069742634892
24,1429.0188628640585,21.01931576724652,56.0,0.7001876067370176
369,1482.8541512440547,440.90374151902535,47.0,0.7001034682616591
1694,1392.8752268786056,2246.0376081820123,38.0,0.6987455990165472
1711,2166.0454751123475,2266.9155908594057,37.0,0.6981096286326647
130,2808.248200604495,153.1338757832664,64.0,0.6966740107163787
1519,2257.538440842787,1975.8667194611571,35.0,0.6949132354930043
966,951.7578415276932,1172.1714301105321,52.0,0.6946630263701081
496,2395.165406817411,609.4845287972579,41.0,0.6927241059020162
1758,660.6220822390598,2326.003477713793,44.0,0.6913429880514741
2149,46.36998418178421,2921.1059082997126,68.0,0.6906235553324223
1510,1455.3939289189211,1959.18807160428,45.0,0.6883301716297865
1986,142.84976256477643,2673.9608789622453,75.0,0.687932881526649
1738,2195.596983866928,2295.393240888735,52.0,0.6875009555369616
1415,1128.5446647787985,1826.6476614419673,42.0,0.6862333361059427
248,749.1686559178438,304.46440098808586,43.0,0.6800280809402466
359,2727.7785558254604,427.93691049738885,62.0,0.67994225025177
1865,1281.241890590688,2499.7667172712486,41.0,0.678594172000885
226,1634.0287878939525,277.50768838492104,22.0,0.6779753100126982
90,1409.286365284452,117.13921149756484,48.0,0.6779134077951312
410,2262.2687205858538,494.8120938304243,47.0,0.6778825670480728
1505,1623.8082948304937,1955.401309439189,39.0,0.6747569376602769
1763,1505.135622768508,2333.852673239077,28.0,0.6735528316348791
2132,153.3166661214723,2893.4000780394417,42.0,0.6728328648023307
1769,1702.4729108393176,2343.1367715246133,29.0,0.6724361795932055
80,2908.643504625044,102.89603402532394,55.0,0.6710048341192305
1420,1221.9987490746278,1831.3232523538725,40.0,0.6671801824122667
528,1014.8654920092766,649.3757487863312,27.0,0.6650122776627541
658,1568.5771067692258,821.4457963647019,34.0,0.660238497890532
1956,1051.4825548793613,2631.3252973962867,50.0,0.6595484367571771
1609,301.22073011165014,2100.7584185312985,77.0,0.6590856909751892
1265,2000.2235016541688,1639.7603545619145,34.0,0.6589662116020918
1778,806.8769565032811,2354.843878623591,55.0,0.6570816342718899
47,1906.9648632128092,42.870289563027185,37.0,0.6546197007410228
1309,1012.4322501323339,1694.1215421427967,29.0,0.6542060161009431
1608,1370.5880395153392,2095.3847130815416,28.0,0.6529545867815614
1254,8.225074921458436,1628.7800562380355,21.0,0.6528845671564341
779,471.6205017762958,949.072826748641,44.0,0.6523575438186526
1784,2012.6028062465416,2364.6774011183425,21.0,0.6513377269729972
1684,764.9949310180907,2232.934351220072,51.0,0.6474062651395798
2095,2486.3003540363293,2821.7027039422433,43.0,0.6465019825845957
28,2898.400918713267,23.543057241073935,52.0,0.6455832426436245
2147,1264.0294407589063,2918.547790818344,42.0,0.6450703586451709
1208,987.0341340338413,1562.6225191998742,37.0,0.6446659546345472
1627,282.3981183234758,2134.2973294961166,50.0,0.6427999115549028
460,1612.8706481084887,559.8223370826424,29.0,0.642411301843822
721,1974.2271014553053,889.0562595706223,40.0,0.6421213401481509
609,391.5155330592375,768.5786843874444,33.0,0.6407254533842206
940,1094.4098622610793,1134.7961570095395,34.0,0.6392672182992101
1613,1298.3824775490534,2105.526443215296,43.0,0.6362891560420394
50,1021.237708602848,48.06813817160618,47.0,0.628946173004806
559,1039.902600627459,698.6506566402778,33.0,0.6286026882007718
1530,1492.3409639366994,1988.255714981689,45.0,0.6283139400184155
851,1059.8008375410304,1033.2181126950384,27.0,0.6276550889015198
865,1012.6794833836974,1049.0936471030072,35.0,0.6268958793953061
1948,111.11520813167718,2619.749717422415,59.0,0.6261787237599492
213,346.85784652230655,267.0481495230517,41.0,0.6254711989313364
619,40.721834354460725,776.987211937238,38.0,0.6252879127860069
2175,2695.0237265432147,2946.9671879111174,38.0,0.623438733164221
591,384.2610025735226,747.8035304171343,37.0,0.6222739918157458
1626,1797.368530683224,2127.8347133520697,33.0,0.6216953815892339
320,1772.104035869286,377.1628300861201,37.0,0.621079427190125
1072,2353.359960969811,1346.4772542789965,43.0,0.619316247291863
1224,1434.0670383291283,1584.0048632840842,42.0,0.6160537162795663
270,2040.585082047978,334.74237807865717,24.0,0.6112800389528275
2016,501.67586044401475,2709.6053346540484,60.0,0.6108198766596615
146,2690.0013287895113,177.09386634271837,38.0,0.610010938718915
76,331.8910439667887,99.45716364580528,44.0,0.6098740976303816
126,390.43156150908095,148.8978718055962,34.0,0.6077813887968659
516,1300.0209442912796,634.0278320139489,17.0,0.6070885667577386
1342,2977.8318997687643,1728.9820870043093,32.0,0.6068013859912753
201,324.1220336215928,250.6221572484816,38.0,0.6044859746471047
435,1133.3139765770845,525.8276429761879,33.0,0.602502791211009
1435,321.8947574675414,1844.1727032762503,52.0,0.6004827092401683
1630,2871.2715177818263,2141.989838425816,43.0,0.6002767579630017
405,2376.553679992071,487.17519067524034,57.0,0.5988424080424011
1766,2728.681037053473,2339.264268588082,37.0,0.595953281968832
1030,1706.0923308465913,1273.5427812141147,30.0,0.5938074830919504
353,1449.5318151770518,420.90804599082963,31.0,0.5910941660404205
1973,1481.4965548273838,2658.206232985515,36.0,0.5907267606817186
1133,31.730936648109065,1443.3476491989063,15.0,0.5905964225530624
59,150.90772977651295,67.38178025871545,40.0,0.5890030637383461
1124,193.2052102055022,1437.1441326792203,57.0,0.5867126360535622
1240,1076.1608004531404,1606.6870373468262,29.0,0.585618270561099
186,1470.1219803923025,225.76851633646766,36.0,0.5841417657211423
250,1925.0234123016041,305.593716616659,25.0,0.5821125097572803
194,180.76830596982012,229.87110160601287,37.0,0.5820738039910793
1541,825.53345642341,2002.5563962779934,22.0,0.5758342677727342
1050,2996.4376731322222,1304.5819014203653,29.0,0.5736788436770439
36,1412.0993384832705,28.301099489980185,43.0,0.5722186984494328
685,857.7063873765886,857.1410622265538,31.0,0.5699424017220736
64,2564.164471569454,76.89525390015773,47.0,0.5678771818056703
741,1037.1007315029242,914.6433278105463,26.0,0.5661691641435027
1934,461.57130346460457,2600.7128590478683,39.0,0.565489980392158
1219,272.2849612467176,1577.7750656313278,40.0,0.5635451842099428
1269,2349.702511478492,1646.7906059636864,34.0,0.5634381845593452
2121,1980.0502339376264,2877.9271921665168,32.0,0.5628260690718889
1140,1171.1446204369563,1450.630386448418,26.0,0.5618674140423536
693,2833.641823622561,865.827906293765,50.0,0.5614014421589673
1369,1364.1435006262664,1763.8643780142418,39.0,0.56052550021559
1119,462.06407956065385,1427.2658381739384,42.0,0.5598532455042005
63,1015.3101723983609,75.71280687495351,42.0,0.5592840248718858
712,2498.7293658355384,878.3914636992424,34.0,0.5581698277965188
1962,1073.6321697887272,2649.109188036601,64.0,0.5576055394485593
1209,613.1498591598677,1562.8242504150985,33.0,0.5534741571173072
1723,228.1713984715042,2281.4539285714113,55.0,0.55140534741804
1764,2868.3753317069572,2334.4285614042433,31.0,0.5477220742031932
2182,36.10787631758268,2954.475565020605,50.0,0.5402462929487228
75,2122.4535081486506,95.2448122587516,40.0,0.5387616157531738
1047,2959.359947880786,1298.6391111966902,30.0,0.5368165662512183
2015,2938.271414013324,2707.703194192796,26.0,0.5344442306086421
417,2669.3994954765403,510.31635256164793,52.0,0.5336948283948004
1282,2618.3455632396626,1663.448101466191,32.0,0.5309726679697633
1413,1341.103997999072,1821.131441234709,30.0,0.5273122619837523
1253,1722.996148302845,1627.3648394368038,37.0,0.5269306460395455
731,2783.0403793154824,904.2575618002346,45.0,0.526143416762352
1686,2838.131743580904,2234.539421911778,36.0,0.5254800114780664
153,1410.2898685795612,184.65684828517482,30.0,0.5252277534455061
11,3.6816941626892095,8.549637680587498,28.0,0.5221520969644189
458,1979.5188472239136,557.4421916109033,33.0,0.5208982611075044
1878,2007.7976299924615,2511.957505033061,22.0,0.5202871635556221
1306,1585.6613846533212,1693.1319653806356,30.0,0.5195269882678986
1238,167.00088782837216,1605.3128244100199,31.0,0.5173038905486465
133,911.664663817613,155.39937568972638,37.0,0.5166325150057673
523,2307.6507633462675,638.477776662544,36.0,0.5159568153321743
1202,246.50950078524104,1554.4940453819875,36.0,0.5123913022689521
1475,1848.522849138145,1898.8521898398487,26.0,0.512331435456872
1114,596.4792253262049,1421.3482354084417,39.0,0.5122030023485422
1319,1609.1702283983184,1707.3370611850685,44.0,0.5121963238343596
494,2073.9246710462603,605.7277103695942,32.0,0.5114311315119267
277,545.7376524703484,340.56432315817335,32.0,0.510755080729723
570,2052.295206267907,712.3005997073102,26.0,0.5104214446619153
103,1167.3494081044385,127.8464396646936,42.0,0.5100122885778546
2067,1836.5444206607162,2780.2900987417747,35.0,0.5097576156258583
2198,2489.7478308017735,2974.0234982422044,40.0,0.5095681836828589
2079,835.3830754144716,2800.269963007748,38.0,0.5084346672520041
404,2144.2413517218824,484.6236231995891,26.0,0.5080089000985026
1450,315.12277050939514,1862.5682622219047,37.0,0.5076931435614824
1507,441.30197050715805,1956.082522955496,37.0,0.5070436773821712
541,1513.2685219954858,664.9585219444824,30.0,0.5030636629089713
1325,1696.1365378230262,1716.289755174011,38.0,0.5027116108685732
1819,2813.1194585513003,2419.939101997927,31.0,0.5024856589734554
1783,1313.5970032068933,2359.8662620979817,32.0,0.5013832980766892
1653,1114.3205975292162,2174.9072880466674,32.0,0.5003043441101909
2058,280.8627849228201,2770.9115039878156,45.0,0.49999078875407577
1446,1090.6011397500024,1857.1232694345981,32.0,0.49935886170715094
456,691.0378696455269,556.403927899858,27.0,0.4988966630771756
1535,260.83886580049466,1996.458842502949,42.0,0.4971248027868569
1789,1988.0322915384766,2373.3698625416046,28.0,0.49586249701678753
433,2656.6647863480375,522.9988634668268,41.0,0.4930363022722304
246,2919.9385407893665,300.3949185377094,37.0,0.49281484400853515
1198,1598.5238089303293,1549.9237573881064,36.0,0.49214860424399376
1529,958.2600905522912,1986.3215701077308,33.0,0.4917287565767765
1231,1058.9057794736082,1593.6274122937357,26.0,0.49098104890435934
1488,2294.8670088640447,1924.3505812512299,33.0,0.4900323813781142
1130,934.0698275470206,1440.1776718080664,19.0,0.4890175051987171
356,372.3804937873674,420.492437981099,27.0,0.487661425024271
1657,1171.4894499490567,2181.6583489178356,27.0,0.4870496494695544
764,1298.3725384376855,934.0656636272897,30.0,0.4856120813637972
1602,942.4154632837988,2089.0211848457616,29.0,0.4847575668245554
1785,2508.456799754027,2364.934871258465,31.0,0.4842225378379226
1408,2428.8068721826003,1812.6797311763535,14.0,0.4802111489698291
1742,2954.540731040095,2300.9780007937316,23.0,0.4786949763074517
1860,952.7397218479094,2489.707197231859,41.0,0.4778687860816717
1039,1256.521129874841,1291.056065859191,30.0,0.47654978558421135
2114,1531.9144419624008,2869.7930402193256,29.0,0.4759661159478128
861,120.99174174469164,1043.0230688951056,30.0,0.47570493165403605
1123,1718.109508580686,1430.2696537506013,29.0,0.4740351913496852
2040,2630.128195976942,2733.7585739331244,39.0,0.4720842004753649
862,1704.7789848075163,1043.7654901824844,24.0,0.4708079267293215
2181,1317.1467998755497,2953.380328326666,24.0,0.47069968469440937
1365,1461.9754371856204,1757.9904081525806,22.0,0.4673078563064337
1257,17.976911889632557,1634.871518309463,19.0,0.4669497888535261
2032,0.9431590793548894,2727.6652020209954,29.0,0.46619541570544243
364,237.9983440670229,433.9780310433099,33.0,0.46592478547245264
588,2309.546496903251,746.6057284203225,37.0,0.46474402118474245
1523,2403.7648352943647,1980.3056154034198,25.0,0.4647286534309387
859,1226.0045402266674,1039.0636068299498,30.0,0.4633295414969325
991,1623.5409909331397,1205.0035651541823,25.0,0.4629277605563402
1770,1739.5757468949473,2342.6334921811485,23.0,0.4621037784963846
1660,1843.2595696545275,2193.051028869152,33.0,0.46176781319081783
2196,2200.9178313030025,2971.5691531581956,23.0,0.461447368375957
504,1108.2079338235476,619.3131984204042,20.0,0.4609216991811991
628,2014.2176231610167,784.8193328032431,30.0,0.4603581130504608
1176,471.3888478394999,1497.9918182848094,20.0,0.4594782153144479
1751,2467.6605039069136,2311.8389460455373,23.0,0.45796622335910797
1167,761.3525412695955,1485.3130787901812,29.0,0.4570320211350918
994,2214.6918547918167,1211.4605287925137,26.0,0.45603531785309315
251,619.1974987979213,310.58297766237274,29.0,0.45488099567592144
2123,864.5545647392335,2881.7893133948783,51.0,0.45298829954117537
2119,601.2608112437134,2872.3186375802125,33.0,0.4528812076896429
406,1903.9897471380525,487.97460927642067,29.0,0.45246227364987135
1370,1585.428497875329,1764.0508438162924,25.0,0.45214319229125977
1102,2803.951948291796,1401.1588287015275,23.0,0.452013504691422
945,32.18369042702855,1142.6758026193374,37.0,0.4517011623829603
242,1733.2197992186595,297.5122851825882,28.0,0.4505696287378669
527,970.1319676186165,649.2336672498707,16.0,0.44974228367209435
1944,1399.9681521648386,2613.986196280559,49.0,0.44821245037019253
62,2906.439455099046,73.69354702961617,33.0,0.44630314828827977
1636,1195.50271163706,2150.067864458649,26.0,0.4441352980211377
1021,933.599376714567,1257.5785538785972,31.0,0.4433617442846298
1817,2506.0793759044286,2415.1835400854347,26.0,0.44316614978015423
1623,1130.3612637643491,2121.963076585431,29.0,0.4418341629207134
388,1992.199436567095,466.6692723713908,16.0,0.4400260355323553
13,2203.45349831125,12.339243897362106,30.0,0.43658877816051245
1044,1234.7078741894454,1296.9797831344845,22.0,0.43605410028249025
1451,967.7773951746386,1862.9388625095971,25.0,0.43595594726502895
598,2063.6546572986194,752.9732909370698,27.0,0.43508781772106886
1943,1569.5674205326286,2612.5841260830757,31.0,0.4349665520712733
577,1028.7189805117257,722.2255440205109,21.0,0.43398055620491505
1136,1041.8854925654898,1444.4913105479714,17.0,0.43394893128424883
1474,1454.1565220927116,1896.3342031445204,21.0,0.4337807344272733
982,204.116082664021,1189.7727248877459,15.0,0.4326326195150614
2078,686.1930979386217,2796.271428808206,44.0,0.43171047046780586
1294,102.01214820612381,1675.8667295237638,19.0,0.43158210907131433
318,722.162137652895,373.4172568641153,16.0,0.4307430237531662
142,377.5884422311682,176.13994234021922,32.0,0.43047101236879826
2037,1863.1191031533274,2730.5084586517814,25.0,0.4279071604833007
769,892.5386572659222,936.6622429201863,16.0,0.4266828866675496
509,1952.9033345322043,624.5659348337261,16.0,0.42630527913570404
915,1418.9067388406258,1111.1439999576933,21.0,0.42319013364613056
85,1188.6505438760107,112.16539157368881,35.0,0.42262162640690804
2135,2409.3975617387755,2904.8791538267897,31.0,0.4220268102362752
378,393.4870985449979,451.6996843343545,32.0,0.4203265132382512
10,1190.5258001448753,7.95531370671131,32.0,0.4198697693645954
669,1639.550802558947,836.1800123758729,14.0,0.4195886058732867
199,1569.374675722367,242.66332015894184,21.0,0.41765001602470875
403,678.7362477219821,483.96220714092055,21.0,0.4168361369520426
2154,1162.18211582598,2921.355905099132,31.0,0.4161331239156425
1416,1172.6807108825387,1823.8157918427967,24.0,0.41533138789236546
98,1806.0075872006778,123.17782282037768,20.0,0.4149682940915227
705,1223.8663876700107,869.9801730703427,20.0,0.4142258679494262
1911,2430.1568138049715,2572.3672118428426,24.0,0.41319445334374905
1472,1292.7321834550576,1890.2163654796357,23.0,0.4113842137157917
241,681.359133023988,296.52327911397464,23.0,0.4111312758177519
642,625.8220565347012,797.3464214071042,15.0,0.4098702548071742
618,324.4105318083006,775.0347958765947,28.0,0.4092590268701315
1045,2797.763932201739,1297.4705691879915,30.0,0.4089080775156617
1277,83.6859280724487,1656.1383302919494,20.0,0.40884523652493954
1565,630.8800995388252,2033.5445862872448,25.0,0.408341022208333
1252,536.6832684391037,1624.0992803734011,27.0,0.4080985952168703
281,2240.1782489607117,342.2068798474662,21.0,0.4079971807077527
1894,360.11235512874606,2537.234896184448,44.0,0.40796491177752614
191,1269.2493754304153,229.7737072940936,34.0,0.4078272422775626
679,837.5541218926385,852.3637351789863,23.0,0.40745544992387295
1958,536.9514323037614,2636.108494201801,33.0,0.4070928995497525
775,2124.093256155238,943.3942099619229,26.0,0.40700581297278404
424,225.18901565171046,514.5594355467675,23.0,0.4057316519320011
1462,1359.0192205831452,1867.6852318343,16.0,0.4040699014440179
34,2269.681733578539,27.903588828909342,24.0,0.402933512814343
89,1190.6357757048768,117.7046284948881,30.0,0.40289521869271994
746,1527.3923841233573,921.9603324972215,22.0,0.4025649558752775
730,88.76955608577948,899.1021267550726,35.0,0.4024670636281371
1193,259.11986042698595,1534.1078775135495,31.0,0.40214050048962235
419,2774.5375779791807,509.90968173588715,33.0,0.4018761678598821
1480,496.6585833199031,1909.0282765688742,25.0,0.40073948819190264
321,735.6643846883671,377.90590868068904,13.0,0.3983757272362709
1147,2554.93500032391,1456.9160328873731,32.0,0.39799201115965843
1204,1758.5690533446284,1559.053560256433,30.0,0.39753157272934914
1652,2614.26897159023,2175.2291762839236,17.0,0.3969216179102659
820,1523.9159917644906,986.3218140698577,11.0,0.3967498652637005
125,1378.202365028965,147.0078766889331,28.0,0.39582536090165377
331,1473.4332362546304,388.4787074290867,36.0,0.39575566444545984
1994,2360.6174288964507,2677.3237582716806,26.0,0.39563414361327887
622,1913.25474305429,781.7129446597578,22.0,0.3955580946058035
691,1699.3926840672736,863.4288305147692,27.0,0.39528140239417553
988,2516.339241939376,1202.845334674958,29.0,0.3935584919527173
2106,2422.8480685505656,2859.6612630986046,26.0,0.39276039134711027
1213,2094.7750260611547,1567.3286687107131,27.0,0.39248003624379635
723,1265.1266096861827,889.6991084733114,23.0,0.3920013150200248
1217,1516.5340965891842,1574.9283187820283,24.0,0.391743790358305
2051,1412.2962408830408,2757.6142070500973,40.0,0.3913977383635938
1708,421.51658006501066,2264.7537116113813,34.0,0.3913863841444254
924,831.5581529512324,1119.0125029257204,31.0,0.39090000092983246
948,1522.9993418792085,1149.4774612859326,21.0,0.39058556500822306
1061,1982.3970152373536,1323.0329814761244,27.0,0.39054362662136555
2206,2482.8538904944344,2998.177937579788,22.0,0.38980572298169136
733,2847.2313071601666,901.8761005834873,34.0,0.3897414659149945
1267,1900.6138697696103,1640.8516418266097,17.0,0.3896960513666272
711,1362.3403584812152,877.7000007536363,17.0,0.38889740500599146
1081,2520.6317834531537,1365.82845104908,25.0,0.38866751082241535
1293,2696.1353343302335,1674.7174454407088,16.0,0.3883721064776182
467,1216.1472796033258,572.345848951172,22.0,0.38776512164622545
333,1991.5730174756563,388.1351752782381,22.0,0.3844194244593382
427,597.3572924313667,516.4409479148078,21.0,0.38050265051424503
585,1843.585456639939,738.2916454522879,13.0,0.38025911524891853
87,1247.9155894669893,118.80379344555534,28.0,0.3799917418509722
1034,633.5490082806491,1280.7512116531302,26.0,0.37897482607513666
910,1409.4850133802345,1104.5096554091194,23.0,0.37827007938176394
2103,2236.0525800565424,2847.4476133722346,21.0,0.3781237853690982
2100,2859.564983799754,2843.2841595775026,24.0,0.37803620379418135
1797,199.47281242626136,2389.14490987728,30.0,0.37737794034183025
1266,1475.3296239511876,1639.8997276125665,24.0,0.37508046068251133
875,1565.6007931346273,1062.1189479289499,24.0,0.37373936641961336
1960,137.02043552214076,2641.8742902505005,24.0,0.3716127313673496
960,2274.1220077814023,1166.2332380887503,25.0,0.3711812663823366
2073,2722.23180381064,2782.624540182528,27.0,0.3689754568040371
428,2837.895459501822,517.5051121565898,39.0,0.36744464421644807
1392,767.4092895633872,1798.8804070026347,20.0,0.3674066197127104
2023,2090.1645597872803,2716.6349958663054,26.0,0.36717523727566004
1820,1280.1457819799434,2420.479673425637,25.0,0.36716313753277063
1256,12.692080849187427,1633.4058644802376,13.0,0.3669491596519947
170,1348.8319133080142,205.39271391485818,31.0,0.36633259151130915
553,2770.38420586162,692.6858143898525,36.0,0.3662469000555575
239,717.2642562016681,294.43174301577847,17.0,0.36601986456662416
918,1726.7713688324397,1113.4707546233028,23.0,0.3659207792952657
1727,1082.8086804169827,2283.399227767664,22.0,0.3653509169816971
1655,1123.9484525408518,2174.7938738641988,18.0,0.36512654460966587
377,1896.7688075250019,449.52844761889526,21.0,0.3649734053760767
1336,984.544258750641,1724.023292593104,18.0,0.36408655531704426
891,690.3442185150517,1081.0072765555612,26.0,0.3613218581303954
2069,2023.405541424748,2778.331161522414,26.0,0.36055656149983406
407,686.0187093147438,490.9437681081768,21.0,0.36008389946073294
596,1555.6021960669173,751.2618725167841,22.0,0.359764969907701
1633,770.5946949582471,2144.1260564798495,17.0,0.3595364885404706
488,295.3900187209294,596.6143907765261,22.0,0.3584080673754215
135,1399.0853934351185,162.70441838508572,29.0,0.35804170556366444
471,396.1817307595588,574.2082262848412,16.0,0.35738611593842506
550,381.3891262438487,681.3767844794023,14.0,0.3572382219135761
657,765.6455011802896,817.8846052672066,14.0,0.3566145580261946
662,1845.6795471717398,824.4604279887785,20.0,0.3563777944073081
1066,2480.0064805322413,1327.46515896232,26.0,0.3561417004093528
291,1246.4048311237877,356.0410782371093,30.0,0.3554768916219473
791,2095.3399657027435,959.3419105294414,21.0,0.3552581947296858
39,2228.3079429429717,30.59822930848262,21.0,0.355247063562274
1811,1351.515178178127,2412.351077442164,29.0,0.35413468908518553
1075,764.9472489855733,1354.7042973509951,26.0,0.35409663431346416
1055,2037.2061458163585,1312.3394117966843,29.0,0.3540204418823123
832,1942.9261117008461,1008.7689241547444,20.0,0.35208582505583763
1461,143.69246206257512,1868.1557948267707,33.0,0.3517415323294699
1251,104.43868252590373,1623.116612548232,14.0,0.3514536526054144
798,1511.1670638726875,961.3056275675385,11.0,0.3507764395326376
893,1265.3620687798373,1084.4518978395577,19.0,0.34868063032627106
1177,550.1199984684538,1501.5541004095187,29.0,0.3486562315374613
217,1124.8811994875146,266.31544138709296,15.0,0.34813589975237846
1593,845.2953932913505,2074.231721605122,19.0,0.3462193813174963
630,1901.70574235608,786.6051881964391,22.0,0.34526349790394306
997,1847.3614894310656,1213.1036266675903,17.0,0.3451435985043645
2133,1303.009158999256,2897.218507060762,28.0,0.3448192370124161
814,424.4208248496944,978.6602209198174,23.0,0.3447045562788844
717,1258.2874479101513,883.6498584397532,16.0,0.3444055272266269
1023,2558.4463498418645,1259.371110716708,18.0,0.3440482495352626
1685,2304.86679882442,2232.329609575234,24.0,0.34353721234947443
1992,214.08777991173648,2674.1744178001245,33.0,0.3428456955589354
1284,1214.921257457645,1665.69793936589,22.0,0.3421009462326765
1243,224.7259984987306,1609.6915548644256,19.0,0.3410212630406022
198,768.5143462450965,238.0050415924673,23.0,0.3402834916487336
710,1236.5431914007174,876.7356914517565,18.0,0.33944497536867857
797,1476.5108201698692,961.3047582406533,19.0,0.33926713839173317
150,99.56656284609824,180.59720081877052,19.0,0.33919380232691765
1337,268.8931557514074,1725.0201623987841,23.0,0.33785619493573904
1719,972.64981087125,2277.0840461779267,20.0,0.3358800895512104
616,1325.429884230478,775.523239315283,22.0,0.3356096735224128
849,2894.112992760751,1030.0260874319054,24.0,0.3354484336450696
329,1428.8191590946208,382.3918550169836,23.0,0.33510938193649054
2155,1779.9172303871153,2922.1747898605045,39.0,0.33468621177598834
347,799.5072989643601,411.77921538329423,20.0,0.3345698583871126
735,1503.8159263370685,909.1812395930734,16.0,0.3335439395159483
327,2277.644183407362,380.5645623985142,21.0,0.3333185473456979
920,1891.167695095373,1112.2857463055627,18.0,0.3316195523366332
1760,1121.4130805776608,2327.6362921883647,23.0,0.3305964833125472
1877,452.34466891238816,2509.4706354197674,19.0,0.33024124754592776
1154,781.4792483638521,1468.8568333799678,26.0,0.33005213271826506
1248,289.86801497378843,1617.4695014006425,15.0,0.33001104928553104
2148,1399.8956379859735,2916.692602900051,34.0,0.3299321951344609
1527,1351.264632000447,1986.2989540457195,27.0,0.32967535592615604
952,2389.1658417592457,1161.2894182443927,25.0,0.3292370866984129
1355,2569.2251129335687,1743.834644287747,13.0,0.328544519841671
900,216.3805387786284,1093.0607095560865,22.0,0.3278057761490345
1951,348.6927905706819,2626.6987980457657,39.0,0.32722795801237226
119,2097.1475249480595,141.25226538485745,29.0,0.3267265586182475
475,737.2452451993545,579.7981343221012,14.0,0.32629373017698526
476,2165.6366314025395,580.9038420599586,21.0,0.32535588182508945
503,1263.8315126842883,617.1979458262734,15.0,0.32506302930414677
228,708.8281941724239,281.1264981706748,18.0,0.32469429820775986
1988,2688.185850918041,2669.29385238809,19.0,0.32437709579244256
134,945.2427124028721,155.97482781887047,26.0,0.32385721430182457
1554,978.9107060728514,2022.8310270313166,22.0,0.32351044099777937
1521,1070.4838007555263,1976.304251011865,15.0,0.3229739023372531
1291,1719.2675791534366,1671.1219825011076,23.0,0.3222719496116042
2146,975.4767211653119,2915.340565046213,29.0,0.32222844706848264
1713,982.9310193177671,2267.417416957147,15.0,0.32187649328261614
935,370.49101275956576,1128.9030107335939,24.0,0.3216849472373724
838,1489.583759232704,1017.2951014731992,13.0,0.3213951429352164
365,811.4514869010635,433.37909725659114,13.0,0.3199574612081051
848,1348.4670118136416,1028.9129838996826,15.0,0.31988038029521704
1145,2572.67143438572,1452.9783160762606,18.0,0.3195737451314926
981,2000.7604936498146,1187.9835000376352,19.0,0.3189767338335514
1321,1250.5753708654588,1708.5702205917712,24.0,0.31896826438605785
822,1677.8058456372482,993.6914279398997,19.0,0.31893363408744335
1563,1177.1443889436841,2032.5086933868224,18.0,0.3186936601996422
979,2142.8129785122537,1184.8066980964702,19.0,0.3186180219054222
751,840.176930901948,926.1896718458046,19.0,0.31830393616110086
767,1425.8296480061065,934.7467746468691,14.0,0.3181838607415557
660,1838.6755479570688,823.1837692176363,17.0,0.31730160396546125
2074,369.6585746181485,2786.2360936990563,22.0,0.317068952601403
19,518.4238540481264,13.571972618225852,23.0,0.3164275325834751
346,2778.631313167099,410.9653465587427,14.0,0.31637275125831366
483,2625.78351675456,588.5575303612549,34.0,0.3163671102374792
1331,860.6404946484971,1718.4485470447673,16.0,0.31618362851440907
310,2105.641343212567,372.1243861163853,22.0,0.31539002154022455
392,1311.0809374100097,474.6520768308137,20.0,0.31533164717257023
1534,930.8516448252901,1992.6041540307735,17.0,0.31487343553453684
2042,329.940627813175,2740.8872133473456,31.0,0.31479012593626976
264,1729.5226074541379,321.56304711822963,21.0,0.3142367424443364
967,1433.5361629708973,1169.8536674061652,15.0,0.31291073001921177
840,2935.844608779971,1019.5429450404134,26.0,0.31235638447105885
1287,1653.0035072396677,1669.9852238207632,23.0,0.31223250553011894
792,1503.4686770525072,958.9085996370917,10.0,0.311710542999208
1205,2335.5802762378116,1558.7124134463459,13.0,0.311243767850101
1152,2869.106834374686,1463.1245596911124,25.0,0.3104768069460988
682,1177.404738930952,854.4876494258626,17.0,0.31034014839679
443,2950.781201073532,535.2497058994849,25.0,0.3090858985669911
605,2416.4980474329477,758.8959931605538,22.0,0.3085171366110444
876,2973.6753227319564,1061.48771730257,24.0,0.30787797272205353
1430,2144.4843018515007,1836.3599147398415,24.0,0.3070300258696079
1399,995.8867666614544,1804.9016390295765,18.0,0.30623873602598906
557,1535.5078613135072,694.2530188227116,17.0,0.3061570357531309
745,2277.6043298003947,920.3734360735883,17.0,0.3058754038065672
781,1368.0595873220452,949.555289746192,18.0,0.3054678710177541
726,1990.3352914092418,894.3124397492253,18.0,0.30526409950107336
468,1794.871923954264,569.1297252352748,19.0,0.3052111165598035
1348,2820.0163420055947,1734.4366531275073,26.0,0.30456551536917686
1412,84.92080491061954,1821.257758977053,35.0,0.3041037367656827
1929,2892.758485702181,2597.259530344715,26.0,0.3041006354615092
1328,1719.6917405808108,1716.0772187766424,22.0,0.3039347371086478
1840,367.7783136075633,2458.3867228342847,33.0,0.3038565027527511
1543,2293.5288858509725,2007.7360791676456,23.0,0.303736275061965
998,1543.0758232220078,1214.3648799913485,19.0,0.30295861791819334
819,2673.270727782853,983.127821259563,21.0,0.302877907641232
671,1796.7423652957345,836.0237993731278,15.0,0.3016142165288329
521,1000.9175921453581,639.1972752885424,16.0,0.30126010347157717
409,1814.7906687427526,491.337457255888,19.0,0.30073416326195
1805,2669.689583359415,2398.63128047757,20.0,0.30069136805832386
215,615.1649768032833,265.4876499534883,20.0,0.300173825584352
189,2599.035423111081,224.35705460849024,25.0,0.30016219755634665
755,1392.982562975133,928.9459949919307,14.0,0.3000070573762059
772,868.8940175262534,937.5802409739254,13.0,0.29929530806839466
575,1780.4410872640549,718.0641340106454,19.0,0.298085224814713
1479,2091.219143094999,1907.2632476489075,19.0,0.2978559145703912
266,509.8661563212153,323.89139114317135,20.0,0.2977697877213359
1026,2747.4237126993125,1267.2265810441602,21.0,0.29739827662706375
1362,484.5173587679816,1750.3388086502373,20.0,0.29738172702491283
897,1288.9711122418512,1091.5286953958162,18.0,0.2970576034858823
663,1940.4331393068605,827.2857253127322,18.0,0.2963398499414325
1187,1445.514517705764,1525.531556336332,22.0,0.2959191193804145
493,1594.8440143252813,604.9563873127983,15.0,0.29582827165722847
548,870.3276935839966,677.7763563821809,15.0,0.29520736914128065
677,2709.927427358491,849.073083928593,29.0,0.2946281423792243
555,407.56629228154395,694.0121824378575,10.0,0.29405954107642174
624,528.8825800227281,781.0402773006969,18.0,0.2936378475278616
31,1009.8995610114544,23.473117330929544,21.0,0.2935838717967272
2099,1827.977427075725,2832.695838696858,21.0,0.29314849246293306
141,2459.1638469159425,173.06171092314386,33.0,0.29227948375046253
2162,514.0875794655043,2931.775619168509,27.0,0.2914931648410857
873,519.1502146204874,1061.6328065132168,23.0,0.2901543602347374
824,1240.54914236196,994.4050444252673,11.0,0.2895272122696042
722,82.69669967372471,888.568795721141,16.0,0.28915003407746553
303,1972.3478706807573,363.7436616440604,16.0,0.28846864495426416
701,1628.6009144712857,866.6023937809297,16.0,0.28835996612906456
780,2190.189456621795,947.9401410224718,15.0,0.2882031602784991
686,1631.911825276073,855.8566084634128,19.0,0.28755643870681524
747,1131.363184458799,922.8032097379479,15.0,0.2865622788667679
1387,23.181254821776427,1799.6617346627177,50.0,0.2865064537618309
659,650.8164398495416,818.4054302933075,10.0,0.28643822111189365
649,1518.0157635210676,804.4582291822866,12.0,0.28642501402646303
1780,519.3887830433555,2356.3984211189245,35.0,0.2862061895430088
1421,1187.1901937160294,1831.503231627957,18.0,0.28619333170354366
1165,710.3903177511032,1483.948750049799,21.0,0.2861353009939194
2033,2059.057447872345,2725.9824361933906,20.0,0.2861102810129523
2009,1542.8909257513658,2702.6444483329997,34.0,0.2857729149982333
1617,2815.108508247847,2113.0903085122136,18.0,0.28556525241583586
29,225.49778914348317,22.121638497933663,15.0,0.2853067135438323
753,2507.9423360165197,926.3223227195828,17.0,0.2852800916880369
1809,2642.1831064124112,2407.933845216143,18.0,0.28486218955367804
1995,1757.1395163390932,2679.2130022818187,20.0,0.2841318780556321
507,1989.5673530096453,623.957216456269,18.0,0.28346057422459126
479,718.8179645772541,582.4749464626021,11.0,0.28345268685370684
1396,1276.3738803972699,1801.2428283385095,16.0,0.283253924921155
611,2881.8000605307316,771.1243062274453,29.0,0.283139874227345
180,1716.2529253808684,211.5426932945382,20.0,0.28304620273411274
1273,715.0247619857896,1649.59963599149,20.0,0.28274957556277514
830,706.137303925957,1007.6328262947177,18.0,0.28219900466501713
177,761.7987876565267,211.18335239773324,23.0,0.2820345861837268
1288,1179.4548466328372,1669.373283926472,20.0,0.28136587981134653
1229,196.93930361572683,1589.7796413330486,16.0,0.28074959851801395
490,743.5925359138887,599.2604465474923,12.0,0.28022474236786366
1721,2131.458466917876,2279.2006616702174,24.0,0.27998277731239796
2014,2392.1293964769166,2706.140096606424,17.0,0.27974607050418854
478,446.3019670576468,583.8755822452287,19.0,0.279579009860754
12,1202.9601728830444,9.994790024192932,20.0,0.2788755614310503
634,588.00679714002,786.7112516593866,15.0,0.2787949936464429
1228,2899.873616738801,1588.9854699686437,21.0,0.2787623843178153
272,1756.7564260751515,333.193933952956,16.0,0.2779229860752821
866,1426.1666165960119,1047.868697035487,11.0,0.27774700429290533
1548,2469.1723577261105,2015.038755462993,23.0,0.27678838185966015
980,2797.152668250176,1184.7857803100592,20.0,0.2759043425321579
2056,2416.3173639436,2764.919175257286,20.0,0.27564636431634426
1834,767.8746709491224,2453.4771588968906,29.0,0.2752315504476428
774,1279.4390207654008,938.1826209231647,12.0,0.2752008903771639
567,992.4315669406878,706.9604448407398,12.0,0.2749563492834568
1069,2305.7594572494877,1334.7930223698763,21.0,0.27363715693354607
2116,2419.8851916583963,2868.8655528063655,20.0,0.2735112374648452
173,1271.9230064377464,209.19994602123094,24.0,0.2731401240453124
1581,2940.8053348186368,2062.5560241682306,21.0,0.27308870386332273
1659,2347.913861258183,2184.3174920280458,19.0,0.27257463708519936
1826,2521.605415863421,2431.181604849162,17.0,0.2722932593896985
1533,871.6862127518982,1991.7644486152308,11.0,0.2714483281597495
227,2663.7269301716597,278.0989829218424,22.0,0.27128056064248085
1159,246.2427232118129,1476.0391484936335,16.0,0.2711521191522479
99,2028.3176238319413,124.09952412140888,18.0,0.27111160662025213
1076,2184.136744924276,1358.0000953242454,22.0,0.2707476057112217
1937,2026.346589378574,2604.3620647517746,21.0,0.2707384219393134
778,2184.604987674045,948.1785756027302,15.0,0.27009813487529755
853,2873.242022025039,1033.571008221825,17.0,0.27003300096839666
2019,2290.527065152932,2713.227588297521,21.0,0.26979242265224457
1854,2305.2139397254855,2474.648402124112,14.0,0.26950663700699806
1314,1598.2014297997814,1702.128868166177,22.0,0.2679231381043792
452,2263.8194660373483,550.8372606357846,16.0,0.26782406121492386
933,1353.0206687503064,1127.334367898071,16.0,0.26777471881359816
996,666.6125846365302,1212.9888788170358,18.0,0.26745811104774475
1649,1248.9304967049454,2171.5761846995874,18.0,0.2673994740471244
2062,1572.5333040870196,2771.687276216258,29.0,0.2672908939421177
530,821.7369716282764,650.199312286239,10.0,0.26704927161335945
2166,89.57394960940339,2935.295440066895,31.0,0.26599176367744803
572,471.9210999861566,714.6781729861399,14.0,0.26577883027493954
372,859.6524529047896,440.57230375852635,18.0,0.2657551057636738
464,763.5342713106525,567.522382588628,13.0,0.2657492281869054
1524,488.19711140872795,1982.564280790488,19.0,0.26529786735773087
1490,2808.611504906309,1928.781737432592,21.0,0.26452687475830317
1007,433.19581275474343,1232.562962135235,20.0,0.2644281620159745
1186,1939.5896397980894,1517.1680524073063,18.0,0.26408967189490795
444,1728.5310122560677,535.5520736992078,16.0,0.2634676955640316
1234,1000.6379213815474,1597.6570989915572,17.0,0.2631047060713172
1303,237.6379077004294,1689.4259751483426,19.0,0.26223949901759624
1458,2668.514104864707,1865.6481067043667,15.0,0.2618077853694558
879,1588.8467042546822,1064.9770294355264,18.0,0.26170563232153654
1353,372.83535381959285,1740.0912611418457,16.0,0.26166017167270184
1903,2009.634566545429,2554.223581942989,20.0,0.26107669062912464
374,143.70563891008138,444.3065407318638,20.0,0.2608796861022711
43,1393.6666034441582,36.33721081111605,20.0,0.2608444318175316
1150,1093.2655274232084,1461.273873876673,15.0,0.2607783582061529
1361,381.05262574451103,1749.1006889821847,21.0,0.26073502469807863
621,1905.7652310397143,778.1937882047959,15.0,0.2607289021834731
60,286.2465331867318,64.58563730969024,18.0,0.26038228068500757
18,2575.6496379324335,13.405493778458542,28.0,0.26030752807855606
308,378.6497945554712,369.7691249971503,18.0,0.2602675063535571
1968,514.9855264732096,2651.889844821912,27.0,0.26019824715331197
610,1113.2097852246711,768.5749169443636,12.0,0.2601560801267624
2184,933.0466834251306,2955.3253493850643,28.0,0.259951732121408
2057,1239.552715932046,2771.7361058790702,30.0,0.25983593240380287
1650,967.0640158094035,2172.575197750905,14.0,0.2592602977529168
834,1678.2972754601444,1011.3619196825841,12.0,0.25869448482990265
1059,1332.153883799375,1317.727104286027,16.0,0.258601401001215
666,1215.9067212613504,828.7996567464797,13.0,0.25851187482476234
1912,1294.0602432934606,2574.965539709029,23.0,0.2584028337150812
1296,1539.2320503125295,1677.9907194902698,17.0,0.2579592736437917
1863,2230.54694554674,2496.551293261248,17.0,0.2579502370208502
604,1078.3447927208176,756.9609851959144,10.0,0.2578237522393465
2092,17.00989847134361,2818.9735423591374,26.0,0.2577320961281657
1054,420.57505174406333,1313.3283176873206,18.0,0.2576374290511012
480,915.971484929775,585.3507835620435,14.0,0.25661366805434227
1970,232.84584473046692,2654.4914571753234,33.0,0.25636572670191526
1221,534.6836333034316,1581.8949784377232,21.0,0.2561911903321743
375,2790.6584725031817,445.03341956620164,20.0,0.25610302900895476
804,2404.3631820606747,965.3540550862639,14.0,0.2554568760097027
15,760.8951412598756,9.782186828587175,19.0,0.2554165618494153
937,1327.4320153204476,1130.955960010849,10.0,0.25510246958583593
868,1432.6483509579318,1049.4505441482997,13.0,0.2534639574587345
2194,960.089707619092,2969.1203080552846,26.0,0.25287200743332505
627,1901.3908013195505,781.2791304536594,13.0,0.2524342816323042
744,1569.3452539088341,916.3445032654515,18.0,0.25241527054458857
1619,1537.5608922237498,2120.1462288446123,19.0,0.2522100117057562
1757,1915.6514274165254,2324.7069872492557,19.0,0.25184333976358175
921,837.6401420667803,1114.7824912973092,22.0,0.2518245279788971
614,227.80221976522168,772.4653927125528,18.0,0.2518002903088927
1077,2755.510187656711,1363.8967147934056,19.0,0.2507122028619051
1768,674.1810409497475,2343.037925845721,30.0,0.2505302173085511
276,2862.05839329702,336.2141423006164,13.0,0.2502507632598281
943,1119.5764337498174,1139.1890968693097,17.0,0.24986030254513025
892,2054.9796053853506,1082.3021366533449,13.0,0.24963734205812216
1316,110.49171376023641,1704.1949866659688,22.0,0.2492570709437132
1465,2685.536148096874,1877.326779129354,18.0,0.2492376957088709
829,1419.8389028927243,1003.7641734751015,12.0,0.24907127115875483
1070,2125.03978276698,1334.603323441467,20.0,0.24896676279604435
1880,1130.6065109701826,2514.6102811474366,26.0,0.24895045859739184
1083,2251.1951031032263,1370.4475409787126,19.0,0.24863542895764112
394,1892.063155378853,476.9538987473222,18.0,0.248634310439229
1616,2071.5409043966674,2113.3600773675416,21.0,0.2485695518553257
1230,1563.8143728564232,1590.6623834160848,21.0,0.2479514153674245
1799,327.58699794088426,2391.137567529774,21.0,0.24787030462175608
816,1979.1385891418572,979.9138457217246,16.0,0.24762628879398108
1232,1041.2070930463435,1594.7605006107347,15.0,0.24626111425459385
232,374.8946910745096,282.65556429886146,15.0,0.24621481355279684
833,1924.1719707304273,1008.5078813450008,14.0,0.24618164543062449
1997,2542.681008451805,2680.541609061651,18.0,0.24597466550767422
1645,1443.931829856971,2168.860165224621,18.0,0.24596239067614079
474,1847.1559473508769,577.5219135328166,16.0,0.24566338956356049
2205,1939.702840745411,2986.9411669521733,23.0,0.24561795266345143
2043,1234.3402050758107,2739.9663311798167,26.0,0.24531854735687375
1714,1370.2837338795316,2269.6503330266282,19.0,0.24519972410053015
765,848.5920916855457,932.8429885546483,14.0,0.2448879163712263
718,1489.6695014840027,885.4596095216451,16.0,0.2444262197241187
864,848.622993056082,1048.7842887895956,17.0,0.24390880577266216
1856,1450.3980945338608,2479.0503928938756,19.0,0.24387947097420692
1635,1180.9251877434986,2144.8843659746417,18.0,0.24371112696826458
430,1148.801939258383,516.9697799236955,16.0,0.24279663059860468
396,1610.461669681835,477.19481878441405,14.0,0.24277848470956087
1151,2667.7390698935583,1461.5641270111412,20.0,0.2426518378779292
977,1251.224108452176,1183.8337863236152,14.0,0.24263563752174377
1084,1718.8949951438663,1370.2168379069328,16.0,0.24239802360534668
720,1352.8280408778007,889.3377240507319,15.0,0.2422105735167861
950,1406.9990341727114,1156.069738113733,14.0,0.24132896587252617
1761,1794.3643623226021,2327.8725667769977,17.0,0.24113556277006865
1788,1746.8206186628875,2371.507116669303,18.0,0.2408942375332117
387,2697.54259082647,464.89786954603505,23.0,0.2405373607762158
117,1916.2644798406689,137.02438065311105,20.0,0.2400150327011943
698,1724.7359597295545,864.2867394911118,13.0,0.23996432032436132
673,1876.2774256402386,837.4514540133933,16.0,0.2399187833070755
1624,2090.8797681596748,2124.546049268727,15.0,0.23968250211328268
105,1059.0366493944389,129.31367796654757,20.0,0.23911071754992008
558,1765.6740930843653,694.0402058330853,12.0,0.23831709194928408
1431,999.61502882227,1839.036707722849,14.0,0.23819477763026953
1245,157.7904722717004,1612.870312171983,15.0,0.23686884809285402
391,582.9756633085769,468.90801160842847,13.0,0.23629400227218866
253,682.9751824747924,309.2441588070958,12.0,0.23619025759398937
695,1179.4340431975706,862.9230002516681,14.0,0.23573181871324778
1497,420.4775885923173,1938.4415908163855,17.0,0.2355319568887353
539,1562.2704848010146,662.2390462965884,15.0,0.23539906833320856
145,249.4375258620691,177.55037455104824,16.0,0.23539581522345543
743,790.828456774317,916.0551356786938,12.0,0.23523136600852013
1957,2501.0300950697283,2633.5748958547415,11.0,0.2350310469046235
261,1832.9529089073199,316.232437460846,13.0,0.23501001112163067
1042,15.48447573707167,1295.7827084897726,19.0,0.234808636829257
1585,1187.8142906779979,2067.7249297934795,16.0,0.23411732632666826
254,696.8238773369269,310.7427608693623,12.0,0.23411031626164913
595,2025.9729057728007,750.3651304239768,17.0,0.23331136349588633
172,320.3529263891433,207.2026413885784,16.0,0.23284864518791437
470,1537.24047941777,570.1684915071735,17.0,0.2320351004600525
989,454.50698486273023,1203.68509210152,19.0,0.23197547905147076
803,2142.175946700229,965.8910331267665,13.0,0.23156825546175241
1669,975.8824817226554,2201.1544634750207,18.0,0.23146626353263855
299,2473.3597056538624,358.74634829144117,22.0,0.2313413484953344
1400,42.61892456903764,1808.2532903029798,32.0,0.23097071889787912
1262,168.979806369651,1635.3194977975083,16.0,0.23048958461731672
300,739.018608305462,359.0197088415141,13.0,0.22999571356922388
2031,2856.871285190378,2725.5081909475075,18.0,0.229293888900429
1491,267.6739935392701,1931.7934029130938,26.0,0.2288695853203535
1921,2740.048949056544,2588.7411230385133,20.0,0.22873959224671125
812,2058.8460172721575,974.9843637832283,14.0,0.22866963874548674
116,1374.392021460691,136.44748906767123,18.0,0.2278932835906744
1566,1541.7477750749679,2034.5129874354698,17.0,0.22782654874026775
485,1237.5906360050756,591.3670297387745,12.0,0.22751898597925901
212,695.822852457016,263.2750561673467,14.0,0.22726040706038475
1226,1744.3863629356913,1587.581113609966,17.0,0.22726029437035322
1851,2513.9751442056945,2471.716609717077,16.0,0.22703611105680466
674,700.4782633439023,838.5195070732932,12.0,0.22650661505758762
27,1227.0749293703736,21.656576906846112,18.0,0.22647193539887667
652,1960.7209524734842,809.513192508276,14.0,0.22646969370543957
1702,2483.3762214971107,2253.9562051238863,15.0,0.22620822861790657
1961,1005.3798205925858,2645.2915555829163,28.0,0.22613726742565632
1005,629.2944263487165,1227.5948684220366,20.0,0.22578066866844893
2138,1210.0246230035234,2909.341668448052,17.0,0.22520606266334653
1712,2985.920982146219,2265.381457459248,16.0,0.22494042944163084
793,2809.0795506902764,958.6464886024338,16.0,0.2243590233847499
26,163.66240068640477,19.869483296587624,16.0,0.22419318743050098
951,796.9404209214215,1157.397530799321,20.0,0.2241906151175499
1798,1722.352304615275,2389.13479627699,16.0,0.224093372002244
304,2199.3317435449344,363.4525502165974,18.0,0.22397491103038192
158,2867.75077242109,186.67303176606208,22.0,0.22390588652342558
1196,1562.7862811621142,1544.615608550656,14.0,0.22378677129745483
1629,1462.7334890806808,2133.592387972388,14.0,0.22326170559972525
574,2684.910885237656,715.9091545561525,14.0,0.22321845684200525
600,1987.9020459536905,753.1099529128036,14.0,0.22305939998477697
1883,299.0778944755369,2520.264747893692,20.0,0.22269358579069376
647,1170.9563540285917,802.6075019203978,11.0,0.22249028366059065
1732,793.3188175931946,2287.3010521377764,23.0,0.22214357275515795
1689,2270.0742200677964,2235.6630730251895,14.0,0.22194546088576317
1522,1803.8697406028386,1977.329327951313,16.0,0.22105474025011063
828,1291.0542586369884,1004.6606687016151,14.0,0.22094703558832407
808,1896.0614762528876,971.163393820977,10.0,0.22071901243180037
750,375.25360951853264,924.5473647972245,15.0,0.22068154998123646
962,2551.4860377440777,1166.4752049241824,14.0,0.2205559490248561
1897,2261.273650776392,2540.7607336213855,12.0,0.22054091282188892
532,1538.5124760010597,652.3563222752133,13.0,0.21987362578511238
675,1220.0172730294892,839.8334466431146,11.0,0.2198638403788209
362,1801.435938572521,428.5022970483714,13.0,0.21973844058811665
1225,1566.107762459528,1584.9398482970525,19.0,0.2195065626874566
1569,2484.715414411384,2040.9430224092157,18.0,0.21945882122963667
2145,1770.0260752217932,2914.38039598242,24.0,0.21922930842265487
1261,2855.988582529981,1634.945243520463,16.0,0.21886297035962343
806,1521.3341477831561,966.9158473795661,14.0,0.21852190047502518
678,2548.966721781118,849.9082750793474,15.0,0.21851502638310194
580,2842.6991055591047,723.2486239829237,25.0,0.21840681601315737
462,2121.4479362915754,562.2648543653131,17.0,0.2181742051616311
166,898.9573567690754,195.9903602944118,16.0,0.21815622318536043
929,1702.1595501836011,1121.6346955800486,14.0,0.2180920597165823
513,2513.905457935494,628.1977605973066,21.0,0.2180068651214242
2157,1333.6206245604264,2921.8289250796242,22.0,0.2175331013277173
857,2524.155406891091,1035.6701038384726,13.0,0.21750908438116312
1239,171.49797607383903,1602.50858747049,14.0,0.21733347792178392
992,2196.222106313972,1208.0618465813466,13.0,0.21648159809410572
607,518.7690945178409,762.9953897287265,12.0,0.21639693528413773
1116,514.5101523631356,1421.8638444224146,15.0,0.21617162134498358
1867,1020.7370975997372,2504.8298774719315,28.0,0.21612196741625667
1357,162.68091418744447,1747.695024272497,20.0,0.21600863942876458
1411,70.99477668100496,1817.6861667672297,28.0,0.21554851531982422
465,691.4916238606854,569.3874559326796,10.0,0.2154165767133236
1098,1533.5764211709125,1392.680529563618,15.0,0.21521219983696938
1674,2928.03342378425,2206.9302860558987,10.0,0.2148252995684743
65,1600.2514897350145,76.51550594876812,17.0,0.21474945452064276
1350,1697.189941876703,1739.1163089130382,18.0,0.21428914181888103
953,1197.4119236175425,1159.9139626394608,10.0,0.21414296887815
932,84.87390244046277,1126.1930017343082,17.0,0.21414250880479813
2048,1233.6234709208518,2750.807544043293,26.0,0.21303822379559278
499,713.4678396974613,607.8187242115273,12.0,0.21254954393953085
449,1566.7730613875335,548.7081868557989,14.0,0.21252300031483173
225,390.5708798730086,276.0729839602962,12.0,0.21233362331986427
86,1213.2714971243079,114.31348220951998,15.0,0.21229885891079903
1595,461.25568354183235,2079.2064120166606,21.0,0.2121062334626913
590,1705.0005231087478,747.9950547810091,16.0,0.21164757199585438
882,405.08807935270096,1068.8649470552118,15.0,0.21163754723966122
1844,2170.126849912383,2459.765440474342,14.0,0.21114290412515402
1377,203.97843056244943,1778.9811840475452,15.0,0.2106004524976015
292,1253.276587857726,352.06784173598794,15.0,0.21056122332811356
597,1073.3347091761736,751.5727666972348,10.0,0.210266025736928
954,1521.735020323494,1160.6862701160612,13.0,0.2099748458713293
457,2844.2606449193813,555.9717214749517,22.0,0.20992588670924306
1913,2261.573829649023,2577.2275098742607,17.0,0.20977525133639574
2172,982.0060715437594,2942.5027359836513,22.0,0.2097095842473209
639,615.8159873640008,793.7817426792465,10.0,0.2097000116482377
128,1389.7834333812712,148.99711040885379,17.0,0.20930133759975433
1345,2809.5666977618757,1730.3506032393327,17.0,0.2089858427643776
1394,14.14013143525781,1802.3324026398723,33.0,0.20896198833361268
101,484.2262911869086,125.94921655196285,15.0,0.2089435663074255
1506,1932.928037169216,1953.6987965621875,11.0,0.2084360420703888
1664,2177.180700494915,2193.984602579142,19.0,0.20824624970555305
1440,1684.537653563347,1849.6366958529188,18.0,0.20816578436642885
42,2754.363194593525,32.61547837968018,13.0,0.20776004530489445
1697,1728.4925506104998,2246.887310373899,15.0,0.20766457356512547
1388,2447.738924685983,1794.6999392590194,17.0,0.20744668412953615
734,1334.0129933350927,903.5743757843443,10.0,0.20736950356513262
1717,2632.8917137015023,2275.82245155968,16.0,0.20728476252406836
1344,1678.4193992041612,1728.4132747790115,16.0,0.2067278539761901
1108,1400.0015117706987,1415.3369746433732,17.0,0.2064350564032793
1324,159.9480459421401,1711.7086108829208,12.0,0.2058492712676525
1666,2217.884870601835,2196.7419187201076,17.0,0.20420303475111723
2167,1986.7472481129114,2935.6717982003115,16.0,0.20378344086930156
1233,1319.9347879466347,1594.8222398245855,17.0,0.2037229761481285
118,1140.5328263486738,138.07661870251067,18.0,0.20336793828755617
1312,1142.1645517152658,1695.9434633481349,13.0,0.203314371407032
1771,1947.9290045890928,2345.598785701361,17.0,0.2030790150165558
922,1721.2497648904437,1117.4513346819558,14.0,0.20292678195983171
296,732.7365252954685,353.08965120754783,10.0,0.20282839611172676
821,1939.435667269943,989.2193883638847,12.0,0.20276241190731525
1360,2447.4275449095894,1749.1840146270765,19.0,0.2021517800167203
35,193.52572823997937,28.760833864204955,13.0,0.202029793523252
209,1715.455479290329,261.2694043287906,19.0,0.20186852291226387
323,2054.866532401465,377.19887065761026,13.0,0.20182082150131464
854,823.8020535891835,1035.3080889151888,14.0,0.20120002329349518
1304,2962.8470256872715,1689.7072164748072,13.0,0.2005722476169467
1946,1296.1535089808115,2617.422697619673,22.0,0.2004713392816484
481,536.9537225802969,585.496824071586,12.0,0.2000774359330535
1113,606.642414454624,1416.625836494965,16.0,0.1999032199382782
1183,2411.4436895683034,1509.6569952780258,17.0,0.19908637925982475
903,2369.4424559877434,1097.4902018590838,14.0,0.19888906925916672
654,710.265371571344,816.3149895362767,14.0,0.19882179982960224
917,1614.3127801761646,1111.5225813672816,13.0,0.19864794425666332
1071,1238.8962337447115,1341.4503426996496,12.0,0.19811387453228235
1555,2471.0539606176617,2022.9248857779605,14.0,0.19797834195196629
473,1207.1118125408411,577.8022451539563,11.0,0.1973707638680935
815,1529.067728120576,978.6185990706823,10.0,0.19730974454432726
401,1898.7175787022743,482.9457420303029,13.0,0.1970885507762432
1949,2222.978061892424,2616.1400956472467,15.0,0.19685561396181583
1402,263.7306387656756,1807.3986086277682,14.0,0.19669946748763323
188,1316.0276459408522,223.50174513479357,16.0,0.19669267628341913
515,1834.4178601453052,631.937735566526,10.0,0.19659367110580206
788,1370.4006134042613,954.3502427478647,11.0,0.19580351747572422
2141,1526.6539996931238,2911.6358214250517,18.0,0.1952712000347674
702,1808.6428470878186,867.0839050973082,15.0,0.19512909650802612
638,1729.6642544028698,793.8006476092304,16.0,0.1951176393777132
566,1026.3448604497148,705.1582177254181,12.0,0.1950952298939228
1161,1123.6895995201103,1476.1018329223784,12.0,0.19503269344568253
1476,708.7925482825896,1900.6929755751523,12.0,0.19500922039151192
1437,2904.252114818199,1848.4736657122467,15.0,0.19464729726314545
782,1843.5521832491445,949.447366697594,11.0,0.1941101811826229
725,1295.8784589254753,893.4697785611602,12.0,0.19384245201945305
690,1665.647562400615,861.8226375758926,15.0,0.19371438026428223
2026,1770.6433235268485,2719.3914957414236,15.0,0.19337046146392822
1514,2633.4882993759466,1965.5601577738294,13.0,0.19327948242425919
2034,2564.2169788164156,2727.032645484249,15.0,0.19316239468753338
1839,1992.6891024765466,2454.938388201151,13.0,0.19275964237749577
38,1615.6959340979713,31.632897575233553,17.0,0.19232883863151073
587,1377.4764814038583,744.9822453415034,13.0,0.19231889955699444
1158,474.9136914649755,1472.4661532733353,16.0,0.1923016831278801
263,373.84355353271394,320.3645646769592,10.0,0.19226925261318684
754,1400.4838451026496,926.276600203763,11.0,0.19152434635907412
1571,1361.5369578661916,2043.5812899805328,13.0,0.191510115750134
1678,815.5327227227644,2214.0788378804655,14.0,0.19146548304706812
482,322.6040150688795,587.7201877912474,14.0,0.19136585388332605
886,1880.5240495441099,1071.7114725054084,14.0,0.19132237695157528
238,1945.426336747779,291.37537591381533,13.0,0.19125043042004108
423,421.3890145357065,512.5903195701894,14.0,0.19118312653154135
681,1788.3497686398775,852.5782416092867,10.0,0.19117422588169575
1485,412.6149504118539,1918.7435274688835,16.0,0.1910502491518855
942,2060.3791095819083,1134.8764971254927,12.0,0.19079882744699717
664,1808.0857502151696,825.9605007231739,10.0,0.1905931606888771
680,1599.5897308524802,852.4128453213914,14.0,0.19047225639224052
787,2159.9992711700247,952.5417965505105,13.0,0.19046475645154715
613,2035.612498516615,770.6461598993111,13.0,0.19045406207442284
1301,850.8895170365817,1684.9774027076292,12.0,0.19027971848845482
1329,1688.6090330206096,1716.3796389043966,14.0,0.1901342300698161
510,1283.7504513350939,626.2882154756745,10.0,0.19013144448399544
348,752.1028632555731,414.15921836104656,11.0,0.19004382006824017
301,1508.6193850959787,359.79182464562547,15.0,0.18998268619179726
210,1723.0815194996142,260.6004649386191,16.0,0.18977852072566748
1406,653.2408441516989,1811.2265691863743,12.0,0.18936453387141228
925,2139.106587039403,1116.8395576887012,14.0,0.1890896586701274
1237,1204.749467087386,1597.1035920464017,10.0,0.18896016106009483
1322,1705.609960102244,1709.4940681739217,13.0,0.18891785480082035
1908,1562.2606392143289,2569.79727965019,15.0,0.1887847324833274
1095,1130.5364254611736,1393.2895803992055,13.0,0.18790362868458033
817,2128.4727650751524,979.9356913083644,10.0,0.1878467770293355
4,747.5696295085112,0.7225430675140029,14.0,0.18758604861795902
1383,528.4326619519757,1788.9329207548662,13.0,0.18731681816279888
703,2265.532394699902,866.9637162224551,14.0,0.1873020175844431
724,1318.7710400058459,889.341664433667,10.0,0.18717167247086763
1125,2824.8601811297362,1432.4637814184894,16.0,0.18694113101810217
1017,1278.9649954078673,1244.0372395110805,12.0,0.1868817564100027
415,1.403541610976429,506.2301847254801,15.0,0.18665601965039968
236,9.810389433744335,291.6376869759875,17.0,0.18647422641515732
1188,220.6444859016115,1529.4407264971042,13.0,0.18615593388676643
594,1547.0076373274314,748.5410830168489,10.0,0.18598752189427614
1439,1542.0105174530822,1848.1033955152209,16.0,0.18594877887517214
1675,2605.9732682395893,2209.793966552743,16.0,0.1858331635594368
1148,2204.7557588608256,1456.5740016118068,13.0,0.18574601411819458
927,1336.703732471357,1119.3504888741431,11.0,0.18568618688732386
1455,157.4941935137386,1863.2320502275327,18.0,0.18558753374964
536,1493.1415414090272,658.7485338207514,10.0,0.1854713996872306
363,1874.5968662966552,429.92027812736615,11.0,0.18529908452183008
341,774.8091167214252,406.7745309098376,12.0,0.18529776856303215
1601,719.6985791688091,2088.4285672472156,12.0,0.18509046453982592
939,1509.3841143230802,1132.5003728898964,10.0,0.1850070348009467
324,2092.70356748165,376.75486710383615,12.0,0.1845221221446991
1354,1823.9401774220403,1742.4823569711727,16.0,0.18433434423059225
874,1215.444211683747,1061.7595649940986,13.0,0.18383878376334906
1588,668.2922357347435,2069.996599625848,11.0,0.18380175810307264
74,161.88891209112026,92.55064602547002,11.0,0.1837133625522256
946,1526.4485106845655,1144.759750762384,13.0,0.183456608094275
818,1988.7376243550355,982.6512472109156,10.0,0.183437280356884
2055,1696.5860510766513,2765.111152720636,21.0,0.18340169079601765
1391,39.49277270433031,1797.4375846262465,31.0,0.183284712722525
958,816.3988399263119,1168.6370215068823,16.0,0.1832482349127531
2126,1177.05675746973,2886.4270976634148,21.0,0.1832336033694446
2001,2297.386480842881,2684.0224403359525,14.0,0.18322239816188812
1807,2298.3767551042515,2405.8266092517806,13.0,0.18314657360315323
749,49.14766144391258,924.7941358962556,13.0,0.18303207773715258
2177,1176.691180313867,2949.372277253114,20.0,0.1829945771023631
314,1929.494177036162,370.128997779738,10.0,0.1828691940754652
1018,125.29605817904525,1246.4235572098296,14.0,0.18282626383006573
289,441.9981783186101,351.0332383330316,11.0,0.18269027024507523
810,1636.5414888329067,973.5125517598773,10.0,0.18267735000699759
2179,749.0520099341826,2949.4153294389935,14.0,0.1824507461860776
1334,2208.0477797810263,1721.9812268076296,15.0,0.18217813409864902
571,1693.3298589640242,712.9540000187785,12.0,0.18211336061358452
632,1983.3378823783028,785.9120725889641,12.0,0.18201877269893885
1444,2028.6785704375015,1854.1947505833389,15.0,0.18200253415852785
938,26.38824933702715,1132.9331868075112,16.0,0.18190577533096075
107,247.2288145692605,130.63977494896662,17.0,0.18180574662983418
676,1108.7244356627634,844.7845683829194,10.0,0.18160165380686522
543,1097.917899141459,668.9334811777287,11.0,0.18149499408900738
412,2374.635107547551,497.3390100522742,20.0,0.18123731343075633
1464,2670.679335054302,1873.5842834615494,12.0,0.18120658677071333
1417,269.5635890555058,1825.3549432445348,16.0,0.181104039773345
2190,2998.14384864019,2957.918306180688,12.0,0.18093188665807247
1371,991.8350929620923,1766.3383863931683,10.0,0.18047520238906145
1638,1573.261078088927,2155.721925702648,16.0,0.1804519472643733
1829,2835.5677907349136,2440.7930732608324,17.0,0.17982172593474388
82,1204.2402912919806,106.4009571591787,13.0,0.1795843979343772
1549,1523.2440029134814,2014.4461962645835,14.0,0.17955029103904963
916,1355.9079578339408,1112.187927018658,10.0,0.17932124342769384
831,1894.0823716672617,1007.1031672392211,10.0,0.17907915730029345
1255,1183.3048223857047,1629.2886749620886,11.0,0.17893993761390448
2173,1269.4347830703266,2939.622272988677,17.0,0.1786330626346171
393,287.0977839190672,474.5768142580075,15.0,0.17850746680051088
258,1820.378398360478,314.91817719871636,10.0,0.17827122192829847
1191,2397.13706873284,1528.8538132856663,14.0,0.17797918990254402
340,346.70104670917647,407.12232077254373,15.0,0.1779581056907773
1207,852.7709471526099,1559.5264606334085,11.0,0.1779020233079791
1338,2806.677096604568,1725.4954816910695,16.0,0.17761114798486233
847,912.7032363453033,1026.7673186181312,11.0,0.17712564673274755
1906,1308.8613889124285,2572.990198876197,16.0,0.176916366443038
1691,1132.4395850506876,2239.3430850900645,16.0,0.17667708918452263
1667,819.0147774041822,2195.5805957227544,12.0,0.17663895804435015
777,909.7484605342116,944.9562874060668,10.0,0.17642572615295649
713,1296.824007048491,877.6238045253084,10.0,0.17604258470237255
783,2163.269277090295,948.2438268141207,12.0,0.17602405790239573
418,2163.349667527509,507.7939754520635,13.0,0.17534207366406918
860,43.45343724315436,1040.4899653726654,10.0,0.17532508540898561
1190,567.2105427971885,1529.3815012727612,15.0,0.17523271590471268
1720,1161.0305957282312,2276.74502184249,16.0,0.17506271228194237
1724,1651.249741536458,2278.815650160143,14.0,0.1749764159321785
526,780.802780511437,646.1100220546185,10.0,0.1749248718842864
1031,2267.3334744141484,1271.678814358351,14.0,0.17474629916250706
1496,415.4901931681477,1935.0480117586903,13.0,0.17465066816657782
1641,1491.841228025794,2158.3846686481147,12.0,0.17452105786651373
1967,1048.1058314688871,2650.786630283584,19.0,0.17427294375374913
1272,2906.835109106859,1648.7439639230793,13.0,0.174123240634799
1477,2794.453346622208,1902.6282445592678,14.0,0.17408026289194822
742,316.4997309869418,914.4773025859029,14.0,0.17399653978645802
1041,1357.3180563095439,1294.277724561245,10.0,0.1737267579883337
904,2578.4229684514953,1097.6664259992344,15.0,0.17314160335808992
298,491.96162121640646,359.2546375586837,11.0,0.17310110479593277
1179,235.78211677613905,1500.960568902377,17.0,0.17308658408001065
556,1284.8567019503168,693.5002102019665,11.0,0.1729355026036501
1661,1870.5791672126074,2190.964472169818,13.0,0.1727440981194377
1596,686.451177991705,2078.6307902465815,11.0,0.17265114653855562
1540,2217.989291886094,1999.3443152872946,12.0,0.17248940374702215
137,2317.1631644864224,163.0907955708305,17.0,0.172450284473598
1701,2094.9784637344615,2254.4806165076125,13.0,0.17220792267471552
1836,2003.9067822898462,2454.2518585347334,14.0,0.17216154467314482
835,1934.0411180949357,1009.7709199819473,11.0,0.17216016817837954
1891,1568.6203210461174,2531.488913633195,13.0,0.17210034001618624
1246,175.09229690928038,1614.1016323448987,11.0,0.17155867256224155
175,636.9526767192319,207.91444639618638,12.0,0.1714447569102049
625,1010.9411937723797,781.8384212751891,10.0,0.17136967461556196
1901,445.2749601521285,2546.3500021015366,16.0,0.17135994462296367
2028,2902.1586747384868,2721.113805464601,15.0,0.17134709330275655
716,2707.642131337364,884.3499033957406,15.0,0.1713027749210596
1093,1506.779764095449,1387.2023204435122,14.0,0.1712000798434019
1364,2488.4918497527165,1751.8882432299417,11.0,0.17117035295814276
620,553.5895148890871,778.2819006044014,10.0,0.17088127322494984
667,1889.2107528825886,829.6843125706704,11.0,0.17069083359092474
432,2072.267726090589,518.7742534208952,11.0,0.17057065293192863
1298,2131.800930725428,1679.7345241596265,13.0,0.17043588031083345
800,1648.3992200105022,962.6521812330972,11.0,0.1702986853197217
1241,1954.4606942248754,1606.0747810652715,10.0,0.17026748973876238
196,567.4107648196226,232.42915281838498,12.0,0.17022256087511778
451,2483.6121429776044,549.0697975238218,12.0,0.17020958848297596
2144,1721.7950189799087,2914.9560758040275,20.0,0.17001171736046672
1384,2297.4878018250047,1790.9179525302338,11.0,0.1700005792081356
1175,2421.232991249782,1495.8889965783244,12.0,0.16997703816741705
354,1993.1502347954502,419.5781808576791,10.0,0.16995498724281788
708,388.3216412434348,872.4377281976622,11.0,0.1696046283468604
1862,1144.1081478001236,2496.3621736336468,14.0,0.16954507865011692
73,1091.1723970234843,91.54883626937668,15.0,0.16939337085932493
1871,2274.2644083425007,2502.6900912233837,11.0,0.16925052274018526
187,2955.488586812227,223.81292541990143,16.0,0.16914458945393562
312,775.4765083424949,370.95730053610225,10.0,0.1690613580867648
883,1226.9074152195035,1069.1796160058796,10.0,0.16894595697522163
216,1718.8754100749504,265.4001438360873,16.0,0.16859961207956076
1078,1096.1099271423639,1365.2843398578968,10.0,0.16844063624739647
371,816.2055735069592,439.01240171248304,11.0,0.1680408613756299
756,1713.7807755659492,927.9139320001259,11.0,0.16800704132765532
843,1241.458238997655,1020.4735992968757,12.0,0.16799094900488853
23,1356.4812534567764,16.482675413443207,13.0,0.16791563481092453
463,540.5084997970382,566.2254272032583,11.0,0.16777979582548141
823,1403.843076134447,993.3292785028927,10.0,0.16775853652507067
1432,110.77561787159985,1839.9170424394358,19.0,0.16769234463572502
902,2880.405927420095,1094.0783077734197,12.0,0.1672211242839694
1258,1233.8567555687089,1633.7427254495308,12.0,0.16706181317567825
414,966.9821288068979,502.55578712690493,11.0,0.16701845172792673
197,983.6875975355625,233.30602991744934,15.0,0.1669747857376933
1290,572.7324927854718,1670.2828318375803,14.0,0.16682381834834814
837,2150.5221262168775,1015.5801308484743,10.0,0.16672526858747005
1734,2145.5866971360347,2287.3145472458664,14.0,0.16668544057756662
885,158.0841336246514,1072.310260348452,15.0,0.16652153804898262
1861,2919.829250219722,2494.2626832774904,15.0,0.16612423304468393
1197,854.416084628334,1547.7072679499538,11.0,0.1659343782812357
70,1669.9566866419646,88.90578417358081,15.0,0.16571373492479324
2096,1035.1862031426638,2826.501344246439,17.0,0.16554982447996736
1821,219.5426318016124,2420.272563767809,15.0,0.16544343018904328
1718,296.1668189035185,2277.9355368254623,19.0,0.16536813182756305
1503,198.8695563395334,1951.2506466185528,18.0,0.16513253841549158
623,2966.7765261079644,778.9378897260326,17.0,0.16480337781831622
2087,919.632433911744,2811.716974612003,15.0,0.1647826530970633
163,707.7124525684666,190.5861055574699,12.0,0.16472763195633888
1875,432.93766821958775,2508.8159544901605,17.0,0.16469344729557633
160,676.9946628959848,187.7805676108076,13.0,0.16452399175614119
127,811.6401277981022,147.73199592097146,15.0,0.16449703741818666
205,1308.6386710487052,254.29671941744772,12.0,0.16415475215762854
66,1907.3767700983121,79.70407961930138,16.0,0.16385240340605378
990,244.71052702111157,1201.8436236757925,12.0,0.16383652854710817
245,2652.8597251666392,299.14593350547847,17.0,0.16375834587961435
728,2804.1289921481475,898.4045378098657,11.0,0.1636253735050559
286,724.3966040998871,345.46311063832763,10.0,0.16359036043286324
1928,500.2559268162808,2596.4772431323245,15.0,0.1635041907429695
1214,1616.08180681479,1572.506019315766,13.0,0.16341919731348753
1242,160.93902077004927,1608.2747238279837,10.0,0.16336798574775457
1642,1441.5588743177489,2162.3463549024827,14.0,0.16316989064216614
343,1017.0403824525686,410.1010600281532,13.0,0.16311207227408886
1429,1542.7447045448841,1836.3165807845276,14.0,0.1629884159192443
330,1198.0010215884463,383.23351449190307,13.0,0.16266057267785072
1380,1799.039218900851,1783.6649783869984,12.0,0.16260029934346676
455,533.5008586891898,553.8401948829131,10.0,0.1624330747872591
1632,1432.8446743231552,2141.318123467293,12.0,0.16230317577719688
1019,815.7863524497801,1252.2215886335712,11.0,0.16209311038255692
1096,2026.4188759737012,1391.7664520350672,14.0,0.16205346211791039
1740,936.5748367488337,2295.086245865761,13.0,0.16200675442814827
1526,474.1783548368667,1982.3943116156697,12.0,0.16191962826997042
235,534.7682483102762,288.83139400961164,13.0,0.1616039965301752
852,2551.410654214335,1032.2160024329023,11.0,0.16152147762477398
934,1754.6182170122381,1128.641375322665,12.0,0.1613105647265911
736,778.3295287750682,908.5541268731887,10.0,0.16113253496587276
694,465.74814059782847,864.0944207631742,14.0,0.16085318010300398
531,2549.083515634434,650.4431412629499,17.0,0.1606968753039837
1974,2265.6825879554613,2657.5766289738845,13.0,0.16057444922626019
288,2609.630917931024,349.14128888272114,18.0,0.16041113762184978
360,340.02719859161925,429.31775673472674,15.0,0.16037482675164938
1828,1670.698447114369,2433.8032655984184,12.0,0.16024534031748772
306,1842.8923774756777,365.21256783864396,10.0,0.16015543695539236
315,2032.8782232517651,370.22992809780726,10.0,0.16010501142591238
243,1644.6343680832013,296.4850594468704,13.0,0.16007277742028236
770,1413.6204035818591,936.3393018938683,11.0,0.16002945601940155
1442,660.6757548486929,1850.9414736832723,11.0,0.1596419019624591
162,632.7705660251706,189.99259960227562,12.0,0.15936979930847883
2007,2543.1628422580307,2695.8520495724015,11.0,0.1589964348822832
1725,216.38808884925632,2280.392336912147,16.0,0.1589884189888835
1297,1624.0354531623489,1676.8894086111218,10.0,0.1587706347927451
77,1718.8530562473459,97.66927219328427,15.0,0.15869293361902237
484,1552.0469226367825,588.8303328067738,10.0,0.15859817992895842
390,1775.3183984403922,469.08113384339526,10.0,0.1585614811629057
1513,2905.45221274386,1965.1368942959314,14.0,0.15841212775558233
1359,2620.720730860533,1746.1005289461282,10.0,0.15832793340086937
1744,2321.9680308698903,2302.3723488597575,12.0,0.15827676653862
174,425.39287953957046,207.33765083504161,12.0,0.15822777803987265
569,2972.779344292648,710.9610573233018,17.0,0.15819868398830295
919,2218.1223952128266,1111.7096080540302,12.0,0.15813848841935396
1575,1006.3783492463579,2048.988419599229,13.0,0.15798319317400455
805,2745.6191378698245,965.8062338373119,14.0,0.15772372856736183
1452,2030.1988396338056,1860.5957052487784,12.0,0.15755685698240995
1589,719.2145750974047,2071.6424102408773,13.0,0.15745110902935266
211,1263.178527627271,262.2950720717798,14.0,0.15706793125718832
592,1062.4275352355914,749.0530728691147,10.0,0.15694279689341784
278,938.1474308660135,340.5451881729571,11.0,0.15663243923336267
568,1226.4396433674826,710.237774246774,11.0,0.1565665900707245
626,1772.446177150573,780.6702352856123,11.0,0.15632431488484144
1405,2289.1344144120862,1809.8764704193197,13.0,0.1561304982751608
1313,1616.8110203480614,1698.762695044382,12.0,0.15600132290273905
181,768.4464050196661,218.2480831431616,13.0,0.15587116964161396
1978,318.20957230141653,2663.9545648206417,17.0,0.155813863966614
1849,1399.6901486073848,2471.1849878825083,12.0,0.1557087069377303
274,2510.239630983058,337.56602048477106,18.0,0.15539153292775154
944,1761.0393916071816,1140.3787556854445,11.0,0.15537087060511112
1872,1914.272616829486,2504.8149544691382,10.0,0.15536357183009386
1643,904.7106330213791,2162.7063477187685,13.0,0.15535362996160984
2140,1875.2942444024193,2911.8510537499924,19.0,0.15525405947118998
1898,1272.1734699453777,2543.264338311536,11.0,0.15501867793500423
115,656.7230285780118,135.7091648623929,14.0,0.1549998689442873
1181,1662.4447316462135,1506.3254941176501,13.0,0.15483971126377583
439,643.1707014922548,533.0134026385466,10.0,0.15469148010015488
842,264.64955619157706,1021.8645272806821,14.0,0.15457478910684586
887,1602.3238504891474,1075.971299234141,10.0,0.15456732083112001
961,1326.274341561663,1168.3591216861512,10.0,0.15452042501419783
411,2127.355191160589,494.5514901857034,12.0,0.1543547920882702
1134,1447.3474936926946,1443.1048005590812,13.0,0.1542085912078619
636,1468.9173054891132,789.8943651314715,10.0,0.15419980883598328
1378,4.268818458734614,1782.1978437160988,29.0,0.1539234220981598
421,897.0102391256238,512.294888673203,11.0,0.15391219686716795
2207,160.49147725538754,2997.556149070973,15.0,0.15350165031850338
1137,1609.5262016608965,1447.9974801513445,12.0,0.15336625557392836
1099,2321.300836853756,1395.6980455668945,11.0,0.15319606103003025
727,2354.559083874615,894.1145648618316,11.0,0.1531353611499071
2008,1786.05344544254,2699.8054869503035,13.0,0.15312477014958858
140,52.84133854069303,167.9583181169228,11.0,0.1526328744366765
2139,2964.3591689742734,2910.2578562307954,12.0,0.15259733237326145
1900,1639.024853347576,2544.740668651593,11.0,0.1525408448651433
1700,1145.429965655625,2250.9321944374115,13.0,0.15249779634177685
1810,2510.3155497427465,2408.606765913281,12.0,0.15238039381802082
2112,2954.8902530170944,2864.9225305578548,14.0,0.15227225329726934
447,2184.2776598615196,541.4821857874481,13.0,0.15208495501428843
1679,1754.5216295457171,2222.1162150916434,11.0,0.1520294612273574
704,496.8659285765972,871.1071808613136,14.0,0.15200071968138218
68,559.3141514472866,83.55255124288645,11.0,0.15175995230674744
1696,840.2178521757517,2246.8926561686358,10.0,0.15172475762665272
1654,339.90677428507365,2176.142262032141,15.0,0.15172278741374612
1274,1735.0553470771767,1650.064758594879,12.0,0.1515733916312456
2064,2085.5522817638134,2773.5516212128477,13.0,0.15152386762201786
794,2018.9505337003059,959.7221552765667,10.0,0.15129428636282682
328,2735.407543745419,380.06802445753385,16.0,0.1512774210423231
169,955.1486594201233,203.06270653197635,13.0,0.15113780461251736
429,508.13059627454976,516.1238298269504,11.0,0.1509439693763852
586,1710.5901007859418,743.6727750081534,11.0,0.15075909532606602
908,1580.4693555695153,1101.9415241643005,11.0,0.1507424581795931
1552,2166.4544230342935,2015.1334550947067,12.0,0.15058455429971218
1128,1608.566456449552,1436.099512532789,11.0,0.15048510394990444
316,956.8174654421433,372.3559655133168,12.0,0.15014007315039635
32,1211.290767242959,23.101846486872628,13.0,0.15008396469056606
1368,976.8760243390561,1762.1813568634152,10.0,0.15001104399561882
552,1764.7476229056874,685.0465814178186,10.0,0.1499483473598957
1049,2687.5798823732302,1303.357681332057,12.0,0.14994127210229635
644,793.8063234957907,799.0535132726291,10.0,0.14983541704714298
1924,2608.1764195181013,2591.345697800836,11.0,0.1497466741129756
653,1990.6862224442698,813.1975532838769,11.0,0.14955007564276457
1688,1710.9863937604284,2236.4726090553672,12.0,0.14940311294049025
729,28.676120185113195,900.3853419506527,13.0,0.14894383773207664
2176,39.5286325012212,2947.0585287488657,17.0,0.14884916692972183
947,2160.564788379762,1143.7019341793252,11.0,0.14876965805888176
535,870.7547088981004,652.9008590896003,10.0,0.14867876004427671
361,1336.0489839713225,426.6085896149561,11.0,0.14855605736374855
247,257.0311429761331,300.7273071671964,11.0,0.14841111935675144
1722,1154.5034379065785,2277.907760050288,12.0,0.1481689689680934
645,1692.0449926498884,798.9460982424904,11.0,0.14778914488852024
157,2431.8045758732515,185.580277380461,15.0,0.14777386700734496
1163,757.3370966579874,1478.9146465626047,10.0,0.14759434573352337
1855,2792.227489233872,2477.1515813736078,14.0,0.14652974531054497
683,1805.3767571839862,852.6253073172312,11.0,0.14649476669728756
176,1734.5078521431344,206.91501113657628,11.0,0.14635374955832958
426,435.1404434914954,515.8827020539516,10.0,0.14628920145332813
81,1343.5032133190844,106.01002516224882,11.0,0.1461531287059188
2065,370.18210661977207,2777.863989514192,18.0,0.14609117712825537
1578,2640.262602570046,2051.322914203617,13.0,0.14587070513516665
549,766.0212313066008,680.2098070714702,11.0,0.14582885801792145
1594,2432.5750511510487,2073.9091186807236,10.0,0.14570666290819645
202,2359.8686581811403,244.89226231868196,12.0,0.14552850369364023
1668,783.9564923727502,2200.1998558661353,12.0,0.14526898600161076
1478,1372.1267773848401,1908.2357430233042,12.0,0.1451245229691267
1110,874.0554943638289,1412.7147118853263,12.0,0.14502727426588535
1499,446.5133774618722,1943.9937910760177,11.0,0.1446062121540308
785,366.488165701188,951.6042890954384,11.0,0.14445609971880913
44,211.5457782151855,39.21172320686396,11.0,0.1444023735821247
1223,2900.535698483767,1582.1777168560207,10.0,0.14439194090664387
1982,2391.907919388464,2665.4244637697334,10.0,0.14438328053802252
768,2223.5732301253734,936.8548158004369,10.0,0.14427841361612082
1166,2354.148285145428,1484.7694085960898,10.0,0.14419622160494328
397,1301.4086641829335,477.7626445972353,12.0,0.14411252550780773
1024,2864.9284373210658,1259.3966675380475,12.0,0.14386972691863775
906,813.3700698166748,1098.9517009306046,10.0,0.1435621688142419
581,1246.8099894166173,722.9783987706674,10.0,0.14340335596352816
538,2247.739261942277,659.3927223113178,11.0,0.1433255933225155
1558,1892.4770804772268,2026.2322694366842,11.0,0.1433160761371255
1009,263.43537689507014,1233.0492566501366,12.0,0.1432307604700327
1825,2161.378674204459,2430.126302089448,10.0,0.14319155924022198
58,54.881759119094,65.60292420489709,12.0,0.14317890163511038
1057,846.8507629717963,1315.0448583971147,11.0,0.14301340747624636
49,614.6806600976595,45.76675918922507,12.0,0.14299781527370214
1586,299.624029742061,2069.832037451151,18.0,0.14276505121961236
1930,1714.6546050763657,2596.467274663533,10.0,0.14267138857394457
696,198.40172649518522,863.1106677908101,12.0,0.1425327230244875
2025,422.870187165688,2720.7129539808725,15.0,0.14238860458135605
368,1093.224071615317,438.21566119422585,10.0,0.14235732145607471
1847,873.60981539116,2467.924620718715,14.0,0.142335572745651
1002,2773.142885817156,1219.929728599008,10.0,0.14228274952620268
646,620.0666361406543,800.758287268622,10.0,0.14216245152056217
441,153.13272768243164,533.030087355348,11.0,0.14211368281394243
1976,1287.7031687104127,2659.626528538881,15.0,0.14207608811557293
17,1216.0657634538015,12.486271814113985,12.0,0.14176840148866177
1001,1134.9205875856528,1216.1786102794126,11.0,0.14166446961462498
2012,308.32484965204355,2705.3024001955127,18.0,0.1409954666160047
102,668.0081167452739,126.55070911401144,12.0,0.14095218386501074
719,2714.2584288852095,885.3994882813896,11.0,0.14079694729298353
1403,611.0708921468947,1807.3268452052935,12.0,0.14075688738375902
633,2964.1008990649207,786.1857468558303,12.0,0.14034105790778995
1212,241.9337709168052,1566.151520999444,14.0,0.13994813710451126
1385,31.113880097465998,1792.626574987937,18.0,0.13990383129566908
1249,2588.5229977751155,1619.7664862655015,12.0,0.1398320533335209
256,2259.8650579336813,312.1808288341138,13.0,0.13979532709345222
911,2278.657196680725,1102.6066767507093,10.0,0.13964607752859592
511,2523.1428493106973,626.5217354992899,16.0,0.13948149420320988
1330,222.90022189799137,1717.7878524263003,12.0,0.13910870254039764
714,1649.6340680535782,879.7472051873922,10.0,0.13907819334417582
1447,97.91538793840368,1859.9425600340521,17.0,0.13851724192500114
195,1261.213640060481,227.354582180882,13.0,0.13841028045862913
2018,855.106422842992,2708.4538112729433,14.0,0.13833984453231096
109,466.3012942224906,130.48099160526698,10.0,0.13830374833196402
1011,2203.398936665359,1232.2442208039079,13.0,0.1382064651697874
877,2406.4808174060777,1062.6380050035987,10.0,0.13815205171704292
124,711.6689618357602,143.99422158910295,12.0,0.13799871690571308
844,528.273464075305,1021.8388421079646,11.0,0.13731593638658524
1131,2477.39165091654,1440.3811028874395,10.0,0.13703833520412445
351,1747.1687949446841,415.7318306573469,10.0,0.13691439479589462
1155,625.578150290893,1469.616379251112,11.0,0.1365605005994439
1372,1449.7793653481376,1770.9843947997908,10.0,0.13629923481494188
1332,1703.0818783824045,1717.8536520768362,11.0,0.1360256364569068
1625,2425.0627347768095,2124.1038437665547,11.0,0.13599773310124874
1922,2468.1436121849697,2589.044756412366,11.0,0.13594753853976727
1318,844.0025902782296,1704.2901075049406,10.0,0.1357467183843255
1923,2285.666022257461,2592.1622208602653,12.0,0.1356728570535779
983,1962.1504451042958,1189.977747626096,10.0,0.13555676210671663
1515,2836.555988314672,1967.6742536657307,12.0,0.1355023980140686
2150,1349.9756070444357,2916.7258624098404,15.0,0.13537827041000128
1572,1962.9035427889921,2044.144019258748,12.0,0.13479464035481215
155,1274.9325981464465,187.85730247503213,11.0,0.13472740165889263
1105,1515.122299825009,1409.862632641253,11.0,0.13434125762432814
1517,2822.764397510001,1970.0605136892539,11.0,0.1342960074543953
1709,1097.119588225171,2262.540179439495,11.0,0.13407522346824408
895,2854.970175269674,1087.566428069937,10.0,0.1338866762816906
928,1712.4355227634703,1119.4922011538938,11.0,0.13371794298291206
1498,2165.2213939664493,1938.4158829580122,11.0,0.13367823138833046
615,700.2348153601523,772.8257837211581,10.0,0.1334771616384387
54,62.16717145560605,58.45436188223429,12.0,0.1333648832514882
332,1028.5890337192677,386.731511450182,11.0,0.13314183335751295
280,207.19733027005807,341.4713543813451,11.0,0.13303875923156738
1915,2280.226121322736,2583.4834624793634,10.0,0.13303622975945473
1280,1973.5686336118583,1658.785246365195,11.0,0.132902629673481
1731,1092.9795625393187,2286.6853430465276,12.0,0.13279507495462894
1705,2111.3625508950827,2258.275743007628,11.0,0.13271050620824099
438,1168.9557010635767,530.2057834324067,10.0,0.13256864715367556
1985,1268.8233377762729,2669.0296666043964,14.0,0.13246390456333756
972,4.974230153502088,1179.505687890033,11.0,0.13245896436274052
888,2824.144113073912,1075.3889373442003,11.0,0.13229182455688715
533,61.13728935123621,652.5893998089102,12.0,0.13226654287427664
1864,13.065397779224107,2498.2829219347877,16.0,0.13215421233326197
1620,2992.704231007249,2120.4821302279443,12.0,0.1320458184927702
1612,728.2403967331913,2101.6479339789926,10.0,0.13196715712547302
1333,2482.6197428912383,1719.3000376109187,10.0,0.13194445986300707
1932,1301.3511325842785,2598.355635287693,12.0,0.1318843145854771
1090,2848.043374376296,1379.2831827706411,11.0,0.13167520985007286
1885,323.8402731498695,2525.3966014975845,17.0,0.13167417515069246
492,2415.94938005547,601.6990130713106,12.0,0.1312247640453279
1773,1651.7783004789849,2346.6324358441134,11.0,0.1311442805454135
1192,419.1873178824518,1531.4251799382544,11.0,0.13079065456986427
1525,1121.0494813263354,1979.9118273924887,11.0,0.13078968226909637
2109,1706.7676638952441,2860.7497611068984,17.0,0.13072468293830752
1082,1737.2252134208197,1366.314467485821,10.0,0.13038127776235342
1587,1946.3979142386543,2068.501402984471,10.0,0.1300915377214551
1813,968.540414120875,2412.2036282795357,14.0,0.1300645270384848
279,2374.4478454535333,342.48493924978817,15.0,0.1300224494189024
1881,739.8846255342389,2516.1860668726626,14.0,0.13000707840546966
61,1604.0362896388372,64.77793004383078,11.0,0.12980530597269535
1699,1135.7384309888455,2250.2215431956024,11.0,0.12979866191744804
1486,2694.6193231657053,1920.2136389004602,11.0,0.12955383583903313
1736,2927.763682135423,2289.280289234293,12.0,0.12930389493703842
1787,105.89206173033115,2368.9652354288864,17.0,0.12921980861574411
1858,606.9260768284977,2486.7382853299873,13.0,0.12911922950297594
1762,2377.9134385689295,2328.1084284134236,11.0,0.12906726449728012
1419,95.16604412522985,1827.4339536068383,16.0,0.12902571773156524
1952,2968.6558517942817,2623.233486235628,13.0,0.1290125334635377
1418,1759.5138439336706,1825.0178421543844,10.0,0.1289886264130473
1481,1119.4247539015096,1909.35712399111,10.0,0.12893797364085913
1774,1659.7473759704214,2349.6315845605436,10.0,0.12893517035990953
293,2091.6928305406177,352.4745494069971,10.0,0.1289260545745492
416,2428.709370979816,505.7263246094087,15.0,0.12810420291498303
1749,1323.1432563132892,2309.4561142600796,10.0,0.12803767528384924
1882,1235.5936641694339,2519.606821695969,12.0,0.12803329061716795
687,19.274321426298826,857.2095391312142,11.0,0.12784445192664862
1222,2606.68602335455,1579.5811149021483,12.0,0.12777465488761663
1508,1320.598080082834,1955.129278225784,10.0,0.1275792345404625
1112,2772.940964501531,1414.0478537508288,11.0,0.1275545097887516
111,57.80169698512953,134.9488298787149,11.0,0.12736696936190128
2134,1753.3172263031165,2896.411344179873,16.0,0.12714616628363729
2077,2475.1020844000136,2790.939395197768,10.0,0.1268710745498538
542,2965.5936766803343,667.1268194145734,14.0,0.1268197651952505
1874,1111.463122073837,2508.1750411717358,14.0,0.12664672639220953
878,1234.4207646385723,1064.3844200208775,10.0,0.12659163121134043
383,2504.6966571502353,457.8859602079576,12.0,0.12651343224570155
1389,1792.557581925209,1794.0756603143668,10.0,0.12646339274942875
1164,2551.3784144042074,1480.8732667685588,11.0,0.12633150536566973
96,1198.309155239605,120.89885139272825,10.0,0.12625470850616693
973,993.7817131073652,1177.846074827256,11.0,0.126140003092587
2010,495.58546045669095,2700.499232285047,14.0,0.12603726144880056
2183,1430.3269578099091,2953.9541164237185,14.0,0.12587289744988084
1445,119.20531709608481,1854.915076140677,14.0,0.12584904255345464
1052,2904.2561544184196,1306.3314418206655,11.0,0.12548866029828787
148,1281.8613569158274,179.01140920697048,10.0,0.1253651399165392
477,2442.50746248599,582.0462960874981,12.0,0.1252628406509757
1846,2625.502194361816,2465.638680196094,10.0,0.12520827911794186
976,10.507732738664737,1183.0342149314088,11.0,0.12472749315202236
30,905.6646742471934,21.86459226709655,10.0,0.1246593901887536
881,2963.059869942754,1066.5629364971674,11.0,0.12451772950589657
2142,997.0965807047037,2914.549920466965,16.0,0.1244945046491921
1843,2160.5784368700643,2459.0849398949244,10.0,0.12440520152449608
1381,1134.7550398598582,1784.1932466836101,11.0,0.12411798350512981
282,2086.9036443653663,343.29350190495364,10.0,0.1240410078316927
1397,51.7492375709168,1803.5029048616454,16.0,0.1237603104673326
2169,2912.419308503672,2938.536676760833,13.0,0.12337160296738148
273,307.06234760377754,335.9822581616071,10.0,0.12336892448365688
955,947.6403905303304,1164.674246779482,12.0,0.12333521153777838
2185,1616.5198890442784,2955.0191437113804,16.0,0.12331669824197888
1781,1128.5968434599956,2354.1575175599583,10.0,0.12325627356767654
2160,983.0672649391519,2930.153844768271,14.0,0.12240992253646255
1680,1694.0676251576392,2222.934473370834,10.0,0.12212298065423965
1737,1678.796887764373,2291.454641303781,11.0,0.12151588592678308
1914,906.4641715583035,2580.80830153661,14.0,0.12124172272160649
1311,96.99417758009649,1696.1878781553207,10.0,0.12122923601418734
2153,979.9993010791236,2920.169972095947,15.0,0.12113094655796885
709,447.1890122290054,874.537868276658,11.0,0.1211071414873004
2120,1209.259744817918,2875.621861660222,15.0,0.12044342793524265
863,579.7641485037029,1048.2206376517483,11.0,0.12035897094756365
1512,2384.4903984686534,1964.315124289742,10.0,0.1200065091252327
1977,2601.167350595904,2661.147553543401,11.0,0.1199217764660716
1818,2141.3114713308587,2415.858152532256,10.0,0.11971214134246111
1343,162.3869553371354,1729.1544325594928,11.0,0.11944947298616171
2086,1242.5043087076835,2811.5197348063134,16.0,0.11936468258500099
1531,1854.7895497009733,1986.8876361551124,10.0,0.1193629065528512
1822,555.4060325258583,2419.382245177571,13.0,0.11928167846053839
1469,2314.1973427693906,1882.6703798098595,10.0,0.11925067566335201
2097,1901.0427066178665,2827.545397383073,10.0,0.11924686189740896
214,479.9787814217003,266.1494733377947,11.0,0.11924277804791927
1933,2991.042396373012,2597.6024904872247,11.0,0.11921820277348161
1468,2269.6459353777022,1882.970103575592,10.0,0.11918046418577433
2113,258.9273344558807,2866.5638896555624,15.0,0.11910027638077736
72,2736.1086545780863,88.94905058011615,11.0,0.11866992525756359
233,2058.453678114585,281.9610142255061,11.0,0.1184345493093133
1561,447.1638911840562,2030.261719514744,12.0,0.11824297159910202
599,327.2027555733108,753.4498258658027,10.0,0.1180501664057374
2024,635.6168943844613,2719.07519807487,11.0,0.11798717500641942
665,154.1596627905773,827.6621200820879,11.0,0.11795030999928713
2107,462.52659114165664,2860.0751323857894,14.0,0.1179128005169332
380,2306.5902539504527,452.34223939961936,13.0,0.11774443322792649
1180,1818.0763694345223,1502.2075897424095,10.0,0.11701651755720377
1037,2546.12753343593,1285.1644701325333,10.0,0.116826131939888
1868,2897.8505668460994,2500.990825764301,12.0,0.11674032593145967
1553,2122.3585498609305,2016.5587986569751,10.0,0.11663353629410267
1710,2115.8475791752044,2264.022956999498,10.0,0.1166169885545969
366,1218.8766959995462,432.90715790702365,10.0,0.11647459026426077
2089,1231.1901205995873,2813.372991650168,15.0,0.11598160350695252
2020,2518.3377567546995,2710.516311468412,10.0,0.11589394509792328
92,1176.088993993934,117.5351981815049,10.0,0.11574959848076105
1918,989.5456648093897,2586.2616773616587,14.0,0.11564445775002241
1603,619.4993650023981,2092.014904292898,10.0,0.11537150293588638
1393,2839.748480358779,1796.913716904898,10.0,0.11510448064655066
1453,147.4006226338949,1861.208760811402,13.0,0.11502673523500562
1607,326.66761923978095,2094.201654546599,15.0,0.11484941281378269
1459,2860.0263240341064,1864.5775622457402,10.0,0.11476250365376472
143,65.4002710288779,171.87703352232865,10.0,0.11471846885979176
1428,1129.8396236765896,1833.8420319944082,11.0,0.1146937906742096
1598,2317.916591043427,2084.4706519462547,10.0,0.1143844686448574
1376,0.9273769603691697,1777.6055173297896,11.0,0.11438203486613929
589,2686.040259862804,745.7069953805708,15.0,0.11427963757887483
889,162.06803770998044,1078.8346745273388,11.0,0.1142188822850585
1833,173.7917282189422,2452.5665970785008,14.0,0.1142139295116067
1939,2877.499806014154,2605.923474938186,11.0,0.1141145434230566
114,1597.6096880260811,134.8926263380446,11.0,0.11410870309919119
357,40.262178388001686,425.60870957452494,10.0,0.11403982900083065
1942,727.0509280485479,2607.2055521685556,12.0,0.11384817864745855
519,2713.4922972383847,635.6235278729886,13.0,0.11383775854483247
1410,61.80431360125472,1814.8883768644855,14.0,0.11376347206532955
1487,261.8981171968998,1922.9539874674729,13.0,0.11370656779035926
220,1714.4732773123205,268.7163602069997,11.0,0.11367748584598303
1671,1325.679047571759,2204.7255411088686,10.0,0.11336476355791092
22,1624.921006568919,15.958961158123579,10.0,0.11305976007133722
1536,2940.021886191642,1994.8076461613964,10.0,0.11298014968633652
352,2457.008294959273,418.6996782053164,13.0,0.11268480261787772
1104,1600.7480173379058,1402.229437778053,10.0,0.11212888173758984
1367,1681.493959519726,1758.6894349846955,10.0,0.11203914228826761
350,2346.3587298759553,414.6880794223189,12.0,0.11175455478951335
2188,966.04610019453,2954.768743830885,13.0,0.11159829702228308
969,418.177817968164,1172.9561121088018,10.0,0.11154650524258614
486,2219.0449064557583,596.5204162800368,11.0,0.11147626861929893
1816,2779.5459272724256,2413.642376053607,10.0,0.11130171548575163
1195,243.3755064816715,1542.379951062265,12.0,0.11124110640957952
104,237.46168977107547,127.68850231570765,11.0,0.11110822204500437
344,2858.1511104699975,410.32126512985656,13.0,0.11105453735217452
422,19.36660128611694,511.0010822172797,10.0,0.11092303320765495
192,2144.457006457032,225.92530161627377,10.0,0.11035461258143187
1172,1936.3457828573314,1488.7107418908104,10.0,0.11021423432976007
448,2168.4218621339674,546.5575733099363,10.0,0.10935059003531933
2164,2860.2069659966132,2931.911649585423,10.0,0.10917908139526844
345,2462.0511021893067,411.02617198718707,11.0,0.10909197432920337
1048,766.6131556529918,1302.4096743065666,10.0,0.10907299723476171
123,1130.7743887849435,142.70308625082163,10.0,0.10905229952186346
1143,211.00132061999537,1452.5485595139814,10.0,0.10902359895408154
1436,86.27969809485916,1846.7488458761281,13.0,0.10883603803813457
1848,2899.1794485582636,2466.5622161264755,12.0,0.10855254624038935
1959,868.9488718744102,2640.7972183851057,13.0,0.10829198593273759
71,1983.282111456544,90.10088765485386,10.0,0.10805349703878164
1129,2093.4141936381707,1437.9814403285525,10.0,0.10802589729428291
1518,246.1299991259782,1972.808805799563,13.0,0.10774408979341388
1579,375.4502418381237,2059.9937306537518,12.0,0.10763119021430612
1094,160.46189570924489,1391.203054492286,10.0,0.10755072580650449
872,2714.8784798932334,1057.0602019231924,10.0,0.10742252320051193
1996,707.7042274171463,2680.0226192187524,14.0,0.10741970548406243
1796,935.4346323115545,2384.697889089202,10.0,0.10730376979336143
2201,1576.2558071910748,2977.547456869729,14.0,0.10691269859671593
1953,468.459008417897,2621.716810101267,10.0,0.10687151364982128
2158,1386.4819908543216,2927.271857293898,12.0,0.10676126275211573
2050,457.98618673134695,2752.299381248042,14.0,0.10656275833025575
2084,1395.9679823218992,2807.431196529698,12.0,0.10631535993888974
1323,2176.785197400251,1708.7097232928086,10.0,0.10622789058834314
1902,678.6748030019568,2545.5348943185363,15.0,0.10618719272315502
2000,736.9210300016414,2683.561929775874,14.0,0.1055411216802895
1032,553.3716043869856,1274.4394042307551,10.0,0.10552057437598705
617,2810.3432447483333,772.5408256510634,13.0,0.1050775283947587
185,161.00353431083207,221.9675145889313,10.0,0.10495957173407078
565,2713.4815783919867,705.8087797975829,13.0,0.10451087821274996
763,556.279048449487,931.7913668069943,10.0,0.1044622827321291
1884,1221.0393124746515,2523.7477987716725,10.0,0.10430016461759806
1945,749.7832902931661,2613.2327466835477,12.0,0.10428435355424881
335,2565.8160914481728,391.5272908686562,11.0,0.10420226026326418
1753,641.877563995193,2315.6616569301204,14.0,0.1039834818802774
1547,350.71476231814466,2012.973200469813,13.0,0.1039008628576994
811,2841.8347622230394,974.300683128847,10.0,0.10378443542867899
1824,512.6294612216271,2424.399305296078,13.0,0.1036699484102428
1772,655.8877879167336,2342.0047576500183,11.0,0.10359249543398619
1597,412.1455295210658,2082.4814838913085,14.0,0.10283643892034888
342,2304.7516080583823,407.4045910090512,11.0,0.10268225986510515
2029,1241.001213560042,2722.1115233441396,10.0,0.10254094796255231
1893,2262.553499527256,2533.9378654850047,10.0,0.10247437190264463
252,2480.566152431934,307.0044659211515,11.0,0.10236877668648958
1746,555.9995331500814,2307.0219646380215,12.0,0.10223603574559093
20,2551.5256846696034,15.914969655699242,10.0,0.10216118209064007
283,864.5441430546265,343.3705981684344,10.0,0.1019001780077815
2124,935.2426373575961,2880.4515714838876,14.0,0.10081498371437192
2101,252.43177179590955,2845.8663360518162,13.0,0.10075653856620193
1998,1359.1861214996406,2682.1692933285976,13.0,0.10047948639839888
2171,978.1787894839013,2940.274307380707,11.0,0.09995296411216259
139,2441.611016629357,166.71244664412595,11.0,0.09949141414836049
1941,137.79981268433863,2608.4666993504175,12.0,0.09927078522741795
1542,259.82851798238926,2005.8818818837426,14.0,0.09895651368424296
2165,1459.5861658047766,2932.438068756265,13.0,0.09870017226785421
1965,1520.2624447366409,2646.150773033687,10.0,0.0983758163638413
1950,1147.034216396336,2618.8020442207294,12.0,0.09835636150091887
1850,196.78705103950517,2471.178939446525,10.0,0.09770235093310475
1502,282.4294436548543,1949.2263535361874,10.0,0.09752935776486993
1634,633.4379695134713,2144.5364534324153,10.0,0.09728458803147078
1983,1276.8794751769558,2666.6846264672104,13.0,0.09724011039361358
1895,184.72410802715416,2536.893542618007,11.0,0.09610300371423364
2104,1318.0620869196666,2846.516565624784,12.0,0.09595082979649305
1556,233.5244334910756,2024.2048349065947,11.0,0.09562076488509774
2115,1854.16451840779,2867.264334295589,11.0,0.09536824421957135
1845,2870.775777265876,2461.336782086344,10.0,0.09471635706722736
520,2848.7668279373565,635.6642327133669,10.0,0.09456249512732029
1853,2761.2415113787274,2474.4452275534677,10.0,0.0944265560247004
1726,355.80385471068695,2280.154712602072,11.0,0.09392830962315202
2102,1224.9673325481697,2846.649997050491,12.0,0.09389768121764064
2098,1884.3522950752051,2831.555847374417,11.0,0.09374324977397919
1889,389.28796191590015,2528.659584771854,11.0,0.09337127488106489
325,2567.150933136568,378.1380853438156,11.0,0.09336315095424652
2083,1026.638637666314,2803.412008272539,13.0,0.09326579049229622
2094,1229.417230541529,2819.0372527429404,11.0,0.09240355947986245
1610,548.2929835290862,2096.074190826412,11.0,0.09225677326321602
311,2858.1218625798306,368.4344863468224,11.0,0.09202437708154321
2105,775.422641861281,2856.9908906329465,11.0,0.09198410483077168
1936,1099.7487339450363,2602.616175731739,11.0,0.09159695031121373
1832,704.5627736193336,2447.912960172472,12.0,0.09134021494537592
2195,465.1906611698176,2968.425906467838,12.0,0.09085329109802842
1735,488.00313750311415,2288.6143742475747,10.0,0.09084697626531124
1981,1137.717210908197,2664.352005986756,12.0,0.09082126431167126
1658,389.46024015794046,2182.02731427887,11.0,0.09070138214156032
1896,573.1648754676012,2540.2885558299276,12.0,0.09018630534410477
2080,1239.6044834182746,2798.6845857927356,12.0,0.09001422207802534
1615,184.94594605755634,2114.1240479669245,12.0,0.08953323401510715
1582,358.12643886706223,2063.1357978084184,12.0,0.08820990612730384
1551,344.5243546941006,2016.607883027508,11.0,0.08812119113281369
1457,126.72929521438155,1865.1003124427941,12.0,0.0880402559414506
1639,95.45520940413896,2155.8458703230785,10.0,0.0879130563698709
53,2956.4984491577115,55.98263041977504,11.0,0.08767152857035398
1776,70.24846831125267,2352.634425398447,13.0,0.08741838717833161
373,2481.9048676736224,443.71361730382387,11.0,0.08691989025101066
602,2922.726705838411,755.6145454766482,11.0,0.08626384474337101
1618,594.0615207157025,2116.975332910163,10.0,0.08607560954988003
2072,1240.0897319332998,2779.190290012921,12.0,0.08606053562834859
1670,454.9524247250179,2204.584127927452,11.0,0.08576299855485559
2191,681.9970180516223,2958.254935463818,10.0,0.08569190511479974
1604,302.05547967922695,2091.0435497949165,11.0,0.08477256633341312
1466,133.3932529779221,1879.1033117425154,11.0,0.0847324775531888
1683,740.2186115311257,2231.3677210856067,10.0,0.08403292298316956
2038,189.6758409896322,2732.5399769135934,10.0,0.08398012770339847
1792,305.7628929923788,2378.2673192560837,12.0,0.0837725349701941
2021,1050.1274287965243,2711.7329347020827,11.0,0.08318049134686589
1401,54.56096729728959,1807.3596861102844,13.0,0.082915882114321
2041,1385.382215036849,2735.1480950366545,10.0,0.08256563264876604
2005,1253.0296406461575,2695.8624162069286,10.0,0.08228617999702692
635,2941.936321612736,788.7487380661936,10.0,0.08227406395599246
307,2481.31468491144,364.1026226231912,10.0,0.08198156720027328
1990,1135.5804079425388,2670.1448252629593,11.0,0.08195185847580433
2129,1187.8452997453578,2888.264967088657,10.0,0.08173613902181387
1409,5.2788721446888225,1812.8790614948584,12.0,0.08055109204724431
1425,95.51015541544002,1833.0599860815391,10.0,0.07914574537426233
2202,1939.601448963867,2980.9672039800485,11.0,0.07888421788811684
1905,825.785456070194,2570.7853163302507,10.0,0.078073441516608
2060,1420.2588215306912,2770.036774803406,11.0,0.07802078500390053
1752,701.2094012185898,2311.7566180171425,11.0,0.07796027883887291
1887,158.9355081948535,2527.5399338874527,11.0,0.07775940978899598
1972,1137.9750404796252,2658.177876701677,10.0,0.07654090691357851
497,2970.32101295904,607.9012588876454,10.0,0.07643027091398835
1467,157.35495317857848,1878.2929762901058,10.0,0.075709184166044
2088,1000.1509459173631,2812.807581296593,10.0,0.07543894369155169
1550,73.98510137822394,2015.578201552077,11.0,0.07357347570359707
1390,6.154280199451067,1795.4630330392074,13.0,0.07326800841838121
1979,811.5263240954698,2666.392589361404,10.0,0.07245439756661654
1777,59.53760476936636,2353.338897770689,11.0,0.07189781311899424
2003,1008.8750630035379,2687.267256721267,10.0,0.07109989877790213
1975,527.2609953684434,2658.598308147517,10.0,0.07104508019983768
1427,105.09204459670536,1834.6234686204643,10.0,0.06935516092926264
1614,11.307388459940704,2109.1187436474784,10.0,0.06891479669138789
1449,118.19513291002937,1860.158308622987,10.0,0.06796640483662486
2178,290.74492208744624,2949.8127052589552,10.0,0.06793097732588649
1852,708.4788257682237,2473.1300177681637,10.0,0.06781169399619102
2091,1031.589466921709,2815.7164671166734,10.0,0.06591866863891482
1767,52.27750342804479,2340.260734190645,10.0,0.06521753780543804
1375,4.804902728238728,1774.1415706814794,11.0,0.048756802920252085
