label,ra,dec,x_centroid,y_centroid,segment_flux,segment_flux_err,snr,area,ellipticity,elongation
1,214.88836543060845,52.77661695185717,1121.621240646473,9.06596276408876,0.2429001835447658,0.11370036541205789,2.136318407284611,16.0,0.5143361159590121,2.059037191893817
2,214.8840778810768,52.77357661566309,1582.298990059703,10.932796635271337,0.23119272022642176,0.05859543145173427,3.945575866556386,13.0,0.7176584445348467,3.5418094879888145
3,214.89097375953622,52.77847329757647,840.7799415061701,8.454776537730979,0.30574366723106494,0.05551441671307038,5.507464282860425,14.0,0.6656473531687953,2.9908541459964635
4,214.88103623173322,52.77137165299982,1913.3519546223645,8.701942488226535,0.1933752717086257,0.05200463543719553,3.718423753631719,16.0,0.5825350226843243,2.3954105238481533
5,214.8978511880151,52.783439609879466,93.99992355030972,12.256617208696921,0.7287773263283861,0.09917183198230199,7.348632285611526,50.0,0.39160516955294433,1.6436694560096579
6,214.8974972424292,52.783189676768714,131.93417925400226,12.479507007730408,3.6152228878264876,0.1713404445019149,21.099646953385157,91.0,0.33651041353685707,1.5071826602896508
7,214.89310056043527,52.78007988890368,603.6100796470063,14.890035695479583,0.6648817843836481,0.0930219748729773,7.147577605093342,41.0,0.4011374035839391,1.6698321217330596
8,214.89116178929555,52.77874794335263,808.1428871754191,18.89795491170136,2.905364582471279,0.14282951559557513,20.341485934167007,122.0,0.42668695005814583,1.7442477545233284
9,214.88209967687055,52.77219829903301,1792.701376753311,13.628718212187907,0.6302193620684423,0.10384874362020688,6.068627699274488,40.0,0.5581445649024583,2.2631836582008895
10,214.88005268823747,52.77072791799558,2014.3070751583205,13.141764823552506,0.1592950700356214,0.0501510211437293,3.1763076085548274,13.0,0.5350074539145468,2.1505721079155253
11,214.88284315197038,52.77274711757235,1710.9142088533779,14.907744362078502,0.9768328673420669,0.09744421269050887,10.02453445280092,50.0,0.22112939100284368,1.2839103035195554
12,214.87991905396993,52.770639725819095,2028.0879628360788,13.690987499962779,0.19825764507965377,0.05906274142145562,3.3567294762859254,13.0,0.2142760812467076,1.2727116689876252
13,214.88087570407617,52.77133627215074,1923.6964529662396,14.614719779482677,0.18966082310206245,0.054893432746430076,3.455073104612806,14.0,0.3593265955715864,1.560857674265666
14,214.88409523167508,52.773644511067246,1575.54250306747,15.064356966007326,0.15632349400045167,0.0451488017825009,3.4624062617103752,11.0,0.4882081135968336,1.9539192131941017
15,214.88032088311985,52.77094201889767,1983.384318644583,14.802198673882769,0.23595829790879602,0.057290416808868004,4.118634687124007,18.0,0.6975789086308968,3.306647679475192
16,214.88359971917384,52.77331392781266,1626.9544375404037,16.83069789341326,0.16472857030155033,0.05540281082910851,2.9732890414109154,14.0,0.3360226987771481,1.506075581436734
17,214.8826966210239,52.7726557866512,1725.5519761376145,15.909031287048897,0.17806037489337204,0.05113476238856285,3.4821785919396047,13.0,0.5357485439521965,2.1540050913637434
18,214.87971495708493,52.770558871953234,2044.3969461327827,18.53836813208404,0.11287420362622252,0.04152597768607508,2.718158846963709,10.0,0.6703373277968772,3.033403792176526
19,214.88699634257185,52.775788428753664,1256.1990625586654,20.25369665816779,0.33427698265308503,0.0552030578610733,6.055406993836152,20.0,0.3322653101771339,1.4976007915138807
20,214.88524503954002,52.774552645808406,1443.8334312393622,21.469066086858998,0.6106123113111421,0.05343677598713734,11.42681795507501,25.0,0.1540581169397478,1.1821143036238284
21,214.88197367200695,52.772282602073204,1790.9580739826654,26.614111945060273,1.382643397508081,0.08735207011739299,15.828398750595584,71.0,0.4266535193719849,1.7441460509265707
22,214.8901452028758,52.77811853550827,909.3187852614764,26.14040480080096,0.2448100949672701,0.03684627218697462,6.644093973061729,14.0,0.22101001179015922,1.283713545918673
23,214.89144261415854,52.77914924434537,760.181097905081,33.83354865930712,3.558568568702299,0.11334642276563907,31.39550840576751,160.0,0.5825610293991158,2.3955597594554865
24,214.88537138672356,52.77472965842162,1422.564999379906,27.922869873638557,0.5727283172042246,0.0567396196326392,10.093975266530784,35.0,0.2902116492396192,1.4088706850834078
25,214.87984204778562,52.770801071656855,2017.357109953865,29.803618588803932,0.5724287031182096,0.06098230957281918,9.386799337841913,37.0,0.2610061189415436,1.3531911773987981
26,214.88844421919447,52.776988860732835,1085.345145026067,32.56503575816885,0.7228654235895339,0.055823800825957635,12.94905421870535,44.0,0.23654629650102788,1.3098371196798397
27,214.88850860184093,52.77706073867,1076.1200249080298,34.49004507247198,0.6482555316856435,0.04782272823734639,13.555385808779493,33.0,0.209220682364057,1.2645753090628724
28,214.87943036757014,52.770588181390664,2054.6364680308484,35.87343739363246,0.1654802569358467,0.03435249528746647,4.817124798390476,13.0,0.3553501130608101,1.5512296213189756
29,214.88564808897183,52.7753009738539,1359.8251618543793,55.73175711336647,92.70537863941723,0.3007181370039263,308.2799712815687,904.0,0.1406326038305319,1.1636466596910537
30,214.8792406720687,52.77048294059974,2072.442967369432,38.13850800400136,0.15759064015811294,0.04567709536306187,3.4501020457958727,10.0,0.613458947450063,2.587047335343018
31,214.89542969482605,52.7823228112505,301.3389491673656,57.956036061777276,59.84495844693856,0.3058766348539982,195.65063698148737,1112.0,0.4336473014604443,1.765684179802945
32,214.88819184319834,52.77696021455588,1099.23385204604,43.86636387489324,1.2708722178382952,0.06750902418545962,18.825219786127807,67.0,0.4759825465267067,1.9083333835004892
33,214.87921681401764,52.77052644988214,2069.6884834785424,42.64814039855131,0.3976298198197527,0.07358770842093304,5.403481482875494,31.0,0.7544666063703116,4.072765766061916
34,214.89186428840182,52.77961681798653,700.0435336010113,46.20766164023634,1.70943704552036,0.07434057642241797,22.99467031042372,79.0,0.2167107874036367,1.276667652150228
35,214.88894039503785,52.777494319503134,1018.5165292029283,43.7907916492623,0.511955370479416,0.04130157692806847,12.395540523090588,26.0,0.14843098628618256,1.174302944207485
36,214.8816498439404,52.77237319686608,1797.5716675670922,50.60031014597638,3.42008322293075,0.12076051077740267,28.32120534199275,212.0,0.49806782001089744,1.9923010316288368
37,214.89803936194156,52.78408278636544,28.932115298117154,50.142314065048545,0.1766520497242119,0.030503785063934936,5.791151798177013,14.0,0.4213751344959443,1.7282354416775245
38,214.88523082964582,52.77493675145606,1410.6717878078225,50.82538551937248,0.5845012753072919,0.04875598825647666,11.988297155060698,35.0,0.2574107452631802,1.3466394694256771
39,214.89770253340117,52.78389154168365,60.93123853235231,53.82463559559896,1.1761776700358206,0.07238128551772009,16.249748282625813,76.0,0.3187663174148554,1.4679250682456002
40,214.89236510709875,52.78008785436078,636.0366212007938,54.62774031739272,1.8536180957398365,0.07583452716947318,24.442930745746132,69.0,0.13497557154770312,1.1560367165459149
41,214.87906749512757,52.77058302213813,2071.4355336878057,54.810504443212395,0.44316139689290146,0.08154610407393077,5.4344888934378215,35.0,0.3348674604170294,1.5034597474767766
42,214.89775633959073,52.7839867211521,50.13296461925261,58.0495730068521,0.23283663576605132,0.0337289016778997,6.903178703818086,17.0,0.39793569496942927,1.6609521468794326
43,214.88035193357112,52.771597536061414,1924.2961649565548,61.95369676887271,0.6631280455900468,0.057891204444952805,11.45472877871452,51.0,0.26533060638363837,1.3611564721344467
44,214.88883165113583,52.777872634887174,990.1239720063744,77.74966538489272,83.0806598725137,0.2538997070206058,327.21841567848327,500.0,0.04171465809277697,1.043530518801169
45,214.8900875021011,52.77903075939092,831.6457357198718,97.13977994640565,177.7580988991203,0.43648056293736026,407.2531837451615,1959.0,0.367209328807951,1.580301425930005
46,214.88201099095917,52.772926676491494,1732.5957050216837,72.5813189340955,0.5057058994651079,0.0421426103029908,11.999871290108924,28.0,0.2083065293356492,1.2631151285873918
47,214.884332736152,52.77465674400921,1475.7658406736389,77.7880156528417,1.703765787698675,0.0777950488808143,21.90069692364259,91.0,0.33249032958338975,1.498105636995302
48,214.88330032273012,52.77389005016969,1589.739825316207,75.66600636822241,0.2173032509584087,0.03267912179024099,6.649604978775845,17.0,0.28527010620384263,1.3991299492017644
49,214.88678970227647,52.77643438023619,1208.6635201033282,79.351625537033,0.5664106189362352,0.05064706244952611,11.18348412606771,35.0,0.18258328385211675,1.223366222203712
50,214.89733832685891,52.784083069912406,60.48396692306298,87.47045353177086,24.568127137213555,0.1927962488635853,127.43052461874895,450.0,0.5164662977011345,2.068108169597481
51,214.878822682401,52.77074702536744,2068.0291333985397,80.0557365543048,0.1645131889779881,0.04805649185254588,3.4233291411027693,12.0,0.7684004179209362,4.317797083323831
52,214.88244792878288,52.77343307978945,1668.3491348369291,87.02276724658282,0.4783197781923685,0.04468729769478098,10.703707828997487,31.0,0.10440620673608147,1.1165776354429406
53,214.89176094819047,52.780117746935616,660.6194200632915,89.01036365144373,0.20624384466459053,0.03367744760896107,6.124093697935472,15.0,0.13569716930177256,1.1570018799917032
54,214.89122132977596,52.779769396621326,715.5782942597314,91.79186640119708,1.53543722682903,0.06415365744178522,23.933744201915964,57.0,0.042620683868903275,1.0445180746552363
55,214.88951383850528,52.778523942641115,902.0831511945349,89.9354969520652,0.163705042906872,0.02774907253235537,5.8994779993454625,12.0,0.5123398914837711,2.0506085745718137
56,214.88851900142174,52.77790242421814,1001.5852170401663,96.6102809672224,0.5428113154969967,0.04382199536817885,12.386732072249652,29.0,0.26120857036973566,1.3535619931331095
57,214.8786040908761,52.77081799004762,2071.629664620111,96.97802394992428,0.2293026068602352,0.05484041598637221,4.181270377621072,17.0,0.5683411337611984,2.316644179496088
58,214.89324748244857,52.781358273718084,484.50349096514105,102.26898218232914,0.23201979572517353,0.05109573615664836,4.54088370532233,14.0,0.0278004783772392,1.028595445439878
59,214.87852537691023,52.77090356403577,2067.643955421097,107.54015529917667,0.17965967287764018,0.05007666809832425,3.587692226744859,13.0,0.3320501116574419,1.497118298022905
60,214.88891511850994,52.778511879998064,930.1125269165464,120.90663805294805,12.794062497022159,0.171369680837985,74.65767826875876,406.0,0.4412708016799868,1.7897758037467877
61,214.88253431648326,52.77393167528766,1620.5796544567397,119.54642531991288,3.1405088821556832,0.10100702748481061,31.09198399713279,148.0,0.397898063251648,1.6608483364137543
62,214.88714863911346,52.77719145081638,1125.8743730178176,116.61622760976752,0.2610987764846376,0.03456447295329587,7.5539637719180295,17.0,0.2315076508055014,1.3012491289577026
63,214.87844841964912,52.77096223139108,2065.9471027967547,116.00554060372937,0.19111648417445978,0.04914120873517799,3.889128678221707,13.0,0.45580244361619027,1.837567971905268
64,214.8894820722435,52.778881310810554,872.0667790028467,118.23725042181249,0.4033523753680625,0.04255761954335305,9.477794568776837,27.0,0.24827925087509795,1.3302812263252364
65,214.88384968225273,52.7748425926252,1481.1687926019542,117.34204743329452,0.3094050434725076,0.03262925657058533,9.48244232298662,16.0,0.34904844225548803,1.536212623048187
66,214.89280427238464,52.78145931590994,495.57573861805355,133.38244731846757,97.03549640925257,0.3560202360260342,272.5561262819813,1407.0,0.4865892450221855,1.9477581844642349
67,214.88583485846473,52.77638590580137,1255.9379370328982,126.57196976251966,2.3322016486300563,0.08005832186554566,29.131283223084335,91.0,0.24964948943943932,1.3327104945299961
68,214.88834860364804,52.77822533180016,980.8452098723682,129.7249887020892,0.5905294923486442,0.046877109819721416,12.597395501123785,33.0,0.1027542061040504,1.1145218030589803
69,214.8875919722993,52.77783009862,1049.705359124605,140.57118693159305,4.799737446439762,0.11664617618683044,41.147833588236054,193.0,0.31976176809825196,1.470073208329222
70,214.89616720272483,52.78394029825961,125.79667395616876,139.16247816579795,1.8056845973622735,0.07129687937195163,25.32627813823552,69.0,0.33051572202186164,1.4936870556841582
71,214.89469853029252,52.78293423084583,280.47318381848436,142.40155110609166,2.196089182014629,0.08566479704375711,25.63584176698485,102.0,0.058859416309052226,1.0625405144874513
72,214.8882225453253,52.778282909459136,981.45643681862,140.7224284030063,0.23729747361113251,0.033475719862834916,7.088644384152067,17.0,0.42989781189062726,1.754071499560974
73,214.89020595408374,52.779708985345515,766.6292058224706,141.338470936669,0.2176773202000553,0.03234346787011559,6.730178751214947,13.0,0.13297140420152354,1.1533644966796806
74,214.8922704384097,52.781338702079786,530.2339629275552,152.81321825322425,0.5162021187502033,0.05294054521089956,9.750600729437256,43.0,0.5596271576388023,2.270803064599045
75,214.88460657161895,52.77601202191185,1344.164661237172,164.12046421984428,27.82486312518395,0.21941748496591543,126.81242394837538,621.0,0.28737171623400337,1.4032561193268138
76,214.88634023422438,52.77714823221976,1166.0898876910073,156.4314623720835,1.0620488521877252,0.057009171572589196,18.62943843755788,47.0,0.1847399856984514,1.2266025347222778
77,214.88515631171674,52.77640323444796,1284.9761273558913,163.9840507689942,1.5382916334540029,0.08137563378673339,18.90359020103619,98.0,0.4410090573659051,1.7889377514558074
78,214.88345459178547,52.77520038280878,1467.4779869604,165.01518577231633,4.022919931309939,0.1044126725982607,38.52903896817744,149.0,0.265693217843763,1.3618286311663563
79,214.88251224625796,52.7747549793637,1549.1197910225742,182.0204638247954,54.917024040100344,0.2843803069604868,193.11120600109203,975.0,0.44526697258606507,1.802668942683689
80,214.88497651453272,52.7763330344309,1299.2521949211753,168.32848687727204,5.063475223120082,0.10299136610025476,49.16407476517157,140.0,0.18926873980706715,1.2334543505353748
81,214.87787486109713,52.77119849185838,2070.9884814687116,164.13426138723835,0.163257057923513,0.04694983287013883,3.477266008061729,12.0,0.16366625688681047,1.1956949103566898
82,214.89449793802655,52.78315471808624,270.1072597106536,169.49674509523595,0.8742906682066257,0.05806379206449065,15.057415940653051,46.0,0.3253429065161235,1.482234470901474
83,214.89082452571307,52.78058367501501,661.7987271038936,173.5476765702823,1.7820150700630852,0.07757075859309193,22.9727683779772,85.0,0.37792933673002493,1.607534415372367
84,214.89584274298386,52.78413325589531,123.43262957952155,170.79946231037613,0.2221510747000338,0.033747162944231045,6.582807421979445,17.0,0.6100632474599077,2.5645184596883634
85,214.8945881811338,52.783423187695064,242.41953454785298,184.68684460468205,5.009973185607128,0.10210802351707182,49.065421237631654,138.0,0.4517683898477993,1.8240465917723694
86,214.88070066043338,52.77369703247875,1723.8205747099328,199.69960442085764,46.42279722925788,0.2596723443724969,178.7745142496381,833.0,0.6083747113201423,2.5534612521344884
87,214.89599695211112,52.78451039843379,83.30202747150881,190.6790884817341,6.300974055142048,0.13826426187106414,45.57196465575399,273.0,0.6523046495177101,2.8760810249918354
88,214.8930480802615,52.7823605086836,405.29541798839756,187.51606051994295,0.7281550419924975,0.05749920439538425,12.663741170842185,48.0,0.4065222720526255,1.6849831980361578
89,214.8957043324709,52.78429956512547,115.03327479484125,190.5506455496222,1.164625877595368,0.06870738254841949,16.950520226478318,67.0,0.3323631189044117,1.4978201898598018
90,214.8926248397036,52.78206883064604,450.0244751098781,188.32137659067865,0.29773836254965574,0.035485429224119895,8.390439937169457,18.0,0.19487023933347858,1.2420358169000691
91,214.88757182272437,52.77849045902941,992.502108591797,190.81494237873775,1.813705969080367,0.07128896290872462,25.441609683711622,70.0,0.2266794873002589,1.2931248862245974
92,214.89551041077857,52.784139858724615,137.82040733915912,188.97731950072387,0.18221760804431936,0.026188551190740143,6.957910986261378,10.0,0.19292721638113386,1.2390456230181122
93,214.87764462904377,52.77138866096686,2064.6219419664562,190.5509250509786,0.25206158250544536,0.05008417682178672,5.032758817267773,15.0,0.14416746670966707,1.168452893646612
94,214.89312029172507,52.78248704205816,390.9088650684992,193.095494493709,0.2874946123408681,0.04312923304375247,6.665887428353272,26.0,0.32750312353597066,1.4869957541780319
95,214.87895712934144,52.772521535474915,1905.8029342736957,205.01038922786464,1.0125644877778162,0.06426713091835856,15.755557674795263,64.0,0.4981297861336398,1.9925470218606827
96,214.8791375078752,52.77270514653647,1881.5193294684511,209.07651080322645,10.841618829776726,0.14082311195735994,76.98749643495648,260.0,0.4892474860313377,1.9578954046251762
97,214.88280150472778,52.77532770673544,1485.6890551153062,209.2635365172781,0.4678909547217279,0.04676964205403493,10.004159411379584,33.0,0.3609482902813985,1.5648185972936959
98,214.89170263236068,52.781700697778994,523.955337243106,209.99054836226742,0.4229364714140744,0.03975686791256892,10.638073208990525,23.0,0.17213975193594178,1.2079333466469595
99,214.88564548064295,52.77745568312631,1170.3268366015025,216.3075893477439,1.8748373207756666,0.08122077461809953,23.08322383763465,93.0,0.5667964455465393,2.3083836448701867
100,214.88214177800563,52.77490124527975,1552.9341681021804,212.63363049260573,0.13964701791636297,0.027321612990133044,5.111228900240818,11.0,0.29472634299610456,1.4178893399310342
101,214.8945230623348,52.7837960685765,212.5422426824607,215.920754160583,0.8593099559959698,0.0614318575149533,13.988018444449652,54.0,0.21388368839920657,1.2720763902782637
102,214.8922859882922,52.78220518525247,453.28843132053936,216.50989734837236,0.1636481033382566,0.031133229087497022,5.2563806625499385,14.0,0.0052880668317160096,1.00531617914231
103,214.8926850521376,52.78253859865521,405.97594685437343,220.09910018568485,0.7509522475702605,0.0597050367401117,12.577703466443852,50.0,0.5020181285939507,2.008105229165281
104,214.89219833896473,52.78217708723389,459.7086999733951,219.08246735354285,0.16797305069495705,0.02908618110410343,5.775012198877483,13.0,0.12852462309479307,1.14747935111054
105,214.88365146526087,52.77622277209182,1368.6374179747959,230.65762218896694,7.282642391093217,0.13557467405826243,53.71683495962929,254.0,0.657633694768859,2.920848181379509
106,214.88924530863775,52.78025152461877,762.1565563027928,232.87030664947122,21.826880149768815,0.19792514613992648,110.27845918243223,508.0,0.3803593669840689,1.613838645688508
107,214.87724927526264,52.77150521933349,2072.1709470786727,220.27922618953772,0.18395367192513026,0.04749602420524796,3.8730330591503432,13.0,0.49511554024383875,1.9806511780595495
108,214.88871680495504,52.779764980200234,828.7753730317437,224.7717483961417,2.9529087164454255,0.09633021627783848,30.65402353015131,134.0,0.2305832261860602,1.299685728247224
109,214.88190375893637,52.77511684691391,1544.680868859786,241.35775230738582,25.57830114625981,0.21242364408856318,120.4117425628748,573.0,0.4630803462629217,1.8624760577113932
110,214.89238705859768,52.78239660429109,431.89244869242526,225.38506623451343,0.28519155804227836,0.03383047317231783,8.430019780971895,17.0,0.22031201950011015,1.2825643398515123
111,214.88019726822125,52.773864121771545,1731.7889994949028,238.94062495832537,8.957834531858271,0.12296541501113953,72.84840644864879,201.0,0.35049145088496547,1.5396256159561186
112,214.8909439300121,52.78156341512382,570.2081552122064,240.14889743386442,0.6195891685470419,0.050968768165176676,12.15625158016597,36.0,0.19021307158427803,1.2348927414232451
113,214.88729786318294,52.779120374096664,949.4097438404409,252.30186103314298,5.921928100698526,0.13774747014282254,42.9911931925749,272.0,0.6204519840673601,2.634712758391746
114,214.88560790810786,52.777783278023264,1143.1905660549319,242.69997144206815,0.4958666674714048,0.04488542682062957,11.047386704218706,31.0,0.1883730347564856,1.2320931201441387
115,214.8827916671263,52.77579922093089,1444.637205785462,244.8939769150909,0.3038628150125212,0.03716571901385356,8.175889585218465,20.0,0.3385954443005822,1.5119339463008785
116,214.87753816876878,52.77213012108529,2004.1618720899644,251.42026304768973,2.7331275602709666,0.08715734907254234,31.358543936394213,108.0,0.2582422728153868,1.3481490833881316
117,214.88363364601227,52.77660841274345,1335.5025822290283,260.31961297592966,26.028462070651926,0.2531066374529103,102.83595220016481,879.0,0.4400991679557541,1.7860305660716993
118,214.89204908231625,52.782722002384105,418.48208195817836,267.60431025362647,17.06078281498299,0.21089285787721085,80.89786912042499,605.0,0.39753471353891,1.6598466707916868
119,214.8768098160596,52.77174582305476,2070.789069140717,261.59084258827926,0.9796574008054132,0.11927537876688853,8.213408424550494,73.0,0.5546962526085581,2.245658173455602
120,214.88927138265421,52.78070788374499,720.8239716170174,265.46442391687543,0.2819924773396342,0.03775942500510643,7.468134837898052,22.0,0.09074819510233534,1.0998053505239387
121,214.88540933705508,52.777946554621636,1137.7658402115956,265.4277063887142,0.23374725001931232,0.03380477707298296,6.914621845151138,16.0,0.20287817073703096,1.254513379623056
122,214.89234720998243,52.7829839337218,382.00596327239987,271.242544654164,3.6903991694221308,0.11448496275886003,32.234793814758255,183.0,0.3510640032965314,1.5409840185779526
123,214.87671332247024,52.77179758964062,2070.579205330623,270.58257615643726,0.21268311986770144,0.056742077554717975,3.7482434382598195,17.0,0.6098983652855381,2.563434528368378
124,214.8827380604394,52.776180483471244,1413.4991876882243,276.13478964648846,0.30841148934264806,0.12084527329956374,2.5521187624618618,11.0,0.31728387263236,1.4647376265384513
125,214.88038922371283,52.77483205746186,1637.958942913941,300.78589638077267,80.5683959576677,0.3254163562622418,247.58557585452286,1248.0,0.6505773678512534,2.8618638519508015
126,214.87655749753236,52.771871892465505,2071.058201007315,284.4111835236751,0.3078188048915632,0.06923451591783678,4.446031012289643,28.0,0.5522873445009291,2.2335754589856025
127,214.8953503802476,52.78539758449684,34.360332750620174,291.15752635579275,3.170114641312567,0.09860080390208303,32.1510019782465,136.0,0.38458028486722173,1.624907320013704
128,214.88588905342053,52.77862248932861,1056.6766319529204,290.2208630352821,1.1264816765565018,0.06832751733600971,16.486500907341288,69.0,0.37095142755764854,1.5897023597357325
129,214.89351397883718,52.784061044764215,234.67613709334145,289.35622605954,0.8737154715073072,0.05340624756254423,16.359798925848445,39.0,0.23986399006111025,1.31555404154632
130,214.88480229077427,52.77792607156822,1166.9098293881768,296.21713303812123,14.453011748170994,0.14656362415072308,98.61254340509353,256.0,0.10065295179668954,1.1119178097017954
131,214.89104998544352,52.782330357482884,497.9441957659144,291.614818155068,1.2777314800174777,0.06202941378437905,20.5987998606437,56.0,0.22695861872868683,1.2935918105127047
132,214.88878500987673,52.7807827866748,736.139029639188,296.9298596895257,3.325253056953536,0.11646594074402825,28.55129178290725,196.0,0.44745111692126316,1.8097946274510928
133,214.894830420873,52.785078305841274,85.87291160149182,295.05156006700383,1.585989132203879,0.08214278794510853,19.3077100483089,94.0,0.1806830547655992,1.2205288878944243
134,214.88674794542678,52.77926653069384,961.3165204648618,292.4567064213975,0.2211988317608682,0.031130611714953627,7.105508680210581,15.0,0.2955173252926814,1.4194813242432907
135,214.87639776595307,52.77193876763959,2072.3668185854594,297.8948180899017,0.12665581010002522,0.04244260989164143,2.984166393711066,10.0,0.3243460507962632,1.4800475911944384
136,214.89072452870752,52.782206540176645,523.4980838606094,299.71669638022246,0.3440618691454479,0.03981677178186381,8.641129196269123,23.0,0.2033586856733698,1.2552700720088326
137,214.89045868220578,52.78210357066608,544.532627746739,306.1984656735033,0.30576737445203583,0.037968222575910975,8.053244363512308,21.0,0.3378475174028107,1.5102261582976428
138,214.87906511355504,52.773957492810155,1774.5642470210548,306.16903792867083,0.15932363654145903,0.027843813403796866,5.7220479907300765,11.0,0.31875731310478983,1.4679056659786522
139,214.87796451266937,52.7731751198582,1892.9901733817192,306.51943748434763,0.12920795922658346,0.025373636830689217,5.0922128384176855,10.0,0.38803140095301436,1.6340707702279054
140,214.88378298088733,52.777364509557195,1262.2380001278532,308.6660873822858,0.46151400783413976,0.045318965235314874,10.183683705878268,28.0,0.10202192903115215,1.113612940370669
141,214.89218150626127,52.783667766319,329.2962030386403,330.98439046512084,259.7917193362596,0.5189010743261819,500.6575090899776,2674.0,0.7149538326030026,3.5082036328776605
142,214.87624344338062,52.77203374662607,2070.9583481608447,313.1826902906352,0.16695493397000102,0.050680627216754176,3.2942554806190025,13.0,0.5768390101471652,2.3631667946229538
143,214.88789928105612,52.780418523487114,808.0864529590525,316.9509011948682,0.3770329271679631,0.038019123823957154,9.916928357259557,22.0,0.24378297018908202,1.3223717009520888
144,214.87618598082867,52.7721098921945,2066.8448385626525,321.9111198294885,0.19015363171680183,0.051550046047100145,3.6887189497961383,14.0,0.41367465592718,1.7055377361886692
145,214.89135196224944,52.78303534210177,422.3081773188531,328.03983310075427,1.0410214728713605,0.06227450996881287,16.71665458937702,53.0,0.22600323335053285,1.2919950613345221
146,214.8760799581419,52.772110957457784,2071.5262963205587,327.6356226198246,0.2332281184339923,0.06164472284483555,3.78342391158194,22.0,0.3104760687420166,1.4502759870503361
147,214.89407637497294,52.78498476754776,128.06551738613294,328.21455922993687,0.31167410303328125,0.038672485522154694,8.059324318700162,21.0,0.1625123052847549,1.194047394738153
148,214.87892266805753,52.77418886720426,1760.6172502941622,330.9789443366644,0.5683148545183164,0.2690238463607109,2.1125073565274652,15.0,0.19606020635508303,1.2438742402166483
149,214.89457523466274,52.78538940113778,69.99274779987675,331.7991542643052,0.18290356548141437,0.025823344334057582,7.082876761248492,10.0,0.18713371138577983,1.2302146294008656
150,214.88151765297044,52.77610047070305,1475.5075655544272,335.14770586524486,0.41220818303768825,0.041810565499725616,9.85894780687416,27.0,0.3751679574289598,1.6004300865961194
151,214.88987741890625,52.782094838466264,571.4808888959775,336.48549352414636,0.1984735646284371,0.03302912860600665,6.009046348026961,14.0,0.250546386478558,1.3343053952349644
152,214.88704585005,52.78014329507106,870.7442999643692,341.88362496650666,1.934820066151774,0.07945114901315968,24.352323285234117,85.0,0.17931547833964023,1.2184950167902033
153,214.8861881155261,52.779617111236924,955.6800187152862,348.3604565940002,1.530726689297863,0.08621169305770479,17.755441692500913,112.0,0.3677129366839438,1.5815601140966853
154,214.88197524708414,52.776565140389216,1414.0047301760817,345.3835065134606,0.2570305988053081,0.03375255934824745,7.615143970368398,17.0,0.0382741615711808,1.0397973726417808
155,214.88074866909642,52.77568969266761,1546.2927261584578,345.50267077245246,0.3514081733875236,0.038629350042859716,9.096921718787195,22.0,0.3625584907039512,1.5687713859493375
156,214.87588008672842,52.77225525289126,2067.828839884944,349.0201656978179,0.14946198901089047,0.04333876683042352,3.448690397576545,10.0,0.20430811214059885,1.2567678711545442
157,214.8782342361816,52.773998117843306,1808.411195107727,353.4305890857559,0.5998378065187164,0.3967705671988921,1.5118001588510757,24.0,0.13637170464380277,1.1579055542495365
158,214.88919995554792,52.781873083586845,621.5070096212667,356.0306402941197,0.20480946110617812,0.03452551635216604,5.932118697866453,18.0,0.27389207460326204,1.3772057362596755
159,214.88161267732383,52.77650845257418,1435.323352604344,360.4647145545646,3.140854531055294,0.09842314403992954,31.91174760461902,132.0,0.232286746116814,1.302569670305781
160,214.88649562581503,52.77995317645151,912.2562999337126,357.0151517791394,0.6004658943901147,0.0472835214060567,12.69926343331102,34.0,0.3267220282949094,1.485270634159438
161,214.87574542619237,52.77231431203355,2068.695987920353,360.5869482804187,0.5045688309153498,0.09027442515227123,5.589277694809616,34.0,0.5794711919913649,2.3779583727816003
162,214.8929801497788,52.784679636981416,204.2878860623368,363.8316956486867,0.2942554744229493,0.03510661019547511,8.381768356002537,18.0,0.19444227460038488,1.241375966575117
163,214.88998558219558,52.78262359115838,520.0810674888487,370.1016524564999,0.7654619833988727,0.057734105411975455,13.258402082040355,48.0,0.37880549928971896,1.6098017591214802
164,214.88219041983447,52.77705607919714,1361.1088061212072,370.48118714672023,0.4962904807887488,0.04457419886418059,11.134030300824167,30.0,0.2082012908360441,1.2629472471051129
165,214.87560284068644,52.77241036972289,2066.6637575130176,375.33010051890585,0.20157033310312367,0.0548062458006845,3.6778715666126898,17.0,0.30414369312959333,1.4370783021245732
166,214.89192107098577,52.784122028265216,301.05364183101835,378.6723093990713,0.3358434475054556,0.03537036424191765,9.495051993483441,19.0,0.26665003775928864,1.3636054428155335
167,214.891970300389,52.784196626358806,292.2722145063406,381.60735011465476,0.25443687680722016,0.03293389529557414,7.7256842691612295,16.0,0.1331011636345163,1.153537134958618
168,214.89043359446444,52.783150875650335,453.5042369106842,385.52090332015126,0.20657837856695696,0.030100200290505946,6.8630233876588145,12.0,0.03140274712536051,1.032420850908014
169,214.88168256255042,52.77695687180543,1392.712766477577,390.1308455299255,0.3081015153773086,0.0369231703678079,8.344394923517516,20.0,0.32669360711232676,1.4852079388570851
170,214.8792047350809,52.77524991904074,1654.5327628749087,394.95771052239814,0.28216207286590583,0.03645343033678493,7.7403435083907,21.0,0.30008742337936145,1.4287498659164866
171,214.89305045474407,52.785998613648154,85.06070583555613,458.31143983157125,458.7234488518569,0.7044343981072148,651.1939934853086,4911.0,0.466588509394254,1.8747252685996558
172,214.88032557749278,52.776223415512625,1518.3774950370064,407.7641083245339,6.688730361364416,0.1163533552325212,57.48635566200579,181.0,0.16442390255118877,1.196779088168282
173,214.88462940392796,52.77925944752647,1057.3572789013126,404.7002291442844,1.1962045908829635,0.06965686189593188,17.17281769985714,69.0,0.5080726209369715,2.032820376667578
174,214.87827926534868,52.774843701227795,1731.9647937647258,413.9866351894977,13.296304289600926,0.15198037571644185,87.48698130874853,294.0,0.23397971739504653,1.3054484622774838
175,214.87558725658482,52.772848019609164,2028.847622489631,408.7413596958975,0.41141583308607055,0.03831766589878619,10.736975320281791,23.0,0.16261124205544808,1.1941884704239312
176,214.88204045163414,52.77767832267355,1313.1030514793367,424.7935354917384,0.8779651647794553,0.058203964636068084,15.084284554653758,51.0,0.3006122870079202,1.4298220878400312
177,214.88259570568994,52.77817386394384,1244.4858068625142,432.1304025050269,0.27795205248471344,0.03435401001740232,8.090818287120323,18.0,0.12380063084729243,1.1412927641879138
178,214.87501786414316,52.77273999804358,2063.999161361055,431.01679738998484,0.16423236411988593,0.047067679621829034,3.4892810828881036,13.0,0.44836657362088284,1.812798050625629
179,214.88244073431744,52.7781706428252,1251.7488770216419,440.1402849337547,0.8178489753410795,0.056017799971939425,14.599805343136618,45.0,0.16861083106221952,1.202806143454628
180,214.88077384546168,52.776992608131025,1430.4948323895892,441.16803677538553,0.4584554000424624,0.04916210671884756,9.325381490754985,38.0,0.420064841146804,1.7243307027245411
181,214.87961879897085,52.77618942190859,1553.2011424421128,442.8605338078337,0.3528557792479877,0.039318920127275524,8.974198124103916,24.0,0.1828539338866556,1.2237714179502548
182,214.8783028023802,52.77539983250939,1681.960590389008,454.13736118647495,9.38286729451917,0.1490455278346143,62.95302805013176,313.0,0.46680380043656866,1.8754822349048563
183,214.8856157462148,52.780558503458764,898.6158035727551,448.9224749381877,1.4487604767351716,0.08027664562730091,18.0470978254536,97.0,0.35779932718041685,1.5571456747460235
184,214.88500670310526,52.78009097451067,967.1887987741202,446.5300341917867,0.13727848525547473,0.02650657031850402,5.179036125984272,11.0,0.34753675810114915,1.5326533906948072
185,214.88725659369146,52.78175975549519,719.0056583012988,451.02889165449585,0.4567301462599482,0.0430640727371053,10.60582794962669,27.0,0.23595725978689797,1.30882730424359
186,214.87479801397413,52.772842936898805,2064.8409269315443,450.38609143520284,0.14607703420450927,0.04528381919214475,3.2258108262619514,11.0,0.4507771538000994,1.8207545569508774
187,214.8820608677503,52.778131978355944,1272.2598710308473,457.4833402960288,0.290558693769901,0.03238193991724331,8.972862481755739,16.0,0.2686115715652859,1.3672625394691529
188,214.88963838988184,52.783597267328986,450.0380687867374,461.0840139602837,0.4730998188866101,0.044556673273145005,10.617934063128422,29.0,0.24026028844029224,1.316240265955099
189,214.87672415247113,52.77437888536476,1842.9119140913272,462.17783009329474,0.29363926714074284,0.03594163407644924,8.16989195639132,20.0,0.22459342007368388,1.2896460075113447
190,214.8896818770694,52.78372030167792,437.2529175516898,467.9311027612849,4.033794963053277,0.11302223591459239,35.69027749638131,173.0,0.41948028689583206,1.7225943881436476
191,214.89016820491048,52.78407949840531,383.74194474451804,468.79492220757953,3.4654629079765074,0.10134208799609612,34.19569279162675,144.0,0.41654233629153614,1.7139204130835957
192,214.8899512255402,52.78394349317535,405.4820893899771,470.2154636104911,0.808949624023002,0.053317735907049406,15.172242599221972,42.0,0.21607487585865148,1.2756320332191462
193,214.88529469676342,52.78068284590521,902.1328702108676,475.2699524121359,2.287089124960946,0.10032809776074994,22.796097763309675,144.0,0.29094805779479416,1.410333912759513
194,214.89141819760584,52.78501115048403,245.46433096671277,471.64483886557656,0.1700300209761153,0.030172735607922385,5.635220590720018,11.0,0.1256758181872042,1.1437405264562535
195,214.8748029453497,52.77316510993847,2036.2637808878,474.10785051271444,0.8123846923449913,0.054225499580707034,14.981599037845118,46.0,0.19768456825374914,1.2463925788183905
196,214.88424932904277,52.780191413941296,992.4602046792063,494.32355900488153,46.29618317542636,0.27926290768246614,165.77992243806003,976.0,0.2873710558127255,1.4032548188741631
197,214.8850294187171,52.780519048738014,928.4946527247674,477.1944392865821,0.1480032723260132,0.027744919637463415,5.3344278613864615,10.0,0.2774076979439194,1.3839062458243427
198,214.88668712106033,52.781755610519994,745.0180824802165,481.0313474489823,0.43482811954911676,0.052332836494841335,8.308896453414667,38.0,0.14752567263242455,1.1730558538788858
199,214.8849505446809,52.78050190916418,933.5552397374346,480.11667649168896,0.1858429894081686,0.03313027017851568,5.6094619333555595,16.0,0.45700216335039767,1.8416279633270474
200,214.88807013391892,52.78281713815834,589.317646284681,486.4618055902318,1.3885867918729016,0.06904443154943776,20.11149575297226,69.0,0.3377865454507869,1.510087107307005
201,214.8795417683302,52.776772545285866,1505.3515223617987,490.375782385371,1.9748115660534737,0.08864388775599016,22.278034233894765,118.0,0.5590070696169751,2.267610047924008
202,214.8828564486129,52.77918496925139,1143.7615894785934,493.5323053256316,1.6193178125388072,0.07482188519353775,21.64230169221485,81.0,0.2530819521864107,1.3388349671389561
203,214.89179880083537,52.7855945865072,176.98381587058552,494.8355584159819,0.14391875401167714,0.027441469108838313,5.244571762570976,10.0,0.1970262810651804,1.2453707716941775
204,214.88190016242552,52.778544635812224,1243.1819361787025,496.7624244443597,0.2746708738253849,0.03598153862755216,7.633661157976747,18.0,0.4228918812006035,1.7327775635532192
205,214.87866661220818,52.776262667594125,1589.6390970842676,499.00650312404275,0.5839732227006093,0.051592811052743354,11.318887472590186,42.0,0.04728909006108839,1.0496363477816377
206,214.88043770725844,52.77753341896477,1398.0391390032032,499.32748622995086,0.31461796366251843,0.03872419531442662,8.124583638418644,22.0,0.3348103974880525,1.503330773998439
207,214.87644831456538,52.77472172412851,1825.1616759938258,502.3875163814206,0.22232798656635883,0.0342574068656446,6.489924571299726,17.0,0.19847801184964964,1.2476264092363478
208,214.89269916321962,52.7863831949763,67.04141614167395,505.6451440033546,0.18314744075356035,0.03377777373430784,5.422128829276241,14.0,0.15358039285921676,1.1814471115313756
209,214.89253419624026,52.78636898445029,75.72146445674672,513.3660418768313,0.1805973192343509,0.03104068257999012,5.818084662570214,14.0,0.21404708144408469,1.2723408443311948
210,214.89110693981635,52.78557891244916,209.5223510624606,530.4886070509476,3.5455624247094093,0.11465582999923798,30.923524994175818,185.0,0.6693344420755165,3.02420368869617
211,214.8757789174213,52.77457087917577,1868.5851848705047,526.7976502578395,7.376473978175126,0.13676694212475896,53.93462677147741,266.0,0.3356167177044894,1.505155272036497
212,214.87552180439022,52.774318139975975,1902.4085480989675,521.6714667615721,0.6433697348739917,0.04979731399644199,12.919767819604898,36.0,0.38338557061706424,1.621758999381071
213,214.88556595517545,52.78149554688184,818.3977730340671,521.3438003270207,0.3211776122986098,0.037331793899574216,8.603326514729124,21.0,0.34255980455729795,1.5210508985180433
214,214.89233724852014,52.78635662653802,85.6787896289411,522.926859662584,0.5296046163303292,0.05070545842354975,10.444725928843166,36.0,0.40502208065856027,1.6807346415592448
215,214.88877820149176,52.78381498060078,469.62045520368434,523.0772746076283,0.41687260560694195,0.043221014695545415,9.645136944226046,27.0,0.18695968453830625,1.229951308665597
216,214.8804813095697,52.777896986817495,1364.0792676087399,524.0747949850652,0.2263943423812323,0.04866953572755678,4.651664311090755,12.0,0.6836213061654638,3.1607691019895063
217,214.87392789408162,52.77321762721807,2071.0513893006428,524.6095692932454,0.1962603712377968,0.05248184888867986,3.7395856928380704,12.0,0.31000089552429055,1.449277243279674
218,214.8926076010121,52.78658211834152,53.661148726053334,525.3311282149391,0.1520080399628145,0.028246168764119027,5.381545413546831,12.0,0.306860231443577,1.4427104681681497
219,214.892738209489,52.78674874267917,33.11713004789179,530.788607680113,0.9312064292233078,0.061605151486653395,15.115723389220971,52.0,0.1267159361045913,1.1451027693547466
220,214.884800379765,52.78117082253977,881.452868451101,537.9156418780965,0.6186149691953859,0.05234555899589778,11.817907403450704,41.0,0.18207018088186533,1.2225987812477206
221,214.88011575172547,52.777861014090185,1383.7085906853956,540.8572068464224,0.40484112723555155,0.04698023421845686,8.617264983249145,24.0,0.17401423630040025,1.2106746192827689
222,214.89123072845166,52.78589265423767,176.33964352779486,547.2636321479533,0.27429705631483436,0.03633401334399456,7.549318973324243,20.0,0.7803476386071786,4.552648529061893
223,214.88460681609254,52.78114879036737,892.1091695019013,546.5783313565244,0.4569001942881399,0.04280274169050377,10.674554391675986,27.0,0.19332442715099807,1.2396557347933796
224,214.88629127781084,52.782361672058116,709.5123575937995,547.2279292263961,0.44724539991434464,0.04374869833426848,10.223056158084962,28.0,0.0388660297179364,1.0404376818629462
225,214.87679167092057,52.77564959383913,1728.0362397969714,553.1846232885811,0.7282088086230349,0.05798537421116017,12.558491145908308,52.0,0.43360777970443276,1.7655609737685982
226,214.8802306707348,52.77815189012934,1352.9341229142722,556.3957645863593,3.2555953415742658,0.10309703303254403,31.577973156090646,143.0,0.5742752220557308,2.348935396311154
227,214.88665349961886,52.78280923081068,653.8141277980127,561.27347111303,9.785103630376623,0.1375502592446454,71.13838740916471,250.0,0.21366224898834563,1.2717181627277345
228,214.88157780626412,52.779256992303225,1195.009069093514,566.9603051691289,40.588378815498444,0.22762906430190322,178.309298682818,589.0,0.2946547261153416,1.4177453752437348
229,214.88143755631867,52.77906101387303,1218.572464640509,559.834939087417,0.31831249788143445,0.04201231610177957,7.5766472172180785,23.0,0.3667101240151287,1.5790557182756684
230,214.89112467093437,52.78602213047154,169.72283414772684,562.5494062945013,0.32243860789337764,0.03678712689909562,8.764984794213557,19.0,0.22942429032777156,1.2977310177936434
231,214.87696095303403,52.77591624041025,1696.944913548594,564.0233180667468,0.760675093510376,0.05425923555949494,14.019274058446697,43.0,0.2460157445222606,1.3262876415985374
232,214.87480066438894,52.774382525527706,1929.2194982919307,564.8604003006285,0.8861222163057707,0.059859054117228375,14.80347842734673,54.0,0.17158369382350913,1.207122545203684
233,214.890970380604,52.785954396025986,182.63178519881288,565.7166936000795,0.24812392281540954,0.03562756543695603,6.964380523122518,19.0,0.601939186699544,2.5121789600655844
234,214.87800243513848,52.77674267883529,1577.3064576865397,570.1029955387984,2.3503636953592557,0.08678558279548829,27.082421061778522,110.0,0.4403813875391568,1.7869312737877716
235,214.8911504261466,52.78608689132583,162.86428676404097,566.0011947295586,0.25677431838149645,0.035241970413810796,7.286037510572067,19.0,0.6404712133954036,2.7814184489760567
236,214.8910080757088,52.78600901778308,176.12769273946412,567.778026449316,0.2094215624190203,0.030743083316585342,6.811989554282642,14.0,0.487308602607044,1.950491085056266
237,214.8842861130835,52.781254681997865,897.2337779284619,571.5333911815063,0.37489384673926285,0.03917294733047702,9.570223133238457,23.0,0.09488105404510738,1.1048271660527542
238,214.87479341357042,52.774464736335396,1922.310520748579,571.3666805380402,0.16288291150345052,0.030623379831126743,5.318907070404106,12.0,0.4302205252211039,1.7550649755996417
239,214.87968683283222,52.77804037115755,1387.2408992077274,577.0444396540291,0.2303636910678235,0.037265731312781256,6.181649546451119,21.0,0.3460164074338853,1.5290903493101085
240,214.87463664888637,52.77446717550581,1929.1559060606278,579.8949165639904,1.0284199050100427,0.0716705168443302,14.349274294251167,77.0,0.46797449632316,1.8796091410824818
241,214.88126925026125,52.77927251253004,1207.5393549596997,584.5412403970296,1.8115294331315717,0.08444133933054264,21.45311108863875,108.0,0.3236390352006192,1.47850046357512
242,214.89028042954718,52.785762370527586,230.60183296523954,588.1362544228676,0.5505309251308672,0.04945802243199663,11.131276546445655,36.0,0.5551583302916412,2.2479908427994317
243,214.89156352937485,52.78671184887804,89.26677415522143,590.5545271802182,0.19917530342673975,0.030781548130592286,6.470607085183903,14.0,0.04366874655347219,1.0456627830535645
244,214.87320968125556,52.773612590010366,2068.6351124527173,592.2535491500481,0.1391762780046033,0.04958707400135599,2.8067047876387594,13.0,0.5900369112999493,2.4392439894305937
245,214.89067302083785,52.786113937548464,181.98477717978685,593.4221468155885,0.1439553347354794,0.027013760770608016,5.328963114684431,11.0,0.3975891773028052,1.659996736982024
246,214.8820564606292,52.780026579972564,1105.7251517429738,598.7793186077532,0.26318860338376154,0.03537414859098244,7.44013958970177,19.0,0.3896384347935983,1.6383731496294938
247,214.88798138349165,52.7842759500807,464.94184251604185,599.8110161713262,0.18459950345512052,0.031375532575160826,5.883549642158521,15.0,0.44014055243242767,1.7861625883866232
248,214.88351205104055,52.78108057193982,947.4164837665443,599.7724809306878,0.29619804447178927,0.0356093774219919,8.317978743679499,19.0,0.27542781922475235,1.380124750207856
249,214.89063021569203,52.78619622065895,176.67199747354064,601.8273932351843,0.16099039026843806,0.028182283803161307,5.712467853665543,12.0,0.6073152308680132,2.5465719034900642
250,214.87335746619007,52.77383647928433,2042.274243946436,601.0518735254104,0.16375983807061142,0.028640064200270758,5.717858623692026,12.0,0.6702795745845156,3.0328724668479023
251,214.88587582976447,52.78284627318872,685.5774988349988,605.4236774144704,0.2508096061101708,0.03703999572451238,6.771318441167898,19.0,0.33780311433837673,1.510124891331777
252,214.88431627090083,52.781816969504774,846.3931463616648,611.7944414951037,0.5974834964836067,0.05633373912799565,10.606139513055702,47.0,0.1288071755860276,1.147851511142407
253,214.89051688653092,52.78626269970572,175.925985741877,612.808992638814,0.18084885235915518,0.02822847906573791,6.406609861551451,12.0,0.3873995026496958,1.6323852238535952
254,214.87755817174948,52.777067896306455,1568.692218191092,617.9669760989008,0.5225326392283951,0.04583398147922485,11.400550909268993,29.0,0.2758829861561869,1.3809922718038674
255,214.89088009425726,52.78665055400282,125.43934475616811,622.3611640081438,0.9690284815702086,0.059685849401790454,16.23548112797972,52.0,0.15555381574076022,1.184208086483586
256,214.88908547446204,52.78538516810145,317.60988785797014,623.6441576749302,2.0059763225264717,0.071921801980943,27.891074295635583,68.0,0.06792353499117842,1.0728733505684382
257,214.89168328310038,52.787271313188,34.643822644429,625.8426722590671,2.003536108549939,0.08205049303722912,24.41833113228053,92.0,0.08667979326646025,1.094906247149034
258,214.88689766986352,52.78379783351156,555.8211873574313,621.8890520705254,0.14596849222065358,0.028394420055385186,5.1407456794656285,10.0,0.2434913338978918,1.3218619228150748
259,214.87288346131479,52.773827486198144,2064.412814087274,625.620766750277,0.1641714907881426,0.04566974196930422,3.5947540693023052,11.0,0.1658485145502201,1.1988230164941724
260,214.8780921551668,52.777678783761814,1490.880659805281,635.019013745471,2.758600566390921,0.10107243031114845,27.293303998911,153.0,0.5132882705526987,2.05460427496904
261,214.89022049415993,52.7863461281856,181.9327791364882,634.7951366849313,0.5294499457097821,0.05263650193475267,10.058608118869286,38.0,0.8080470471294807,5.209609881201171
262,214.88480789081862,52.782412962526394,771.8043907228895,630.0027715343377,0.6027115225127068,0.056627440148487744,10.643453437631727,46.0,0.20755570844785642,1.2619183590070684
263,214.8903746431131,52.78640475531741,169.83169571147297,630.957140757424,0.22991942889832426,0.034133317969232094,6.7359238004806485,18.0,0.34009973516276115,1.5153805101845883
264,214.8899576104037,52.78614525973222,211.4474470279269,633.8280806996371,8.90525991199534,0.14401720014234926,61.834696850051365,271.0,0.6839164135228104,3.1637201132307626
265,214.88015023980364,52.779095662287055,1273.498507291202,630.9432855199956,0.32576052638725167,0.037503779244227514,8.686071989328699,22.0,0.26553572807117753,1.3615366168511338
266,214.8862907902118,52.783561184223835,603.977262735375,636.5690213807067,0.8226709298124053,0.054745644791744895,15.027148423256055,44.0,0.19489779219646008,1.242078322860616
267,214.88075210644084,52.779586822584974,1203.1682281137296,635.4718033055183,0.3702509602381833,0.04294599378723801,8.621315461285436,28.0,0.1812356501568243,1.2213526397327117
268,214.87278381320507,52.7738782085201,2064.4362261612127,634.7024675349061,0.3059155313158911,0.06812913517410718,4.490230655858316,23.0,0.277323693475543,1.3837453794621641
269,214.88590587534168,52.78335832047146,639.1640186697756,641.9510436719391,2.3223712632790616,0.09180510835173661,25.29675423268678,121.0,0.30577588694802293,1.4404570241787744
270,214.8838693776878,52.78187969708279,860.9989723384592,640.252301633538,0.12353122176467854,0.026463718669852625,4.667946455514768,11.0,0.4475523849283377,1.8101263770869607
271,214.87899366380242,52.77859240745037,1369.874953437798,655.0453761798087,87.12247944388783,0.31753735626177104,274.36922845722097,1112.0,0.5432896948131964,2.1895717890380864
272,214.89153433657302,52.78738082804024,31.714963649532596,641.9242829536654,0.27095782650162215,0.036907971409689315,7.341444575588041,17.0,0.5093898641558006,2.0382783129404505
273,214.87267035309026,52.77391927631937,2065.931379124532,643.8008734582338,0.1775517652733943,0.04576824780616498,3.879365581687794,11.0,0.4476496144289892,1.8104450112155102
274,214.8850449753963,52.78281485892027,725.7597997914961,647.3078652884557,0.22744436880322869,0.03091885185413557,7.35617124064737,14.0,0.2061668488191143,1.2597105556909858
275,214.87628284749846,52.77655931292451,1670.8870218805866,648.0008203143595,0.4057216534539818,0.04337038529089869,9.354808603444038,29.0,0.19337359670210374,1.2397313005271025
276,214.8827750267723,52.78127145073307,963.8106756236814,653.2160802970164,0.12797219376447896,0.026709161014983135,4.791322112015797,11.0,0.4656256627451565,1.8713473501312605
277,214.87457880895076,52.77541102772966,1848.6903757650168,653.2397888565757,0.16082515124119287,0.028353719062614656,5.672100752851372,12.0,0.13487506539377525,1.1559024136267275
278,214.878630627108,52.77837438164694,1405.412236684734,658.1397833065325,0.35812216472994757,0.038652580369322134,9.265155425798758,23.0,0.4288097447876077,1.7507301479227062
279,214.88443292202857,52.782564518400676,775.3539648291268,661.2457743565114,1.583027114417918,0.07865543128956917,20.126100492539667,88.0,0.4345080315108516,1.7683717112229678
280,214.88990324275477,52.78651345081557,181.49647039987468,664.1384649537553,0.2428982555943565,0.03474284361492709,6.991317644765164,18.0,0.5448557009590057,2.1971054061470983
281,214.87539472555233,52.776206707589125,1741.9165745083646,669.0342288849545,2.5678491573408553,0.09131470232009903,28.120873113503574,123.0,0.3423246395544458,1.5205070162922505
282,214.8871685377611,52.784592857268876,473.6611523708371,666.6703287592829,0.13787913728376264,0.02824443549044442,4.881638980903319,12.0,0.41679157700756264,1.714652876357664
283,214.88722704616342,52.78464982081467,466.0135010315482,667.7978820385609,0.12420528861686939,0.025465071685547798,4.877476496064987,10.0,0.20521696533932166,1.258205014940884
284,214.8864445803048,52.78420815025685,540.1183846598141,676.5565022678476,4.258111317397885,0.10227260361895349,41.63491655363273,139.0,0.38785326224710537,1.6335952449421862
285,214.88537277911593,52.78337464972472,661.7349848584223,671.5411944429422,0.9550967538073624,0.058833892619204804,16.233784835368784,50.0,0.04191522120825164,1.043748968918086
286,214.8913570710445,52.78767750725253,13.591916497373882,673.4502505638594,0.3312267709384212,0.06848141391180623,4.836739664356105,24.0,0.5730198053360935,2.342029003914668
287,214.88374167588785,52.78235980023294,824.4997009945652,682.7964363683396,4.561272592457477,0.11523501031643796,39.5823507103624,183.0,0.5823505736198815,2.3943526240830084
288,214.88722550122446,52.784759537000284,456.4281599861601,676.0496518822644,0.1968942207589535,0.0318560848492318,6.180741346302056,15.0,0.7437889332738141,3.90303203049658
289,214.87288736446595,52.77466404752109,1990.608060452767,687.6892031584091,2.9568014726413985,0.10729510220508659,27.557655586083445,175.0,0.436695863021626,1.7752399358614888
290,214.87220654376728,52.774146653611055,2066.8064888685503,685.4230218943413,0.8742595518582801,0.12851472043520454,6.802796978413617,74.0,0.4977165673791033,1.9909077924032579
291,214.88725429417227,52.784850839476434,447.09695305696334,681.3156609875593,0.20215194128139494,0.03261819349475961,6.197521064858247,16.0,0.5937290895674269,2.461411768160461
292,214.89080356906274,52.78741170885907,61.90761772141743,683.1131515234657,0.36905955059620493,0.03892327996545646,9.481717648762823,22.0,0.0757242535872541,1.0819282058207753
293,214.88585213495094,52.784048706503896,580.829948049925,696.2168585017265,42.49330308740754,0.2860842476773606,148.5342287539387,1033.0,0.3431537337533538,1.5224262531234352
294,214.87877512289933,52.778879843469404,1354.4203150838239,688.079230658121,0.41393628986225806,0.04678894085582756,8.846883094399054,32.0,0.516446931685616,2.068025343083638
295,214.87210453799648,52.774206990722824,2066.089716088918,695.3459639950471,0.21445648841954865,0.056794832087222,3.77598595749345,17.0,0.4080816921726327,1.689422318546784
296,214.87216562295183,52.77433028114868,2052.487435843832,701.2715073433824,0.27155129539695927,0.04405448570504938,6.163987413563994,19.0,0.2075666892325022,1.2619358454675096
297,214.87203941957804,52.774246635510764,2065.5329574020143,701.7644460155581,0.16472528424036068,0.0508330659052501,3.240514442851019,13.0,0.7136619249539946,3.4923752275673854
298,214.8875151134517,52.78538924210053,387.9722949997853,707.5242174652907,0.18954346016684714,0.0312311987730026,6.0690420993604475,14.0,0.5124302496083737,2.0509886004961935
299,214.8738845633989,52.77568358484553,1855.9670058310046,710.4933832310688,1.173702797648845,0.0725876073606242,16.169465289271,79.0,0.59174426366129,2.4494450683488944
300,214.87476484817483,52.77638690254367,1754.4234969590782,715.9841156016697,0.2938816882201062,0.03704752273916576,7.932559763555295,21.0,0.26601091754212725,1.3624180848185776
301,214.87861969141431,52.77920078118552,1333.175024062894,720.2475376605398,1.406950921468854,0.07159108385404403,19.652599817279878,67.0,0.25944010937582707,1.3503296798280024
302,214.87487177469515,52.776499006525164,1739.7416815816603,718.6369110935234,0.7655816463304779,0.05167572511829345,14.815111826257827,40.0,0.12241785715950149,1.139494471438614
303,214.87392749393283,52.77581738531103,1842.2575152212344,718.1683655969152,0.21509771641207184,0.035321265054180595,6.089751204610749,20.0,0.42073244526635856,1.726317988688007
304,214.89032125589398,52.78756052098985,70.5334518110847,719.8618422612205,0.14695735493519627,0.03143591350044228,4.674823746831111,13.0,0.1369906564118718,1.1587360060811238
305,214.874668941258,52.77644765029166,1753.396044166159,725.6126659981211,1.1147184076025298,0.06512140052697205,17.117543519980572,60.0,0.4209362267227442,1.7269255065645421
306,214.87373316057548,52.77585152763656,1848.0041549815644,731.0567763069538,0.9273321868205392,0.06330657581334966,14.64827586876038,59.0,0.2349230892607903,1.30705813489236
307,214.87738702905648,52.778469970560195,1453.0042793267883,731.4608629756771,0.400604065715954,0.04769117084689744,8.399962898835296,34.0,0.43379957524802404,1.766159042423979
308,214.88475025601156,52.783772324930794,654.7739511933526,734.2854639693642,0.264223578170637,0.04014105356370363,6.582377758254792,23.0,0.24186427829844503,1.319025039152101
309,214.87365690297577,52.776089694240234,1830.4765609460862,752.8469898127478,56.41492410829677,0.2913687552219649,193.6203628467982,1042.0,0.17349926597377596,1.2099202805647733
310,214.88937312092952,52.78720670747916,144.36594349297852,743.9732772333672,7.926291242113947,0.14195010914085415,55.83857096051157,258.0,0.3334055388510322,1.5001624800127527
311,214.87816461613104,52.779221152512456,1351.8759785897118,745.9901500905111,0.21352772999126646,0.03373100011725947,6.3303112640887464,16.0,0.32266152149080995,1.4763667379431658
312,214.87463306767668,52.776691373265734,1733.5610180989104,745.6666309197209,0.1735970914115982,0.026649650815086978,6.514047505392488,11.0,0.12408760084308124,1.1416666791822079
313,214.87420719525159,52.776550598342816,1765.1295046339044,757.8603980892086,2.3268026334763854,0.09477024311683789,24.552038244829415,133.0,0.4805721647803338,1.9251952479156218
314,214.8815452580378,52.78183983820314,969.1718429560232,760.9954973417456,0.1399449929175612,0.027855980633379417,5.023876012818129,12.0,0.1585827893302343,1.1884710549288655
315,214.88052990796027,52.78125099901435,1066.717554132569,771.2022437034589,0.23346723404365372,0.031854960577154666,7.329069941184883,15.0,0.2723617972034337,1.3743093698992888
316,214.8901402465422,52.78825940252365,17.186237917050555,781.53640162319,0.18377257940759809,0.05930583955838871,3.0987265465935683,11.0,0.31536753115193783,1.4606377078238253
317,214.8832871158805,52.78337497360217,755.6321412246728,782.5773928061046,0.6778750744333168,0.050607382464875776,13.394786322011385,37.0,0.2375109551061072,1.311494252535994
318,214.87361237532963,52.77659230615917,1788.2453711293251,792.6341859959077,0.1852532567457386,0.029079853282412797,6.370501767895022,12.0,0.2504783635180664,1.3341843001274105
319,214.8737525256883,52.77674814296083,1768.2183124233875,796.7735561681939,2.8400522433813316,0.09583819745749167,29.63382366035229,134.0,0.44472625490853557,1.8009135292994638
320,214.89003357411596,52.78835334862663,13.723141888426344,794.2087714878751,0.19000707889678398,0.0478467250980668,3.971161631383232,10.0,0.3755942172746939,1.6015226438732848
321,214.87860422858589,52.78035251299111,1232.5098432064135,806.817302930333,2.8074062496324026,0.10891847285771675,25.775299414083744,174.0,0.3837497158208779,1.6227173044342733
322,214.87792340649747,52.77980282827481,1311.546024851063,802.1363753820119,0.3950360089645327,0.04234242567405543,9.32955546773467,28.0,0.35410915545386934,1.5482492257692595
323,214.88436924383697,52.78467129322047,592.8213584268797,821.4997469320637,48.315592292356804,0.27998658118298825,172.5639567732699,969.0,0.5927581657997729,2.4555434044831794
324,214.87089064676545,52.774821220268116,2066.6940415141835,805.7039080099346,0.12556512773764192,0.04367943679959777,2.8746965835145155,10.0,0.48766488411343345,1.951847470516553
325,214.872277273994,52.77592223916545,1907.3439627318223,813.8358397520191,0.6798112984647213,0.05576676543817449,12.19025871633868,47.0,0.13705744193889713,1.158825683886589
326,214.87967282892706,52.78136378527078,1095.388448610124,825.2229612230069,10.875888937435008,0.16346289740120387,66.53429683643249,364.0,0.2679750548809561,1.3660736654778576
327,214.88898237512956,52.78790682967559,100.35382619578036,816.9012980975201,0.16469097826589724,0.028230883954205303,5.833716667641386,11.0,0.28388041299106126,1.3964148141468415
328,214.87209667930935,52.77604568665767,1904.611434416119,832.6409405805613,23.978910697192845,0.1864208881269111,128.62781063926994,426.0,0.3833462441733604,1.6216555734092226
329,214.87121545430136,52.77534440576724,2006.0185253385912,827.356024464661,0.17127201896882135,0.03101913177330535,5.521496224346801,15.0,0.35132219491484185,1.5415973726258763
330,214.88959378519428,52.78856863959386,14.583228125158247,833.644251116166,0.29433619397537325,0.06686974091667353,4.401635028646903,19.0,0.5443508033645968,2.1946708287519927
331,214.87325497318747,52.7768947863171,1777.717899905991,834.1804832163804,0.1965911014421133,0.03004894932602334,6.542361907870743,14.0,0.6126891436962508,2.581905422283718
332,214.87061867274522,52.77499324120871,2063.801151472769,832.9905297231837,0.13157987323213252,0.04360115858555765,3.0178068083657927,10.0,0.5835101792288295,2.4010190648799172
333,214.8866632390331,52.78651637529591,327.1482566020618,836.7891000546311,0.2443717423544495,0.03302304759077743,7.400036040970878,16.0,0.5822263333417332,2.3936405757665584
334,214.88656856729855,52.78645411497159,336.8904417025905,837.1917273710143,0.15210377511370884,0.02886471010103429,5.2695410617776695,11.0,0.4680882444102663,1.880011091109077
335,214.87089740085474,52.77527370632739,2026.5639190761556,839.0276718375691,0.49852183744820144,0.04512199475777995,11.04831114236691,31.0,0.3809330567584529,1.6153341911034986
336,214.88002979849392,52.78179361564902,1041.4852897446067,838.2226083700257,0.13681382406049994,0.025673980152041722,5.328890310356488,10.0,0.2687553891495177,1.367531445923326
337,214.88065655283998,52.78246580723475,954.1041233928879,854.9064862012723,0.8162608973986522,0.060585440750455626,13.472888655885756,51.0,0.37756097359964425,1.6065830669119954
338,214.87029590094664,52.775162549019825,2063.4344391940954,862.779849549772,0.24900391689605036,0.05935637102221874,4.195066386434597,17.0,0.6662432444342579,2.996194034499547
339,214.87061215212861,52.775498680859236,2019.6079173699932,870.9628338099242,0.3309639042838536,0.03579418408247869,9.246303911306669,19.0,0.21041150788158458,1.266482490540185
340,214.87658051863343,52.779798178980506,1372.4286801665558,873.2789752232907,0.700135336720623,0.055741428836689144,12.560412449631936,47.0,0.23312346203951195,1.3039908648913747
341,214.87475011692695,52.77860391352111,1559.9635227904394,881.8147561751741,4.082159328611398,0.10346782426249067,39.45341808150179,151.0,0.024764583901540793,1.0253934419246322
342,214.88063819135576,52.78294584567501,912.6847986811979,891.6239902906301,3.1093997588668207,0.11055204230581255,28.1261177452109,181.0,0.5402498616267956,2.175094505764444
343,214.88701609363562,52.787484684071025,226.04787250380565,890.1105749051987,0.3803846986118009,0.04380889052363206,8.682819721412667,28.0,0.7294651521198265,3.6963814748291672
344,214.8699367504796,52.77529112993826,2068.290381808758,891.4743955542443,0.24991100398726757,0.05672500241687317,4.405658763144101,18.0,0.31021716023987855,1.4497316290845386
345,214.87701324720686,52.7803937900636,1300.5225355985945,894.5846875113823,1.4788600445189943,0.07633217364900628,19.37400671071086,83.0,0.3437632606785447,1.5238403156671687
346,214.87431182277757,52.77860626442664,1579.4937142738975,905.3237772368688,14.010315668118178,0.1446521277736249,96.85523388943017,259.0,0.03700907436333578,1.038431384323656
347,214.8888698445594,52.78895515565751,13.171494701930095,900.9511303648198,0.2419266398016606,0.062456302382615035,3.873534464457855,17.0,0.35335028947524183,1.5464323013281749
348,214.86959873352956,52.77545371842274,2069.201212324888,921.5751439394265,0.18415013637758054,0.04729847498531232,3.893363082737129,12.0,0.4117407530814974,1.699930779224181
349,214.87586685367827,52.77998236549819,1388.3557940454627,924.9835383164343,1.010082083961704,0.06986160128214366,14.458329975609603,74.0,0.10212064722348613,1.1137353775957741
350,214.87926698583928,52.782508679879186,1012.9055259678127,932.0652105477068,6.425234774662976,0.1424347864217286,45.110010946615205,287.0,0.2706661092671687,1.3711141257884023
351,214.88511914077742,52.786634637237704,386.27467896562484,927.7738181753876,0.8732513392514519,0.06317342377282537,13.823080768769241,58.0,0.8016277339278515,5.041027255474801
352,214.88415858473775,52.785985036194255,486.69561328111143,930.5293107360466,2.5649686419658106,0.08540716470912885,30.032242033807393,91.0,0.09437929832296854,1.1042150407429916
353,214.87110295744287,52.77662281787593,1898.5642226322966,928.5120796592073,0.778187337534267,0.053773409742614714,14.471601136305923,39.0,0.07081227989820171,1.0762087986811144
354,214.87195779356276,52.77728735972153,1801.5801871126002,932.4682689270521,2.3045308516809655,0.09322694531641552,24.71957912875196,120.0,0.4712552733193772,1.8912718170786207
355,214.87957575949662,52.78278480244475,974.7003741002114,936.186758728437,2.5762715664097753,0.08262053325603161,31.181976984174185,98.0,0.08384328012406062,1.091516307532421
356,214.87649488416858,52.78056164457424,1309.092267722347,934.6759265565878,0.8475196125976576,0.0597375860621434,14.187376297997812,53.0,0.1056591544582739,1.1181419309930694
357,214.8855134199007,52.787022027607605,334.429112484953,935.6341714800403,0.43405398973372844,0.04602749588060732,9.43031945208663,30.0,0.745906795699676,3.9355637343927374
358,214.8852931174785,52.78688041704025,356.8114201773998,936.8148306933138,0.14731497471522434,0.02570716751467165,5.730501994478716,10.0,0.6639225319386497,2.975504444759302
359,214.88510561056438,52.786938009524896,360.1868298100945,951.0824464622805,0.1659254357942089,0.028371134246012748,5.848389223900272,12.0,0.382131643316437,1.6184677353725416
360,214.88502001600503,52.786923107298854,365.35263749497454,954.528323670983,0.1550739902083706,0.028151009238448953,5.508647625910649,11.0,0.49454439258771665,1.9784131095499615
361,214.88479558703293,52.78677322337735,388.6488491145862,955.3127703192228,0.1366248251088435,0.029361659736129066,4.653171051523657,12.0,0.4224393968177691,1.7314200353871465
362,214.88117033547917,52.78424526893374,774.3652486768467,960.044857942977,1.3275856554097945,0.06996410861909405,18.975238613237764,67.0,0.2149079168628395,1.2737359368140435
363,214.8847813753663,52.78687412472422,380.4093363953028,963.5820244313537,0.15479010595559534,0.027368154816231224,5.655847352332062,11.0,0.5933655018283774,2.459210924051859
364,214.86912253928438,52.775719344952314,2067.2648989901504,966.7031135590473,0.24286675104666888,0.059505348068134054,4.08142728227696,20.0,0.4963055842817512,1.9853307259204742
365,214.88250883534315,52.78539727330238,612.7101058561741,974.5732402137975,7.689666383013192,0.12668693106378762,60.69818187593004,211.0,0.30219513068710624,1.4330653797023059
366,214.87716260239364,52.78150846649419,1195.6947913869462,969.6197057475877,0.42366551654855467,0.04449587101002294,9.521456866258932,29.0,0.32788377871251195,1.4878379189902997
367,214.8697446277461,52.776206124522396,1996.406812288716,969.815575425927,0.6926296326818329,0.048324551217684045,14.33287253019268,36.0,0.27766583733116257,1.3844008101531005
368,214.8814042908544,52.78459115715274,733.3901441456104,973.344703892426,1.0070187998428024,0.06532273699830797,15.416053370036941,63.0,0.17188221156212236,1.2075576855876418
369,214.88086750296213,52.78421523114531,790.6454723092663,973.9274079976055,0.8127837671988871,0.06508333816772185,12.488354010120336,65.0,0.060075021631341374,1.06391469852797
370,214.88433971343756,52.78668155088678,417.2444802593872,972.7495862567471,0.203095242910261,0.03354232539398401,6.054894540695356,17.0,0.3959660099758715,1.6555359739938715
371,214.86984796986007,52.7763556567057,1978.5918827567257,975.4443052079304,2.5363113955673104,0.08011656885188638,31.657763580168496,91.0,0.3540929345865407,1.5482103440993915
372,214.88723116900042,52.78885704639153,95.59610828683326,980.8514415444589,29.89939018783952,0.21395424827015702,139.74665345315313,530.0,0.5004632629944199,2.001854770470724
373,214.881668683277,52.7848242926303,700.9673541434116,976.6298574098066,0.29369321804652215,0.03859852559159315,7.608923230748721,21.0,0.2621169918676528,1.3552283884827434
374,214.87407524636612,52.77945309694643,1515.615132166985,980.9608510837227,0.4984881237309883,0.04565598875762462,10.9183512896266,32.0,0.22767620696350943,1.2947937238452425
375,214.88369660968524,52.786785099634656,437.0910697094937,1014.6869921289031,356.3862125319297,0.5659163117033154,629.7507337423542,1890.0,0.1754178516972673,1.212735446745162
376,214.88409993613544,52.78662957914494,432.6153909031144,981.6414317561922,0.312660498610846,0.04093076942533128,7.638764259763617,25.0,0.6287629282640186,2.69369649783033
377,214.87782675669382,52.78215859827168,1108.5701005015633,982.6666810402071,0.2656786414245431,0.03497620956671868,7.59598151760125,19.0,0.09011815744118923,1.0990438024213727
378,214.87347923147226,52.77948432908375,1539.7049574797695,1015.0163368769364,85.25696394975932,0.3932691988154505,216.79034159440457,1951.0,0.5164044371520193,2.0678436214567837
379,214.8831987324964,52.78612298926557,517.7781895330094,991.8873979745746,0.7421345835846518,0.053554722978381486,13.857500185076681,39.0,0.2914826022209479,1.411397946097924
380,214.8713922842059,52.77796238880347,1767.6326235210518,1012.8269691782216,19.9102207085496,0.21204792257031368,93.89491048631943,622.0,0.713520827537124,3.490655154449621
381,214.88011550061316,52.78422370325437,823.7627199480679,1014.5854884748877,3.71116964892848,0.1065062965721028,34.84460326170563,160.0,0.14357471923888188,1.1676441862053453
382,214.88320763100384,52.78642564204767,490.74308044969735,1013.9480374178675,0.21419798080493327,0.036256319026177646,5.907879965704154,18.0,0.13626889773555928,1.1577677327796851
383,214.8777368072611,52.78268755251195,1066.0679114551199,1026.835017118341,1.0840530320395283,0.07186601680911951,15.084362264279077,77.0,0.28838671890322576,1.4052576400186765
384,214.87181100762822,52.77877213555484,1677.507631475325,1050.8128110434643,18.041560342870646,0.20975154510797084,86.01395681535337,551.0,0.6511390128503538,2.8664712789195983
385,214.88315998965044,52.786650443149256,473.10514551745086,1033.221394744408,0.2721004155041745,0.0406170927486371,6.699160306428008,22.0,0.4830156510349305,1.9342945332907282
386,214.8781850837618,52.78324674328218,996.6685768375007,1044.6043168331785,2.608635197142378,0.0873839717432291,29.85255928636028,106.0,0.52318976504661,2.097270416390608
387,214.88576959549158,52.788737935108706,171.89245874871904,1049.7648712334476,0.7225513950881146,0.05856327027168431,12.337961861352413,49.0,0.7054915667960497,3.3954885064615095
388,214.86934007376692,52.77694272579855,1949.7902373140566,1046.1874887899796,0.5715582287434654,0.04696387842528296,12.170166687846793,34.0,0.19990884010627807,1.2498575788949255
389,214.87379974156357,52.780169202305615,1464.9946904121068,1048.9379977391377,0.8722611987889821,0.05535318542221171,15.75810302759862,43.0,0.15591771800460297,1.184718624392892
390,214.87699844122022,52.78252242837246,1113.8486798331487,1053.8461332126715,0.7865805053161856,0.055247964552459554,14.237275738354207,45.0,0.35233907966011535,1.5440178164142004
391,214.87023455838002,52.77771326295192,1841.6916933914945,1055.9209467487058,1.517309595020032,0.07746721669194655,19.586473605392495,90.0,0.3187869999967595,1.4679696365090553
392,214.87560616204178,52.78151443334858,1265.256150643531,1052.9187243816225,0.3111761994521053,0.03992068948359755,7.794860346286355,22.0,0.28488068136916644,1.3983680400560268
393,214.8706378958926,52.77797954576046,1800.09240651342,1054.2686949517667,1.0309398238815275,0.06211385823317672,16.597581493188812,55.0,0.3285149969413965,1.4892365361028406
394,214.8721601278193,52.77927128848971,1617.8541554322724,1069.3838576175208,31.68824956596108,0.2026046004410688,156.4043930738788,476.0,0.22643755265291576,1.292720456414965
395,214.8857200830564,52.788821413583186,166.77582217368285,1058.6155771147135,0.3211672337876137,0.0445654916356287,7.206635044296261,24.0,0.1000210595220481,1.1111371111294337
396,214.86809859788684,52.77624139299183,2067.423177841165,1060.0831960158837,0.3119326287831192,0.06102355955034364,5.111675409982908,21.0,0.1772457159357178,1.2154297089285888
397,214.870750866074,52.77814445750954,1780.4905420771213,1060.5301236707303,0.15970397778045517,0.027644670511538134,5.7770259086213045,12.0,0.030692830723870745,1.0316647103175682
398,214.88658225730592,52.7895189484963,66.56954378103268,1064.6703708078749,1.0021852283464763,0.05617876422655015,17.839218112826384,43.0,0.2677223144399209,1.3656021748568712
399,214.88516240822725,52.788535912169515,217.01189726215875,1067.0365123492609,0.9583304377681179,0.05812224967659342,16.488185558895356,44.0,0.23805529165477513,1.312431189622379
400,214.8699203119991,52.77775862413308,1851.849422619307,1076.0287524979972,6.057753648281918,0.1269295861501813,47.7253084329328,226.0,0.3885062339216029,1.6353396477173476
401,214.88552842482434,52.788858815113564,172.1146900841964,1071.600265233034,0.48089190570509466,0.04809135164918984,9.999550630496698,33.0,0.6977685105862179,3.308722072407584
402,214.87155932368483,52.7790504595396,1664.3440502382944,1084.93127950516,26.591224238578477,0.21938359586328104,121.2088084067599,623.0,0.47304840854802055,1.8977075242235584
403,214.87442364088545,52.78129664418519,1337.6719871411249,1099.656176948015,24.21661856892282,0.2650369073307801,91.37074082553791,948.0,0.1568484414526018,1.1860263909407036
404,214.87211576053295,52.7794519099361,1603.954645747769,1085.1917834243084,1.6671891111942918,0.08160464157140333,20.43007700408213,101.0,0.2977634199068666,1.4240215168901853
405,214.88538713128736,52.78892734357942,172.44644457485307,1084.222269844191,0.5044161748302548,0.05150131731218412,9.794238306034954,36.0,0.6241607599543308,2.660712063696403
406,214.87634406997822,52.78249505161473,1145.7239053239816,1086.6415644098947,0.4888649910063567,0.04788259969233605,10.209658501157008,33.0,0.40382222401088874,1.677352025309753
407,214.88165987842558,52.78631637125784,570.0537921138213,1088.1895639606244,0.4253952397992251,0.15767565684694537,2.6979132245642283,15.0,0.45778549274834257,1.8442885364110537
408,214.8750299585679,52.78155657067021,1287.493560012519,1086.7293923553077,0.1765419012690193,0.031136360931345832,5.669959365459748,14.0,0.036169413804293504,1.037526733766622
409,214.87945171585417,52.784827944275165,800.4752781402539,1094.9039374432227,1.6622762536432392,0.07821883181063427,21.25161185822317,87.0,0.22712362421318022,1.2938679863024136
410,214.87776110982722,52.78370675623746,975.2746679594219,1101.4201804793058,0.3455887464516114,0.041343918962759095,8.358877317917143,26.0,0.5243213747807436,2.102259691696397
411,214.87583773146696,52.78239797117784,1177.0678281232213,1106.367905869256,2.1125295604525087,0.08461444167509448,24.966536664796234,106.0,0.38845080284041933,1.6351914198311914
412,214.87411532367508,52.78115837950076,1363.7241266392991,1105.77640971369,0.20164620289206311,0.03411445684092655,5.910872444263908,16.0,0.23637172968612408,1.3095376885260779
413,214.88138783581795,52.78637612298096,577.0450992299867,1107.117605192514,0.20892570438975364,0.03570533828676254,5.851385658687657,17.0,0.5849474721335512,2.4093335972206624
414,214.8785594769517,52.78439072761128,879.1300211562141,1109.8450515781292,0.5749939864464233,0.05312508730150086,10.823398429129337,40.0,0.2671581250641293,1.3645508454160151
415,214.8851201893533,52.78906896483543,172.00370359085514,1108.9734805337234,0.17702966626679129,0.028604849163681584,6.18879915268208,11.0,0.3458987016962275,1.5288151890131059
416,214.8842783968151,52.78855488268432,255.14851781059556,1115.4958386816506,0.6147873545216468,0.1594555470171182,3.855540719794758,19.0,0.4175183732797375,1.7167923486799543
417,214.86738024353102,52.77661638905439,2066.7630095766776,1126.2456052179903,0.15180659983745065,0.04702724761883481,3.228056233864106,10.0,0.3460892625748949,1.5292607121542088
418,214.88448844549725,52.78890442469947,214.92996580959712,1130.3430413473084,1.8172049749829964,0.07515619478753356,24.17904445695038,77.0,0.1733424118102932,1.2096907042127258
419,214.88216392989375,52.787253566092225,464.87966152932034,1131.140214126257,0.3921575712693978,0.03713284019185995,10.560936606065603,19.0,0.1535937336937745,1.1814657331922505
420,214.87171073179903,52.77984267364044,1587.799519193474,1135.844162177861,1.52983011271594,0.0710232231744872,21.539857589362153,73.0,0.24753805332682555,1.3289708594849934
421,214.88008086440936,52.78586461887336,680.9112927938121,1138.5984808319217,0.37500484620378577,0.04312326866432883,8.696113671781712,26.0,0.4676490264151667,1.878459981515642
422,214.87391011430927,52.781444037319574,1347.8228774493866,1137.966446530966,0.34761086867543717,0.0427258608030776,8.135842371381743,25.0,0.37145481311639605,1.590975511177024
423,214.88223807651056,52.78746218752309,443.1814021154139,1142.7267440911346,0.48853130086841934,0.047363241863426934,10.314566352470367,32.0,0.06599059930159568,1.0706530354536596
424,214.87692327269886,52.78379983896855,1004.8089822739831,1152.9482816993225,8.075112299936132,0.12391749699197323,65.16523086694689,189.0,0.1815159482602332,1.221770904239861
425,214.8760133853315,52.783057568542176,1111.1067870525292,1146.1224038851772,0.2001160673328535,0.03380003473496806,5.920587623710992,18.0,0.3703119495584084,1.5880879417970752
426,214.87479867387538,52.78234282612655,1228.7082341603962,1157.5748662679098,2.1857791502668156,0.07971473400777283,27.420014348334707,88.0,0.42294321581510286,1.7329317103732131
427,214.86705111515218,52.77678646421368,2066.613096659363,1156.4298424836684,0.26239077114485804,0.062782722188879,4.179346832962534,17.0,0.11330346037166139,1.1277815524341088
428,214.87872428295037,52.78519369063259,801.0420035433459,1160.8534972942875,0.21167084953408985,0.034066659579142164,6.213431318158608,18.0,0.22849692059262805,1.2961711063657029
429,214.86746233611422,52.777194911266804,2012.1453029745858,1164.9377533664706,3.197117204510392,0.08725237410871144,36.642180080131325,106.0,0.21955525485319105,1.2813206908221166
430,214.88509141370864,52.789773592995566,111.29128357849098,1162.970154815008,0.3848031931859255,0.041576176389887566,9.255377155834847,25.0,0.3787509777812371,1.6096604811200268
431,214.86903101910406,52.778421128237206,1833.5810075216752,1172.6926383617663,0.6479433193371351,0.05306280705656743,12.210875286835039,42.0,0.2518809654485985,1.336685679438213
432,214.87594928950443,52.78362690597414,1063.8851254070432,1191.9197534820144,22.683008890378833,0.2261901671714344,100.28291315239575,666.0,0.5603756378757496,2.2746692088855887
433,214.87837676615908,52.78522229808624,814.1722278187437,1181.4808252322252,7.169870034257527,0.09526332530180309,75.26369682711275,101.0,0.09883868654022598,1.1096792384048986
434,214.87079385834403,52.77980087146986,1632.7636861377846,1181.5456011797282,0.44179895609733183,0.040519810528202464,10.903282871716105,25.0,0.24022349917068175,1.3161765320570862
435,214.88012864343634,52.786538658727736,619.4400911929149,1186.2390275717028,0.36733168023225493,0.04088461415434496,8.984594518748008,25.0,0.2643121113345207,1.359272070951143
436,214.8698009973201,52.77924770159849,1726.157867817822,1193.2273261416387,4.443120994840595,0.09583605959413967,46.361682790976204,119.0,0.2873347974993343,1.4031834253883975
437,214.8822217158617,52.788091786600184,388.5107291228392,1190.4740347690906,0.20758508635014683,0.031077571626869572,6.67957872778803,14.0,0.24735193904930652,1.3286422325155114
438,214.86855147154634,52.778423476413394,1854.9671862876576,1198.3995268694655,5.135749267526791,0.13946284847853255,36.82521419543022,278.0,0.4577861434648345,1.8442907497609193
439,214.88024643148327,52.7867142374266,598.6843552152359,1193.041973210619,0.28023344831578656,0.03848604313313393,7.281430500568248,19.0,0.5934469634327886,2.4597036796075673
440,214.8821809188208,52.78839341710763,363.8029534199034,1215.1030858821243,25.866366680558627,0.2626648348067713,98.47670206629356,920.0,0.6435170999632701,2.805183642460735
441,214.86716489404884,52.77760046451705,1989.8417491300058,1210.9627229343398,14.988570732397685,0.17163124347545172,87.3300829667501,373.0,0.5947996489642667,2.467914939964633
442,214.87308383564582,52.781820913212734,1351.8582741103878,1210.0096509507102,8.203048896978867,0.09768141238879037,83.97758280080136,103.0,0.09440111734033518,1.1042416451123342
443,214.87586167518788,52.78415778403222,1021.1071874081559,1236.105741803944,69.45281949471567,0.3377916668627447,205.60844540589724,1398.0,0.7166456334891269,3.529149779174577
444,214.87046688055435,52.77999433583515,1630.4586537170844,1213.355165819537,0.3357232317379619,0.04437957875138212,7.564813393536468,30.0,0.14176959976869485,1.1651882754683194
445,214.8727264991423,52.781655733302316,1382.4862473273788,1216.7360925219577,0.20898383635962617,0.03051039043158962,6.849595610000783,14.0,0.023522187411727402,1.0240888088889384
446,214.87059135599873,52.7801403960687,1611.9981999413772,1217.6009869013742,0.46494813632158505,0.04762635637860737,9.762412489115558,31.0,0.25979831186393154,1.3509831388227984
447,214.86755325108865,52.777952942450554,1941.330176475061,1216.522328353458,0.16171587180491367,0.02793419556775141,5.789172321525747,12.0,0.23051037456780055,1.2995626801834133
448,214.8800756361959,52.786985428523174,582.5082680970082,1222.3232243802877,0.3756163773088815,0.044779997323911025,8.388039297811991,29.0,0.30372231712921194,1.4362086055622945
449,214.88472914178982,52.79034616282524,77.2165114027222,1224.8817759002627,1.0320844636799043,0.05781791373652795,17.8506002202542,48.0,0.189229355540541,1.233394433843495
450,214.87001007053797,52.780137810789235,1638.3992361684936,1248.3555982581158,77.19667679895363,0.33130551162820016,233.00752353792953,1256.0,0.6449274976543552,2.8163262246270806
451,214.86696669431902,52.77774369379833,1986.1590802682563,1232.1770975443524,8.376446882948056,0.14283161060117294,58.6456096636585,287.0,0.6348941384652844,2.7389316506629577
452,214.87288976723133,52.78194911169188,1349.3133830872664,1229.8844346231112,0.5614947534544674,0.053654194070080735,10.465067329518877,42.0,0.21686734644434258,1.276922875658038
453,214.87120969427113,52.78077218841376,1528.5484948161043,1231.7128235706675,1.7658245201661387,0.07880572797988734,22.40731182150629,89.0,0.5206267786179839,2.0860572835441977
454,214.87183013959077,52.78119232881291,1463.6329735214304,1229.9579188511457,0.4748402508129571,0.045945749340552344,10.334802623272413,28.0,0.2528158346027609,1.3383581268325617
455,214.8828415119665,52.78928622518553,255.48786131332633,1246.4198063251308,37.561187952244076,0.24286038063006474,154.66165314736483,700.0,0.3672716404198617,1.5804570553208228
456,214.87418967284344,52.78301069269775,1197.349566471687,1239.7133956926684,1.3244788090071604,0.07385920665092306,17.932480851940042,78.0,0.4011789829947998,1.6699480672892213
457,214.87296857652007,52.78216336790329,1326.9073432879459,1241.6389402352027,1.5284149303403294,0.08152890738647744,18.74690805182844,99.0,0.5870864332323837,2.4218143468334876
458,214.86644193519257,52.777504235833305,2030.8644766336536,1242.2933516967255,0.24959966522581062,0.03591650465739366,6.949441979578288,19.0,0.2849857350414021,1.3985734956741094
459,214.88336038814666,52.7896575134264,199.44997189067777,1246.449941674241,0.43639207994633367,0.04200146252029782,10.389925820688763,25.0,0.16158145418479108,1.19272170801957
460,214.87381616589474,52.78287447590005,1226.156178962159,1249.4557941111311,1.1455072572271856,0.07165181535893356,15.98713516871647,76.0,0.2455531750626988,1.3254744628067137
461,214.87131200280464,52.781165784540704,1489.2993024139125,1255.5659383838138,2.6513273218616273,0.09641440565395339,27.49928606496484,134.0,0.5427686496516706,2.187076628140605
462,214.86610310249077,52.777341068768415,2060.483083995567,1248.1890969362498,0.36719444413758,0.07183260818918548,5.111807205586915,28.0,0.6253532651311011,2.669181143003776
463,214.88488829828668,52.79090608237558,20.7764259451839,1258.1022765009925,6.993879149045018,0.195105239252092,35.846700866952894,206.0,0.5647245564944641,2.297395855705519
464,214.8841049308631,52.79033206329824,106.56352694753848,1257.0510338047195,5.850756967605626,0.13221882166543322,44.25056050197145,242.0,0.32383352616626415,1.4789257360398091
465,214.87423891689926,52.78334599430398,1165.6215467449288,1262.0534488947308,6.390488145432704,0.13640617684042056,46.84896456638349,257.0,0.39262682259812065,1.6464342470269018
466,214.88079904028194,52.78794028492862,465.9025303685465,1254.9123247030197,0.9824611676237527,0.05556121929378398,17.682498334475312,43.0,0.17150522382977085,1.2070082138870748
467,214.87044571024356,52.78062421860591,1575.9718990604556,1261.3708323245214,1.3581198315221377,0.07199906111583065,18.863021412699002,75.0,0.42038858967422277,1.7252938471965873
468,214.87484579358494,52.78381970162828,1096.6040258990217,1265.0133319243446,2.908137738966064,0.08538919176875685,34.05744542988081,101.0,0.23667011032981378,1.3100495782132577
469,214.86718122349265,52.77842237988278,1916.7617013943307,1271.2735100844602,15.59519699739472,0.1891945855223107,82.42940438459674,343.0,0.169584570004517,1.2042165449712794
470,214.87034054689258,52.78070409863524,1573.6762755928553,1272.9158284546709,0.1986009743666748,0.0276758391960707,7.175969370239415,12.0,0.18424200865883877,1.2258537588530791
471,214.8779449659475,52.786163391673554,750.7907531919811,1274.5284332413396,0.15356799715044034,0.028804055614547706,5.331471345753119,10.0,0.2672756744367366,1.364769757345336
472,214.8712620492313,52.781486279187895,1463.340036278368,1282.0833186967163,0.8989775815902472,0.3589819444964089,2.504241774196641,20.0,0.2060732309494211,1.2595620137558212
473,214.87366835128154,52.7832441122309,1200.2789562519376,1284.841732526385,1.0413050474909586,0.06047049907931194,17.220050493137208,54.0,0.3977497865020748,1.6604394279777952
474,214.87525236230238,52.78445044649405,1022.7848702812189,1290.327519730581,0.8388672396402737,0.060909277926483506,13.77240493070321,55.0,0.47718178955225454,1.9127107281584403
475,214.86778711960537,52.77911514286654,1828.5038734046877,1290.5810024398709,0.2186853071174624,0.03436828156917755,6.362998006673268,17.0,0.7227269039708302,3.6065525805460674
476,214.87914905196044,52.78728567408215,597.8054986048043,1293.9940197490691,2.5648082064199507,0.08297862018431625,30.909265552052695,95.0,0.3472621058026375,1.5320084966564527
477,214.87123019790326,52.78162876666907,1452.2330659143802,1294.3859091402403,1.4861674185357208,0.5029520929738065,2.954888625173928,28.0,0.39520664029195174,1.6534573072738923
478,214.88453119683857,52.79114963513129,15.422349929618957,1295.2403884391158,0.22241542805833434,0.04927001156841696,4.514215056545815,13.0,0.7251358601168001,3.6381610217503733
479,214.86615978427312,52.777995912961025,2000.2909812225068,1293.9143496370823,0.24554771178341137,0.03396019769478198,7.230455899882468,18.0,0.2821394191921175,1.393028154400952
480,214.87762474104633,52.78635976075456,747.9270340867012,1306.1925025690086,0.572357338242423,0.05605660454345187,10.210346183182828,48.0,0.22983445246711764,1.298422142100955
481,214.87608852301437,52.78530151105883,910.2328888833629,1309.1776396329165,0.39019878311622924,0.046520603480039904,8.38765523073336,30.0,0.5395652194972582,2.171860255448373
482,214.87966346120137,52.787999156710505,511.8522176829259,1319.7346259519031,11.910141289504816,0.15218441945709738,78.26123943563374,295.0,0.2341978845974647,1.3058203678039741
483,214.86807963478992,52.779821444744876,1753.1651673989538,1327.5821703882025,69.4550401801635,0.2698633415187621,257.3711560424544,730.0,0.3096760790677393,1.4485953183391524
484,214.87773221797505,52.7866403666729,718.3919826440773,1321.3627057569183,0.2296629399736044,0.029531757955851102,7.776812349503274,13.0,0.1445703174616163,1.1690031576091928
485,214.87687426169128,52.786116050235506,803.1667314645716,1327.994535096648,3.5923326351338263,0.09361370055080825,38.374005236382146,121.0,0.44071674366344793,1.7880027493586255
486,214.87315989168476,52.7833894551502,1210.3807125687856,1322.7285283620004,0.22803005378349486,0.030494533278432556,7.477735491192794,14.0,0.20818884528807036,1.262927396323195
487,214.87994720720405,52.78838044345659,465.5205890511997,1333.0201694610882,1.462296631514685,0.07366266712107374,19.85125829222582,77.0,0.33772275503676563,1.5099416560137349
488,214.8826870881287,52.790341915887296,169.5363435684207,1333.2398571980416,0.327400725143047,0.03979739121787974,8.226688110047675,23.0,0.3291106637959623,1.4905587941792382
489,214.87717799855108,52.78639861775481,764.6221619692482,1332.864087074782,0.37963939242482814,0.04020829936991079,9.441816698890898,24.0,0.4543584785801531,1.832705101689914
490,214.86863023670034,52.78044403767879,1673.5743387009097,1344.6123276454357,12.428807414851786,0.16481094706067456,75.41251134414127,360.0,0.48457201160285446,1.9401352322945333
491,214.87120339902546,52.782224050875904,1401.0454249436832,1340.1261987475407,0.7481719689737718,0.05879468570310091,12.725163167839032,50.0,0.5184722430711624,2.076723481898437
492,214.87920062601552,52.78801293416041,531.4791073180223,1345.394161015096,5.583964247836011,0.1095238787450533,50.98398917038184,145.0,0.24477741040332313,1.3241129354115921
493,214.86710896492124,52.77942802278248,1831.498736900008,1349.9768979634255,0.19640460896387593,0.03002076277229196,6.542292427864292,14.0,0.7495755735207847,3.9932206856146997
494,214.88044913120157,52.788990486616925,389.23362193620017,1351.7255867311794,0.3703490770310821,0.042763534436941295,8.66039446709428,28.0,0.37565008298169567,1.6016659452373767
495,214.8742243884385,52.78463127395418,1053.1550824499013,1358.5092139138076,2.7962757396710645,0.09898265933365524,28.250157739703187,140.0,0.19143664126526994,1.236761459936593
496,214.88276450101824,52.790734359213175,131.51434271891705,1358.3395043153432,0.2676765273956656,0.03956312927967485,6.765807767718255,21.0,0.47249334322229297,1.8957106742662455
497,214.86764838569462,52.77992264159346,1763.675074103275,1358.075031746566,0.17828926565235725,0.02774091000377508,6.4269436593138085,12.0,0.19479649280012368,1.2419220620108018
498,214.87216500827702,52.78338418256925,1255.6396996178648,1375.297202901015,28.552329625065656,0.22163215591362218,128.82755892242236,597.0,0.4728212147325025,1.8968896851427488
499,214.86480182693316,52.77799049506045,2061.910664951312,1365.8150285682427,0.13247741167878901,0.04453905138663919,2.974410265920696,11.0,0.20345223636002085,1.2554174974144758
500,214.88188917726993,52.79024816641859,213.71284790283585,1368.7238582424725,0.5788831943808732,0.04537035451631844,12.759062620343096,28.0,0.06838489292177985,1.073404662936663
501,214.86472740476285,52.77797883926479,2066.2874954156005,1368.910066312784,0.24010842697063617,0.0532918901219926,4.5055340769673276,13.0,0.39635027224203956,1.6565898301886757
502,214.87305152112495,52.7839589066848,1165.140641388569,1370.8893322775057,0.3475016971496343,0.03927817658283574,8.84719524636716,23.0,0.2772874760511843,1.3836760355779063
503,214.87013214798532,52.78188012324334,1479.5499055989214,1371.553661045375,0.13412867321868238,0.025579989279020842,5.2434999778786695,10.0,0.591283521569987,2.446683832864439
504,214.8787794751675,52.7881573726564,537.7298011955128,1378.562967522831,0.6193836718148269,0.0522892163841551,11.845342398409228,38.0,0.19967172761740892,1.249487284790006
505,214.8659898897797,52.77900625097579,1919.0097143859316,1378.1644793867956,0.19269604957056516,0.03191341507489073,6.038089283718719,13.0,0.402923558056963,1.6748274253557023
506,214.86878724697837,52.781065998143944,1611.761117197977,1382.5507380355393,1.7971679610500542,0.066452249096079,27.04450166090911,62.0,0.11882157500261525,1.1348439449172487
507,214.8667795570102,52.77960626804249,1830.6412053419008,1380.7830326567243,0.17126720363365822,0.03158289927101194,5.42278282193219,14.0,0.22574226532628405,1.2915595869654635
508,214.8748727700884,52.78609000444973,895.5759410811997,1432.5913535309314,702.323603873995,0.8715603670800702,805.8232457574251,7472.0,0.13237569455895715,1.152572598218841
509,214.8805202527593,52.789593171490985,332.9914908163961,1392.811764319216,0.8793438389795267,0.06091394419546112,14.435838141721405,49.0,0.249130016585433,1.3317884881381448
510,214.86568692988183,52.77908804059855,1925.4511889344105,1400.3829850661778,9.3672948181512,0.15131832231935807,61.904564328842326,300.0,0.49075756221081857,1.9637012271431797
511,214.8665430297586,52.77971700400121,1831.543766230811,1401.6188751364307,0.721483209778806,0.05944003827470207,12.138000423964604,53.0,0.6646350515826714,2.9818262305564467
512,214.87793649729142,52.78803010129261,586.8855092098197,1413.9544862773396,39.94843053837197,0.2974787452583759,134.29003307000863,1094.0,0.15761933809364892,1.1871117716982584
513,214.88196929213188,52.7907750009443,163.74188041347793,1403.6852781092323,1.1582185226758133,0.0694695692424177,16.67231473156468,68.0,0.11219236645939723,1.1263701304436533
514,214.87078948765406,52.78300663774458,1350.801718830541,1420.417420135162,64.00401783107439,0.3428415921910406,186.6868527299617,1475.0,0.20942119943511195,1.2648960474091582
515,214.88057136052666,52.78982059408784,310.67584548758254,1407.0239513325575,0.8707586071220811,0.061982998859563855,14.048345887474348,57.0,0.34492386582022416,1.5265401192673658
516,214.8824845696687,52.79121774743282,101.57820964102402,1409.2276093469304,0.6421638505742585,0.05123021689088495,12.534864959521856,38.0,0.2314255659531268,1.301110153683583
517,214.87592790540165,52.78705553143376,763.0922537089012,1448.308515934853,145.79580376014644,0.44156518264517786,330.1795736855038,2162.0,0.7622720693344186,4.2064893140668795
518,214.87844161130835,52.78837007434379,534.2225712068919,1412.3810647871896,0.1784598496312178,0.028415716080490372,6.2803220980147865,12.0,0.23646765394387903,1.3097022086429042
519,214.8755437001197,52.786319169173886,845.1986845325767,1413.9391401980542,0.15899047469702646,0.030890868276550534,5.146843826909106,15.0,0.4130686755365258,1.7037768446148625
520,214.8727784186364,52.784333270539335,1144.4878074731582,1413.2960917054245,0.46904073955804865,0.04095193742664902,11.453444428561408,25.0,0.23595575789859946,1.308824731470569
521,214.87565016510771,52.78651465423063,823.200323783873,1422.8253935915782,5.767815615824364,0.1408968890138443,40.936429868636964,273.0,0.29565315828324457,1.419755070616385
522,214.87211772943476,52.78394406131676,1208.490897661626,1419.492653453461,0.6621552798937546,0.0546829285676916,12.108994474830977,45.0,0.36463491931435454,1.5738982679389049
523,214.87696024892338,52.787408848381766,685.5164037292705,1419.6640650629722,0.8578810260381976,0.06135984663683285,13.981146842098397,54.0,0.3487138330932419,1.5354233681170228
524,214.86494166671977,52.78055452037669,1829.9235765962715,1549.2184605762209,15236.511322334009,20.26712685986353,751.7844748141378,18962.0,0.17117935559774067,1.2065336532745201
525,214.87045570842545,52.782777251058775,1386.01963771242,1421.1106696092904,0.591428683343684,0.05237052709756823,11.293158883847598,42.0,0.25397181595562257,1.3404319319127964
526,214.87921964399044,52.78912698938408,432.5778178605091,1427.3243751311315,2.4439206021483613,0.09844573118088752,24.825054096635423,134.0,0.24011356674067907,1.3159861213876116
527,214.86834464296,52.781280412494475,1612.8167780544743,1422.0750028491254,0.35661193145436176,0.04260064819671046,8.371044727011892,26.0,0.7827278920493042,4.602523579450537
528,214.88065464188261,52.7901463162516,278.26069393864753,1426.8425413590132,2.4849971975254,0.09033578369920263,27.508447879301837,109.0,0.22462050216183582,1.28969105165677
529,214.8660264014034,52.77965926520324,1859.886857917346,1424.827445321565,0.3238971512790526,0.043904938817077944,7.377237276847418,26.0,0.1875867289577312,1.230900621203628
530,214.8642981225999,52.77847956948875,2041.5402268892049,1429.0379845160762,0.5644880753349937,0.05388008126566455,10.47674877385008,44.0,0.7772156828365766,4.48864629580928
531,214.88022617320888,52.790029686612954,307.81623677566654,1440.9624989718982,0.716638353446042,0.06322647449244152,11.334466443035872,56.0,0.49533319276940757,1.9815053926125956
532,214.86588258802675,52.77977868503313,1855.8504755776817,1441.3733670252718,0.3683770860214011,0.04096719954594656,8.992000676254417,26.0,0.18999372198280806,1.234558332619214
533,214.86781678132812,52.781161180698106,1647.0779403930037,1441.3025752165838,0.16621638029816463,0.02904500901870552,5.722717462098849,12.0,0.6017830443405086,2.5111939252910243
534,214.86621241278843,52.780052714332534,1816.880137823631,1444.2101697687558,0.2956090521668722,0.03726011873561587,7.93365835102152,21.0,0.3898833168803032,1.6390307422618262
535,214.87232582938188,52.78442708868599,1156.6079448140376,1444.3725884969938,0.20314450805193293,0.03150586879643166,6.4478306998771275,15.0,0.11574124164620014,1.1308906929705422
536,214.87016036829618,52.783068435235066,1373.68802715935,1458.5090273147775,7.887803435217315,0.15845959908254886,49.77800954240833,351.0,0.49671926406790834,1.9869626007996686
537,214.87953953429508,52.78965018549891,372.1300605556914,1449.2516979177824,0.3497285860644654,0.04038876481566766,8.659056241521856,24.0,0.40235532171639243,1.6732350112644319
538,214.88278477592795,52.79199733635385,19.454897249546892,1451.2958165542937,0.47830173872052306,0.07579409603005834,6.31054084385199,26.0,0.27253157982143006,1.3746301176270064
539,214.86442661362454,52.778910849676194,1997.792618044688,1454.2979050150193,0.3782598765809481,0.0447228641411454,8.457863418298961,32.0,0.6689867115708356,3.021026753172165
540,214.8708744675115,52.783549261133,1299.2160558135581,1456.2867649245507,3.032800340438395,0.10618134406844258,28.562459507797403,158.0,0.4096669089022278,1.6939589107912263
541,214.8681932271847,52.78172630697082,1580.3871048562658,1463.327439928092,23.106898867422753,0.21255741284486018,108.70897682730003,577.0,0.5524645043669416,2.2344596345044248
542,214.86731229175984,52.780999512252514,1684.0219857381524,1456.1273237819871,0.2532429578453413,0.03717765002999842,6.811698900845026,21.0,0.766039564498061,4.2742269557440284
543,214.86444892192978,52.77901987602886,1987.1914329664407,1461.2252576523567,0.7330107011898516,0.06461861387339919,11.343646315688021,63.0,0.5121709597354904,2.0498984633177684
544,214.87074065883195,52.78348097282508,1311.251094022185,1458.326587386468,0.164833979800168,0.030949067862663472,5.325975584519023,12.0,0.13297853032365592,1.1533739762791528
545,214.87676732454923,52.78788886037255,651.9569011910007,1465.66854738611,3.012979681124806,0.09870995413888399,30.523564795558222,130.0,0.314182174554441,1.4581131648923304
546,214.88132773386383,52.79110325725185,163.73936319002163,1462.2681299323754,0.1445547986541534,0.027362658541252173,5.282922287548243,11.0,0.4070780459124397,1.6865626126778974
547,214.87472691495643,52.78652443935069,863.9074736381515,1472.696747599694,0.1477077069044133,0.026772917693495893,5.517056773393691,10.0,0.5451843571375379,2.198693065406292
548,214.86831840353122,52.78197314883459,1553.0245278287146,1475.0375662081385,0.17700954941934954,0.030692378221513508,5.767215174459062,13.0,0.4394351309779956,1.7839148602813102
549,214.87110895683782,52.78404047009749,1245.424338562527,1480.369943339946,0.5747021447769771,0.053972763986044475,10.648002850578036,44.0,0.5997376845545384,2.4983616029080227
550,214.87965177569822,52.79013684831549,324.2468418220519,1479.5107822222712,0.3657103356976543,0.04529133035709092,8.07462118719588,29.0,0.09644492144572803,1.1067393939061736
551,214.86350328825304,52.77867795053939,2059.8645569579467,1486.1248023198664,0.22567933780293256,0.056031047296532584,4.027755123129716,17.0,0.3304270780899283,1.4934893083001748
552,214.87931726066154,52.79024386162111,329.88989487405235,1505.2812684349562,6.715858349176588,0.14904140834466792,45.06035217840756,309.0,0.7095508931740739,3.4429439667698025
553,214.87426270545615,52.786540582774784,883.3869482211711,1498.6077505627904,2.144713289457619,0.08888091275371096,24.13018974502006,114.0,0.43636044097111293,1.7741834901065718
554,214.8807249466298,52.7911188915414,189.50305567698837,1495.5118107490064,0.20866979272671424,0.031702992099669806,6.582022039771053,14.0,0.261207646617329,1.353560300700665
555,214.88007845676765,52.7906808572697,257.159820421768,1497.3050102729871,0.4826001260494719,0.04867663799898661,9.914409578975423,35.0,0.2042719227180978,1.256710713810505
556,214.8660421024644,52.780622842151026,1774.3649987141914,1495.7151229208152,0.13647864846869726,0.026638232142732515,5.1234123847791295,11.0,0.6368418162102609,2.753620996681102
557,214.86833455301877,52.782289432221,1524.4586145237292,1497.721171491483,0.9430536907918222,0.05357840629703258,17.60137630006462,41.0,0.15521461905523792,1.1837326054123407
558,214.86852939061208,52.782437039185524,1502.6942605113989,1498.3360380255906,0.18581504923309897,0.028773519003408767,6.45784928882302,12.0,0.40103089344371534,1.6695351881324965
559,214.8673485107995,52.78161006196664,1628.6509418077244,1499.6461386578837,0.38988617133872794,0.042976171022296526,9.072147705677422,27.0,0.3476823606357612,1.5329954912373964
560,214.86993070903878,52.78363795952144,1333.900370868807,1513.1301967826741,5.047528621469289,0.1203370571496201,41.94492321009218,204.0,0.4207482486725532,1.7263650868699874
561,214.86325450413335,52.77881767980257,2058.7661373648166,1509.7715830726,0.32368955614111505,0.060151071844848004,5.3812766125935525,19.0,0.4230927904650692,1.7333810073306972
562,214.87329901167757,52.78605010480602,969.9438524177996,1513.391227888457,0.692468074676557,0.056204291506557924,12.320555176747664,43.0,0.13373991300702903,1.1543877122069393
563,214.8668616918793,52.7814326526075,1666.1845871728733,1512.3583857233236,0.6184199479822529,0.04527964202118591,13.657792340604198,31.0,0.30463009694631726,1.4380835230408293
564,214.87237848210466,52.785386605400504,1069.786045278651,1512.9986105033793,0.39855037683478556,0.03811229984060329,10.457263888603915,21.0,0.14397801562941215,1.1681942967098862
565,214.8631820848895,52.77888659404608,2055.9605725441593,1518.756924685186,0.41873252328595323,0.06250735124662242,6.698932444503148,23.0,0.22565168947501268,1.2914085126911776
566,214.86755177641464,52.7820288063803,1582.641640968384,1519.9944050295458,0.6186476972478255,0.046833817499883613,13.2094228118253,33.0,0.24682460085477786,1.3277119793542098
567,214.87605568697373,52.78820111727892,656.5153499374952,1526.792559316489,5.61496442132375,0.12135040989998064,46.27066711972141,199.0,0.29914513476851057,1.4268289336476307
568,214.87443844247534,52.78706355814725,829.4464517602034,1528.186439305117,2.5641345488578557,0.09919759218394329,25.848757942664072,141.0,0.5055469841199574,2.0224368501831655
569,214.86306496117766,52.778920505257204,2058.248820467463,1527.51722966792,0.3654733245145867,0.081483067906341,4.48526711015192,26.0,0.24022797347432912,1.3161842830313948
570,214.87943771246233,52.790753150139174,279.6457748239251,1536.7878366570822,1.3333290322589322,0.7939146637870853,1.679436207789341,34.0,0.23008613129695143,1.2988465861571517
571,214.87944778429355,52.79082308585311,273.03747629937595,1541.4586078466812,0.8389156740880703,0.07209569892821473,11.636140387838863,71.0,0.6449640622514008,2.816616273668892
572,214.8628035599576,52.77897401535241,2065.307626776875,1545.4183644275233,0.32496305621505195,0.06295365758617412,5.161940841486871,22.0,0.7900038256576329,4.761991513091332
573,214.87060345054573,52.78455533205573,1222.867696458458,1545.6065182295247,0.4285019982355912,0.04496328001787804,9.530043138872713,31.0,0.3822910953430796,1.6188855178563542
574,214.86626908940798,52.781492816362615,1687.5695596405264,1548.3866906291253,0.24684350991196863,0.0878426041995431,2.810065937380902,15.0,0.12496559690802789,1.1428122099730669
575,214.87565427258022,52.78831178483564,664.8481432546016,1556.3969264536377,0.5778000127228344,0.052513666426732206,11.002850344281121,38.0,0.02567172995469036,1.0263481320864236
576,214.87167901995525,52.785490751885355,1092.1113020829434,1557.9848726123284,0.7411489418106435,0.12154593605146606,6.09768591108484,40.0,0.49365540754505755,1.9749396259010823
577,214.86266330938219,52.77906202424905,2063.8751286799315,1559.4365880250884,0.1708057546041658,0.048564407842688784,3.5170974421729735,13.0,0.11796793174061893,1.1337456267020076
578,214.87924148685195,52.791042810536304,262.98814209561,1568.7965241096658,0.5671520668275413,0.05328608259464936,10.643530903592657,38.0,0.4826550132363375,1.9329461492526796
579,214.87597843185114,52.78871961804547,614.3599995044683,1569.505304062367,0.2430972079002299,0.033233279225792584,7.314872728886785,16.0,0.18123581136851552,1.2213528802126048
580,214.8687716248451,52.78356813851257,1392.2308568230246,1569.6370680751547,0.1932264315555499,0.03320319020848114,5.819514038930927,13.0,0.09475499717461233,1.104673317034471
581,214.86258268464843,52.7791645748829,2058.478074935151,1571.3623616626278,0.1354479475819561,0.04530652293983931,2.9895904340708714,11.0,0.13502851144822936,1.1561074708650902
582,214.87351522478886,52.78703256346413,873.7399365552651,1575.0203215707538,0.4569477093887166,0.04611672623113334,9.908502765320575,33.0,0.5243574460270977,2.102419120508235
583,214.8685352406316,52.783625807268535,1397.7974729065204,1586.513917443003,1.0223677522391728,0.07441461393670329,13.73880341714591,83.0,0.48894175934084816,1.9567241469587138
584,214.87334486092186,52.78717339750543,869.0147959671208,1594.5727641632377,4.097555937016251,0.11307193849357693,36.2384866803094,174.0,0.21104962627655544,1.2675068461917427
585,214.86744676365646,52.782908559346104,1509.9342273077139,1591.0708523767992,1.2363612332349372,0.06692609602077804,18.47352985972906,64.0,0.28761791970398964,1.4037410929602245
586,214.8672527148525,52.782787548514555,1529.3219997337067,1592.3939241937596,0.4905254407239764,0.04259770102888869,11.515303147259388,27.0,0.16189382115944806,1.1931662422336682
587,214.86700849729024,52.78267621202207,1550.1169500139888,1597.108077918825,1.594024063071172,0.08612937687942625,18.507321436943275,107.0,0.390956760995104,1.6419195484936024
588,214.86292992242463,52.77977391835231,1989.207686011488,1598.2277422279349,1.3450499651738992,0.06301061318394477,21.346403362991246,56.0,0.3177714890966533,1.4657845340938453
589,214.86532075299817,52.781541575167864,1725.9738968871645,1602.5055868320676,0.1416347162902704,0.025193277413413654,5.621925006663082,10.0,0.37841314738302434,1.6087856359732307
590,214.87459601650244,52.78824307288306,718.5404651279322,1607.6083755654302,0.5450444722015849,0.05228832552296829,10.42382724537942,37.0,0.16113292579326877,1.192083979390469
591,214.87594696800744,52.789219762719654,571.7584941403504,1608.4141891699605,0.5949807402830952,0.05727898816536818,10.387417085046037,45.0,0.5014457261357304,2.0057996740235504
592,214.86720962886199,52.78296661166814,1515.5007248440902,1608.0165050559576,0.12960749420027665,0.0259682893628801,4.990990834596203,10.0,0.38095843042422073,1.61540040143877
593,214.86520340813755,52.781565122555456,1729.1842824339637,1610.5057993042042,0.2291122948659205,0.03532542130723276,6.485762558166872,19.0,0.35988896360125744,1.5622289620656888
594,214.8629581601,52.77995582077316,1971.924575199156,1610.263434211041,0.3591123247277086,0.038855182781857386,9.242327509919438,24.0,0.1928685868817298,1.2389556195522136
595,214.86207908396298,52.77935814292635,2064.1123638180948,1612.5839272799478,0.4353773521851707,0.07693607534869926,5.6589493317913515,29.0,0.7500266420798862,4.0004263187102485
596,214.8783275641762,52.791047562757186,303.7164589847203,1617.7896211320406,1.329715845137232,0.07145485403636709,18.609174465047126,73.0,0.19994289690653877,1.2499107827846905
597,214.87297485643867,52.78743759408652,862.4201123717983,1633.9352458304388,10.239627051828274,0.10947783157003887,93.53151140262977,129.0,0.024065411916988744,1.0246588369864618
598,214.88026132267814,52.79266885703739,73.97022057146133,1635.5838265225163,0.3184547206020005,0.03946191178308032,8.06992632167763,23.0,0.2518935579466417,1.3367081791934035
599,214.86321438552451,52.78049837685656,1912.630983078864,1637.0041996890877,0.29747511316917374,0.03377353102278627,8.807936397543797,17.0,0.026451076448057553,1.0271697454623565
600,214.8617866389544,52.77953654772791,2061.5745438647104,1641.4338113661822,0.3170788942745848,0.06888973216473379,4.60270180055809,24.0,0.5957170271479741,2.4735150059510826
601,214.87254196680752,52.78740759861109,884.5493443071728,1654.7443833677578,3.347386767093465,0.1158068541447595,28.904910610119888,191.0,0.3988467339706563,1.6634692956175134
602,214.86948090685655,52.78515517046593,1220.6108313935993,1650.0151096965672,0.8963056251011264,0.05922390004106708,15.134187793772607,52.0,0.21001538484392523,1.265847436538284
603,214.86505924801304,52.78197447712827,1699.6424200541737,1648.6506810332955,0.18812913597499106,0.03271640223572623,5.750300250605017,14.0,0.36476562908594845,1.5742221230269386
604,214.86458620520352,52.78255960431787,1669.4349442845848,1717.3883398531734,593.9152868224112,0.7992958737722374,743.0481081047714,6198.0,0.23856186535911716,1.3133043309836723
605,214.87676918378955,52.790436325334554,427.6712077722004,1655.2230333705977,1.7552802396933767,0.08521845059904397,20.597420245904686,102.0,0.4150009973057406,1.7094046235881095
606,214.86549616276017,52.78235836415069,1646.181645529514,1653.9636733984573,0.4118391711620487,0.04960796645454486,8.301875698521357,38.0,0.7136630402104115,3.4923888300512753
607,214.86807353724942,52.784207534925244,1367.3812186906034,1654.3953704100647,0.4143874523195631,0.043578395430840834,9.509011247951944,29.0,0.2539168943350739,1.3403332583288794
608,214.86961143018453,52.785334041487566,1198.9907860042501,1656.381923853886,0.32419110884999175,0.038241921740118055,8.477374935629763,21.0,0.1408332708160076,1.1639184410105898
609,214.87593382922,52.78986465753041,515.5923782102755,1657.1239056245256,0.41402403185616277,0.045222163532838054,9.155334453547747,26.0,0.2553884759092896,1.3429821694220483
610,214.86170658830184,52.77976945672462,2044.6766120030363,1663.0314100101978,0.9081422956004928,0.06814041950877225,13.327512541709263,59.0,0.16478811785727865,1.1973009740169376
611,214.87602393265752,52.790229337093564,479.4401545940775,1679.4775797872828,19.058933398758352,0.21773104600366666,87.5342940227155,614.0,0.6324642669619185,2.720823882167634
612,214.8687636197887,52.78486897107322,1278.0944369824574,1666.8947436472927,1.0945297273311105,0.0710375705189983,15.40775844858587,75.0,0.3194876770256464,1.4694811045143805
613,214.86357262312958,52.781125337103305,1841.3153954404181,1664.596350059611,0.42390061465510565,0.042449153288813664,9.986079387049006,27.0,0.3415359309983893,1.5186857523087625
614,214.8769079166133,52.790692285224026,398.898350171027,1666.8950735890508,0.6487321412098574,0.05157724234877764,12.577875661187461,39.0,0.23979774869844417,1.3154394087729708
615,214.86508490817906,52.78223286816866,1675.7430964181438,1666.5175109647603,0.2636496694104582,0.03990580581677229,6.606799788005961,23.0,0.47813462422821673,1.9162030025868386
616,214.86361723288235,52.78118518170051,1834.0392963362,1666.6755798807874,0.2381188674030909,0.03437779681411852,6.926530768990366,18.0,0.5436609495196134,2.1913531155120376
617,214.87848034296115,52.7918209027336,228.77794719073555,1667.2338102594595,1.137972752656852,0.4695978527824726,2.4232920698297664,18.0,0.19304234393457587,1.2392223959752913
618,214.86242695818893,52.780395020436394,1957.179664499666,1671.2365293091264,0.2073163035381108,0.033093614746085784,6.264540913066367,17.0,0.7038572928718445,3.3767503839534063
619,214.86166351265848,52.7798588997728,2038.7426524797927,1671.9821603697135,0.24098998552132975,0.032777041872057655,7.352401917842778,17.0,0.678058868274843,3.1061579321703623
620,214.87223835600355,52.78746093109169,893.5241561319224,1674.8754201624843,0.7031868055087634,0.05672523040053955,12.396367551855285,46.0,0.25747910800678475,1.3467634524270564
621,214.8655895181219,52.78267637358716,1613.9870518615887,1672.6642893302264,0.1437730879957156,0.027479413045806634,5.232029074131021,12.0,0.5524389931439165,2.234332269078922
622,214.87545343504735,52.78981719861305,541.3970474425985,1679.1591369291787,3.125701796233855,0.09282257174915899,33.673940910414125,119.0,0.47759983508776094,1.9142413558923657
623,214.86562204983696,52.7827467178204,1606.3306526864344,1676.168360147388,0.1958452587155837,0.033519915343798376,5.842653739035103,16.0,0.3495851287884678,1.5374802211045595
624,214.8669064249738,52.783717176337724,1463.0867198090646,1680.0272555999395,0.4775842322491409,0.047593416991201315,10.034669969954727,34.0,0.43862036413797434,1.781325748420588
625,214.87700783599925,52.791012822493045,366.18953129996424,1685.4405951239846,0.3336081123360598,0.04561263165561572,7.313941340961561,26.0,0.2400038186842579,1.31579608501289
626,214.87059168677825,52.78642411234259,1058.9143494041311,1685.3454022562353,0.1252899175350286,0.027807831748062988,4.505562270016106,11.0,0.2860614915697721,1.400680854432057
627,214.87566735396533,52.79012655613294,504.5393884047152,1690.8041472918653,0.34872348854193713,0.04261190006464536,8.183711310992896,26.0,0.22554730440365145,1.2912344494197598
628,214.87297712915375,52.788247086717575,791.071302202885,1694.0755518320468,1.1712675438238696,0.06300705054011883,18.589467905311356,57.0,0.10785611496092662,1.1208954259168664
629,214.8755227168805,52.790096554527096,513.6914980853495,1696.2687245941613,1.0566125759379101,0.06837227647164128,15.453815939215664,66.0,0.30270333351710677,1.4341098245082933
630,214.87746060132704,52.791681851953044,286.92497412973984,1711.152218678875,13.476112393156734,0.17011984812922248,79.21540338385633,377.0,0.4760567263666311,1.9086035651633413
631,214.87070025476638,52.78668933510664,1030.6826695560264,1699.3095196733386,0.16812704330873898,0.02582702664098277,6.509732833200091,10.0,0.21203204890096783,1.269087148284689
632,214.86218266682744,52.780748387453954,1937.072738555914,1710.5446309470487,16.897951635044247,0.15751126433569854,107.28090912298312,305.0,0.3803352182648069,1.6137757533997452
633,214.87812609034881,52.792089357579655,221.1003754379419,1706.0733807336146,1.5899555104573313,0.07564161296708632,21.019587606482734,77.0,0.3227297427531832,1.4765154519927062
634,214.87263882322836,52.788185913308034,811.6860880660493,1707.5288132650417,0.1968516398126133,0.03108386142824182,6.332921032576734,14.0,0.03236860010808584,1.0334513742647267
635,214.8631643243924,52.781477647568764,1828.6855742612447,1712.5579575789309,0.40057226916823385,0.04339596278073163,9.2306344530762,29.0,0.8240623385789794,5.683831374835601
636,214.87989392012722,52.793481837873586,18.963430763862867,1715.6639317705371,0.1800798325590024,0.05383624807085964,3.344955100176745,12.0,0.18957506245613331,1.2339205689186632
637,214.8651905004064,52.78305666844722,1598.4768499229694,1722.2143508303816,0.942618352457312,0.060430260858266756,15.598449172147888,52.0,0.07426393423069966,1.0802214983046872
638,214.8763268650929,52.7910184933948,396.3480034282039,1722.105222960372,0.16069309294343087,0.027146934944920566,5.919382547954939,11.0,0.2897265679981077,1.4079084968467972
639,214.86781492030806,52.78506122683237,1303.8832144736102,1731.7091965090765,0.589128536329967,0.05391499175715705,10.92698926828199,45.0,0.3905210413995881,1.6407457318893635
640,214.86079339605422,52.78005092030629,2061.0128572861013,1732.6033101255796,0.4689925121842101,0.08029381050413613,5.8409547291325925,35.0,0.38677084100466375,1.630711758126957
641,214.86826784883058,52.7853855341012,1254.947224751775,1731.7384446244564,0.1710625337609164,0.032269001430428955,5.301141224643171,15.0,0.3234046441036058,1.4779882706631053
642,214.8796493244633,52.793545012236166,24.415380648920127,1733.3839428915737,0.4132529322736871,0.07553686005788611,5.470877819874949,28.0,0.26940454865491203,1.3687465452445886
643,214.8624541448668,52.78131436672586,1875.0305792617844,1738.2163158192109,0.8718193837782834,0.06317714712508916,13.79960038480533,62.0,0.4452667331324217,1.802668164551798
644,214.87124154369326,52.78765402493698,921.405789697015,1742.3090172934762,0.3171658341548489,0.04159083929417669,7.625857990301644,25.0,0.24233511486464,1.3198447224083056
645,214.86281114183905,52.78166354400762,1828.222495764171,1745.1985078413015,0.21209405768493766,0.03037592691257073,6.982307348032398,14.0,0.44738916809228313,1.8095917456916495
646,214.86804638074608,52.78543438484551,1260.6179091749655,1747.1643748575648,0.24509249467869795,0.034707877784557695,7.06158112576232,17.0,0.20682089203911302,1.2607492935243974
647,214.86776401166884,52.78537186569395,1278.8329521673272,1757.5422860791139,7.387011172012489,0.12632938091984175,58.474213347880486,210.0,0.4407975319841855,1.788261063203533
648,214.86594473678238,52.784161544537916,1467.2685071770998,1764.301096134663,17.649599830157637,0.20426395282280194,86.40584687729306,575.0,0.4236225678427634,1.734974244666815
649,214.87575217945155,52.79111011119713,414.15693498148977,1759.5118440867743,8.54282751600132,0.14300408435474057,59.73834631750591,264.0,0.28837764505343244,1.4052397216710335
650,214.87121421233877,52.78817177458127,877.0662062476107,1782.3057046037536,110.81479305676926,0.4366273919977717,253.79716226629867,2350.0,0.2768025375424744,1.3827482145773313
651,214.87810766928956,52.79283210841676,156.5613399456535,1762.3512077210814,2.4359854069573466,0.11737781950479739,20.75337075807397,194.0,0.5361288143154108,2.1557708925683383
652,214.87001898501913,52.787266596574135,1010.5448409537466,1778.5453008870002,108.57626431166491,0.35380567604340285,306.8810696478069,1275.0,0.3451641171325762,1.5271001882504616
653,214.86430505962636,52.782905239381705,1651.66840059029,1758.0829834073736,0.1782115630794023,0.0309162525972059,5.764332611757365,15.0,0.5004781273416399,2.0019143399631143
654,214.86702758570388,52.784919649362756,1351.7904103148442,1763.0843250298606,0.15437945412972545,0.026357724284766813,5.857085856951145,11.0,0.566130778928097,2.304841992546586
655,214.87712131040317,52.79214073742261,261.8136313653974,1763.3727196783857,0.14039073460208712,0.027018197738788698,5.196154679130764,11.0,0.5638982022577387,2.2930425996340555
656,214.86249373082558,52.781832356592,1827.6525769664584,1774.6628753153507,0.17023057930306557,0.03099762010428146,5.49173061449169,14.0,0.8212328152864404,5.5938678097007
657,214.8780859475726,52.79296198409665,146.10908037418292,1773.1763900125093,0.20536281803400713,0.033274196597600746,6.171834004515527,16.0,0.5403027878996434,2.1753449307012325
658,214.8782026426044,52.79309667764526,129.00137437696256,1776.9939556850368,0.130397896066869,0.02944771569966549,4.428115830673761,11.0,0.336439459439717,1.50702149822779
659,214.87281977904,52.789357616010754,700.4132354501287,1785.1221191093025,0.2872481211821506,0.036394639588457296,7.892594196021451,19.0,0.20926766479718473,1.264650445518343
660,214.86815790665293,52.78611168687978,1195.98176285229,1791.6439997222083,8.238215615266256,0.11858741205902845,69.46956234415146,178.0,0.15399097545909246,1.1820204879524265
661,214.87785372811194,52.79299569747123,153.59637384402097,1788.0447019109872,0.3692458529437365,0.043295778601058946,8.52844930555667,28.0,0.3309862729294252,1.494737640703909
662,214.863886995132,52.783024275175684,1660.011531631325,1789.2006178848508,0.2557991573935968,0.03571032788161416,7.1631702246368265,20.0,0.22570807066066678,1.2915025484680602
663,214.87326690403412,52.78975772504178,645.0689510624173,1791.1090060562497,0.569513694133215,0.04771562196813528,11.935581485525619,32.0,0.2741432841646726,1.3776823692389264
664,214.8702374884382,52.78759181104014,972.0836762917013,1791.123216334109,0.6513613010986575,0.05124878541290932,12.709790014547012,35.0,0.21413550534749393,1.272484005581879
665,214.86970278115297,52.78720968347089,1029.7894199585742,1791.1404403712022,0.3916040334802491,0.04643015001757654,8.434261645331835,31.0,0.1776269982886709,1.2159932268192601
666,214.86727021700952,52.7854770148626,1291.8081175205373,1791.656034448052,0.6174298364339451,0.04808869777667748,12.839396053128146,34.0,0.193509449973021,1.2399401331690094
667,214.8676592108983,52.78585216044834,1241.2758528251406,1798.8728601779594,3.5024690550422046,0.09632859751657459,36.359597724233026,133.0,0.5186775572941533,2.077609334770072
668,214.86277051686181,52.78230515390618,1773.57415730377,1795.1169804169508,197.55571454733507,1.5832389466441485,124.77946867469149,86.0,0.022323719624925853,1.0228334470959668
669,214.87156076410264,52.78885105633191,801.6775143635406,1814.4260532283001,163.0927923667284,0.4027464433112588,404.9515397971712,1467.0,0.10674787534459307,1.1195047539190277
670,214.8779353156496,52.79328991193624,124.02995001575148,1805.6068066838386,2.4591138818646168,0.09760785145070017,25.19381223247873,133.0,0.23012779009047324,1.2989168684469299
671,214.87515256721917,52.79124999901385,428.8393681266703,1801.8387030398058,0.43476164327269196,0.04564453973181137,9.524943089078636,30.0,0.4862547814892113,1.9464901355164628
672,214.86230745757018,52.78214438872958,1808.5719091129374,1807.8050305490349,3.8157182770424267,0.09278813546391314,41.12291143652114,118.0,0.17104139230969728,1.206332850305112
673,214.86321762128267,52.78284461786815,1705.9601544357954,1811.465745900062,0.15977775002095854,0.024977877870818527,6.396770408090822,10.0,0.37459303380770914,1.5989588444918836
674,214.86202536853844,52.78206223489837,1828.5028205530793,1816.7092140038915,0.17369240485241685,0.029503285886142476,5.887222376609894,14.0,0.013514769817262295,1.0136999210974085
675,214.85984169879848,52.78051706325647,2062.824577777225,1817.9704806368968,0.21274449799280512,0.049579039854777615,4.291016901818931,14.0,0.4533767397958234,1.829413551897657
676,214.87866733313243,52.79405240080783,23.97004983092164,1823.4178413949921,0.2604659265472243,0.06331804605042526,4.113612829110271,20.0,0.5546823604555104,2.245588117782374
677,214.87329515372414,52.790263360216926,599.2944856541203,1827.2467398785343,0.40700040987591923,0.0419125985062106,9.71069378615621,24.0,0.322399653781164,1.475796176286254
678,214.8711288583716,52.788720164299534,832.6418888342646,1827.6716642604865,0.18920371099347053,0.030298878503288097,6.244578028620358,13.0,0.16791811262996026,1.2018047925075004
679,214.878606936044,52.79410938744297,21.673771261922617,1830.874643882795,0.516601956938891,0.08289309432791662,6.232147094126639,36.0,0.2903014950578081,1.4090490441169163
680,214.86231981235414,52.78259802771976,1768.0842413348248,1840.9116959254152,0.9990808336882858,0.06760501106804173,14.778206791250296,70.0,0.42881856448603617,1.7507571812101599
681,214.87850904195278,52.794135071177394,23.820448802318698,1837.996404621008,0.2548767482195854,0.0594275769195434,4.288863208484047,18.0,0.10227837699061804,1.1139310609983482
682,214.86040154683357,52.78124191199233,1973.8147064361272,1842.1103778610343,2.314317258638531,0.08123574401124035,28.488903336914174,93.0,0.2218673672255761,1.2851279561872508
683,214.8753036793534,52.7920816524875,348.84148795332453,1855.7095383230876,22.430122971709842,0.24199171786380563,92.68963074320439,786.0,0.1967134802147571,1.2448858226418988
684,214.87102940957587,52.78895877571759,816.117367148602,1850.7275728797608,0.171071513298433,0.02851565031301711,5.999214866944156,12.0,0.45769247044237904,1.843972184593739
685,214.86529648812513,52.78492152393515,1429.5575238988258,1855.3801251097855,0.6272887231352223,0.051585785697250856,12.160107957193569,39.0,0.19087983247709683,1.2359103630570347
686,214.86128959529862,52.78205127342635,1862.5911386154532,1855.0674437277448,0.19370105771017176,0.0330549108242671,5.8599782265322915,16.0,0.6260135459722252,2.673893637670987
687,214.86476161580782,52.78462952527919,1479.3388186992393,1862.120429559155,5.070051037369879,0.13082816480465287,38.75351339629557,245.0,0.07723666255840556,1.0837014859872391
688,214.86012476285748,52.78200426921392,1919.1670113614878,1913.587818773653,725.1144413348463,0.8411121631776413,862.0900672693085,6493.0,0.417276642474143,1.7160801726668857
689,214.8639961453041,52.784102654951845,1560.1754097478927,1863.655787189146,0.7174228647730089,0.05534457390542563,12.96284015121268,45.0,0.2279592594656744,1.2952684327356934
690,214.8621482498406,52.78278711687522,1759.1631472691224,1864.1197719334689,0.3499173895823896,0.03771459816151818,9.278035737881076,22.0,0.25179418605644754,1.3365306461992341
691,214.8610765368832,52.78203887863339,1873.2737063574782,1865.4886496843908,0.30419883754578514,0.037319838095918,8.151129615405756,22.0,0.16110657671557693,1.1920465368351738
692,214.86371493043364,52.78392792325638,1588.215618436382,1865.6215385315516,0.29571233000973485,0.03542006425447323,8.348723703187215,18.0,0.2895649123972187,1.4075881350037152
693,214.86681951891129,52.78618407937303,1249.8621815267343,1868.2795940113729,0.5415858619712887,0.05113819641978108,10.59063283197439,37.0,0.2570872390940213,1.3460530665545503
694,214.86660343539722,52.78606304019825,1270.243740203284,1870.7729442242073,0.5922926883251861,0.05919428667067603,10.005909719300648,51.0,0.21160499367704255,1.2683997133162472
695,214.86928405292366,52.787991278609596,979.8460367396459,1871.6106710729946,0.8270260698917509,0.06451973027428752,12.818188581630483,60.0,0.38946899869615814,1.6379184641965983
696,214.86497971717256,52.78492649450441,1443.380444867955,1872.6138414804357,0.15483039756092784,0.030117843628361517,5.140819491310673,13.0,0.1363310316744265,1.157851024726217
697,214.8677949252713,52.787028789328005,1131.600280601307,1879.2329329866222,1.3471769490067838,0.07373867899719397,18.269610567041063,77.0,0.5277480802369354,2.117513890682994
698,214.87369280633595,52.791233698738395,495.9902126633479,1878.3178556107316,4.387193331482392,0.11278532109193369,38.89861986478097,174.0,0.44029616039634756,1.7866591744450742
699,214.87261385574706,52.79054908826106,604.8173281990961,1884.779201460814,2.302976938875704,0.09988822699149989,23.055539258612313,144.0,0.5704358506227132,2.3279410105560245
700,214.8758004717279,52.792771082114875,265.7993800077826,1880.5954772881805,0.14098900429377534,0.026265897549583687,5.367758860233962,10.0,0.3947136476670696,1.652110602107153
701,214.87583150838182,52.79294511212915,249.0856506205098,1891.8996755602375,11.83738411734507,0.14388705795985013,82.26858124132431,250.0,0.267978182933447,1.366079502940666
702,214.86509761735311,52.78517931441104,1415.8191175192255,1885.155558687305,0.40940776291040837,0.04620693492715181,8.860309898413862,33.0,0.053320706392600004,1.0563239385847525
703,214.85982705988127,52.781443473804146,1981.9341402436617,1887.7000524455939,0.7131074106250327,0.05991072146178419,11.902834638369514,53.0,0.39322799787367435,1.648065494939905
704,214.8645259360323,52.78479512382075,1475.3722732557278,1886.9933096641196,0.6703524771671658,0.05076275744514286,13.205596206856711,38.0,0.22367275151663846,1.2881165796429368
705,214.87163932999272,52.78988392107941,707.2328271668312,1887.1323258995965,0.2636521661894785,0.037413075728099376,7.047059378533279,21.0,0.4772532771192932,1.9129722984953166
706,214.86920047175073,52.78824645323839,961.1488198614936,1895.0545570486872,3.009744046174841,0.11162290364110487,26.963498959424218,178.0,0.28594767226247475,1.400457587147009
707,214.86741730413843,52.7869164984434,1158.4837388147341,1890.976022948119,0.3444340098181234,0.03776747237715386,9.119858654519781,22.0,0.27677934820623484,1.382703878159112
708,214.86723011863108,52.786807831580546,1176.4752244898598,1892.8516369832125,0.23410340372720662,0.029465570659917447,7.944981158829608,13.0,0.15851974640373434,1.1883820157707357
709,214.8596272145972,52.78138511485685,1996.0679176693352,1893.9971415380624,0.24394127328613235,0.03421081075682463,7.130531778977764,17.0,0.2828660448661231,1.3944396201589935
710,214.8665946688549,52.78642399094373,1238.867379543209,1898.1071580534503,0.8608104533067209,0.060974768538348684,14.117486198661565,57.0,0.24231996784532628,1.319818336978239
711,214.87725097738112,52.79406526122939,86.59999140546473,1899.7497617783442,0.5275263119890408,0.043326209397443374,12.175685787554022,26.0,0.139766115509524,1.1624745525948548
712,214.8664665465253,52.786409464716,1245.913747815658,1903.8463161528236,0.6518951551538583,0.055530305355105246,11.739448414430978,46.0,0.5016645841569203,2.00668057739426
713,214.85903062858705,52.781018262146056,2055.218101901421,1898.458516705657,0.1583875588991637,0.043619449098877376,3.631122404598184,10.0,0.2655263234646874,1.3615191829845263
714,214.85975820768363,52.78156173963877,1974.6230773027628,1900.1681997290766,0.27283277423508834,0.036032420944625373,7.571869085743025,20.0,0.3756749779005212,1.6017298115606549
715,214.87462252524057,52.792211344184786,368.09125977129037,1901.6165040097083,0.29627092154901635,0.03698086368203186,8.01146571633392,17.0,0.21162336934249537,1.2684292774711015
716,214.86674321850495,52.7865928376341,1217.3180923524058,1902.7675392509798,0.2823050022513378,0.03653038812434276,7.72794970834756,20.0,0.3295409302685194,1.4915153588726913
717,214.86339238252447,52.784301694101245,1569.8354002573938,1910.6138740342888,0.6707456207566176,0.05502788996172867,12.189193901912544,43.0,0.38762148525509044,1.6329769512187358
718,214.87770862665369,52.794515725015536,26.35280424521841,1908.9314294361918,0.18265793103047145,0.04641667160732115,3.9351794238012836,11.0,0.28039719265145435,1.3896555013238596
719,214.86055625264677,52.78227940970796,1875.5226918544638,1911.0922047186632,0.1267553772345088,0.027775225195404762,4.563612944368843,11.0,0.732889618245752,3.743770621839923
720,214.8675672857305,52.78732342460135,1115.914517117851,1913.282353038968,0.19265104050048873,0.030671183168505017,6.281174072812235,14.0,0.32550162744672917,1.4825832658640279
721,214.86449813108882,52.7853568255519,1427.1815875799828,1930.2826453082148,43.53292389691421,0.2724568031274457,159.77917745937526,937.0,0.1218008422900777,1.1386938728200304
722,214.8710144496563,52.7898520754599,738.1663545982532,1918.0218671362652,0.37845690146336797,0.04264871734757998,8.87381672885979,26.0,0.2647024228270961,1.3599936012911025
723,214.87037590035894,52.78939394889341,807.2347053573407,1917.9068682722768,0.19807166013671024,0.02986273012671468,6.632737840654387,13.0,0.6027467177829922,2.517285683378518
724,214.8702368200745,52.78934637790084,817.6827674610104,1921.7686081833092,0.5325425344483944,0.055704779978007775,9.560086848177876,46.0,0.15757857816177123,1.1870543341810118
725,214.8695377804324,52.78886537699397,891.4879039738483,1923.1718324600947,0.4644995193610769,0.04980842616039902,9.325721673381935,38.0,0.5536347675914022,2.2403178549636924
726,214.8690884291424,52.78863758368853,931.7662831154993,1930.1337332606029,5.472528294159865,0.10804511619086543,50.65039945435807,156.0,0.378001115492817,1.607719925080431
727,214.87455186732524,52.792520429721144,344.06883102845916,1928.3869635563954,0.6012134700650402,0.05539527489777881,10.853154374167518,43.0,0.2841077218832414,1.3968582013911663
728,214.86934737774814,52.788811102908596,904.836379910777,1929.2666519696497,0.5480012093916651,0.05156883439664352,10.62659677697375,39.0,0.43984319568703056,1.785214411929704
729,214.8586711999965,52.781198114477476,2055.5665489994994,1930.9819709849216,0.34640515250655435,0.06296660944882629,5.501410279809999,22.0,0.4070606449363118,1.6865131171679253
730,214.87732913052577,52.79475272564066,22.57847748268586,1946.771403977563,16.82287137721766,0.2831164745368116,59.42031951598882,346.0,0.5387416382261734,2.1679823779332157
731,214.8639367925541,52.78500067408353,1483.8009291191308,1933.657162216623,0.6215965068538021,0.05296464729224989,11.736064311425292,39.0,0.29911531097937727,1.4267682197443126
732,214.87589962326007,52.79359831000198,188.53083784010576,1936.903136978302,1.1750041408659935,0.07518782097612545,15.627586032039618,83.0,0.413190217189196,1.7041297355508038
733,214.85902417989035,52.78148429261069,2014.4845942925062,1933.486751423618,0.19465976854293982,0.029418158575361272,6.616993651872355,12.0,0.007264049498858172,1.007317202016499
734,214.8590980358831,52.78162288554074,1998.9597317239147,1939.8692912411766,0.9051202989371426,0.05802712136574041,15.598228511668538,51.0,0.10539243464603387,1.11780856626708
735,214.86928729005282,52.78894068027422,896.136275126372,1942.110638688434,0.8008449464514614,0.05655562043376391,14.160306974076693,43.0,0.027821978490069177,1.0286181932470122
736,214.87486842221492,52.793073717074506,281.1225395070501,1952.7293673747542,44.48863419808776,0.27143579519725697,163.90113236817982,848.0,0.503611586476868,2.0145514535733606
737,214.86488576278833,52.78585197516491,1366.1473102730308,1946.5022883071997,2.3934855567349884,0.0870037777829867,27.510133671494742,107.0,0.5116695806673377,2.047793789636472
738,214.87554550040318,52.793467301679755,216.0025775934469,1945.9961537404781,0.24285837937354451,0.03470826450938013,6.997134048805883,17.0,0.22077269078534412,1.2833225788863198
739,214.86310162089023,52.78465951944094,1551.42752330441,1952.726900223862,2.5684737965242355,0.07882876893243584,32.58294949050485,88.0,0.2508924892639267,1.33492187125103
740,214.87106672643824,52.790338446177586,693.0047115085691,1951.4452401635751,0.7316418938245304,0.048754598489776264,15.006623302988622,34.0,0.21941472987776645,1.2810900208806244
741,214.86988859016625,52.789677621301706,804.2040726905725,1964.9617426072066,16.487002810263544,0.18459072913942576,89.31652682194304,441.0,0.584187794384952,2.4049318093509346
742,214.87135576686896,52.79063350397288,654.0233255358035,1958.0252692523943,0.4606234960948009,0.046086789268309176,9.994697035914825,31.0,0.5826562412275373,2.3961062768527075
743,214.85824484189467,52.78135790725582,2060.69353655868,1965.576073134241,0.3389273279108344,0.06545315587685717,5.178166329343821,23.0,0.3476858830908628,1.5330037693163905
744,214.8713912439828,52.79082213104133,635.8241700284127,1970.1786328604624,0.35701726096103137,0.04279850084208981,8.341816978082697,27.0,0.5782024873978835,2.3708058253612903
745,214.8722020351727,52.791453927742246,543.71749314004,1974.0566875811728,0.39037739620890727,0.03730448468872462,10.464623743399407,20.0,0.20818274944683623,1.262917673619007
746,214.870117666226,52.79001521677937,764.1777488598098,1977.8991229254204,0.45304525268096163,0.04296400396936519,10.54476330939729,27.0,0.21992632217344044,1.2819301925251458
747,214.87201285653438,52.79138185272142,558.5773284517953,1978.7601221430796,0.9355111501180826,0.0615448989284833,15.200466105325313,53.0,0.3720372921757902,1.5924512515477867
748,214.87230007592677,52.79162648326336,524.1166444753604,1981.684027220788,0.2014335623496673,0.03266351488226867,6.166928546291114,16.0,0.0840070827306143,1.0917114981424125
749,214.86805301111337,52.78869909272774,972.9635795063368,1989.8272774888108,0.4175498723181572,0.045259206609875396,9.225744408587342,31.0,0.31350395051760105,1.45667262142874
750,214.86765240279067,52.78852343033925,1006.4591377307391,1998.0759454077202,0.3323704842906595,0.03732589667778088,8.904554582033951,20.0,0.18367449168159988,1.225001534081622
751,214.86974677733357,52.790083873427015,774.830882432533,2002.75123710986,0.1737275223936231,0.02855714470305563,6.083504643061677,12.0,0.4536152021848572,1.8302119751478296
752,214.86561044337162,52.78714789176917,1219.4558126054053,2004.3843799572562,0.583728167628641,0.050119294043777164,11.64677553356554,36.0,0.3744395026838442,1.59856641250575
753,214.86371346316014,52.78600748473007,1405.231738389476,2020.4854378221162,29.479639909040078,0.23740252086538607,124.17576612741979,746.0,0.3390121432435934,1.5128870973624093
754,214.87669539020058,52.79507592648818,22.66253731370027,2004.558720299532,0.365830022521607,0.07054808922407102,5.185541189637008,24.0,0.3460024882850061,1.5290578054000163
755,214.86811484956328,52.7889815389284,945.3192616606392,2007.5601609883704,0.5825183934257951,0.04762362462993422,12.231710583819117,31.0,0.19280447512168408,1.2388572151099935
756,214.86614368405688,52.78784484500205,1134.1048440880465,2027.8759251427362,8.843840859792332,0.15530281279627123,56.9457867539967,326.0,0.7217757750308877,3.5942233287235053
757,214.85891863409935,52.782545132345916,1925.8520573283981,2018.0606064862538,0.49016300926532164,0.04304063094645675,11.388378805949486,28.0,0.24826351638184208,1.3302533823913045
758,214.87257567396932,52.79242814070011,441.1529311973658,2026.6933147726163,0.8672377084182126,0.06584259241764435,13.171378534387904,59.0,0.38179469666380883,1.6175856056287856
759,214.8737860843716,52.7933395416004,306.44962507951965,2030.1212176769977,0.210720248407996,0.03229951065966848,6.5239455367699,15.0,0.10908273021809545,1.1224386751923652
760,214.87231552881622,52.79233397091738,461.15187307767445,2033.5286930736947,0.8070853380343779,0.061765847370551276,13.066854457487457,55.0,0.5329982167977187,2.1413194466686893
761,214.86850206559976,52.78962685386806,871.0886499448507,2034.9846937647203,0.3930165442884781,0.04143708953427571,9.48465610653916,26.0,0.36144511013840863,1.566036085350083
762,214.87179765635148,52.79197004617547,516.4950445044672,2034.0001884323563,0.1497057435018204,0.02669755032659829,5.607471160103826,10.0,0.38793787149524983,1.633821067222327
763,214.86746584937416,52.78898037139535,974.637361513927,2042.0193763038,0.5505306351893178,0.04733508870187655,11.630497592528913,34.0,0.06600966061191049,1.070674885839994
764,214.86655018141906,52.788389165172006,1067.894670266555,2046.7539312954455,0.8337550183143126,0.06062395937313061,13.752896164084007,54.0,0.35386667055540766,1.5476681892568316
765,214.85925474147328,52.78318040240204,1854.8002915831169,2047.4461295851056,0.8227140554416846,0.05646838681573588,14.569462700011494,50.0,0.23586847925527388,1.308675238295883
766,214.87319746642515,52.793147782010735,349.8240698140365,2047.172707540852,0.47476517977037697,0.049755905568243886,9.54188602032781,38.0,0.49745051944536856,1.9898538127954373
767,214.87569923582367,52.7949865008992,75.37568698834136,2050.9136808162057,0.14911682162779435,0.02848672196080753,5.2346079634206975,11.0,0.28543077782627946,1.399444545005729
768,214.87308682776967,52.79319020765601,351.0704952761131,2056.219351933794,0.2842552192317262,0.04747738706866344,5.987170667598587,21.0,0.6028764175291051,2.518107823710746
769,214.8670546859773,52.7888642142265,1003.3702357645113,2055.2593628094655,0.1746229037556267,0.03945542110956125,4.425827905136976,12.0,0.23888076983434126,1.3138545977643326
770,214.8687239429822,52.79007746998322,821.438249417669,2056.7174976860742,0.3213769637359072,0.052204736476961056,6.156088229230636,23.0,0.5548557203256868,2.246462654157082
771,214.86487190470297,52.78733730084967,1236.0296170721394,2057.797801001873,0.15497898551545494,0.03284517489448237,4.718470399787389,10.0,0.1909796364990174,1.2360628299546943
772,214.87524850061746,52.794783687016334,113.51564568411013,2059.8020356982556,0.8934541591836431,0.07879572294094221,11.338866195228533,49.0,0.2960967355679345,1.4206497547739547
773,214.85895923574765,52.78315250885306,1870.5580438455183,2061.1035207803916,1.8560252185884631,0.10244977202318968,18.116440690256965,94.0,0.4099432693316082,1.694752297575254
774,214.8713101285506,52.792068494655624,529.7764129231912,2067.2768717663344,0.698883682271234,0.10009172480156957,6.982432200631581,54.0,0.5173727532470522,2.071992426303876
775,214.8729497947876,52.7933098202521,346.7115351657319,2072.4167804572207,0.6120886683559589,0.0927442734695676,6.599746221062425,41.0,0.8310734708182583,5.919733299700595
776,214.86816444957995,52.78981437084373,869.781645267434,2066.9138046815656,0.6689668278997298,0.08931533084605113,7.489944017033293,43.0,0.4952734829699299,1.9812709779629487
777,214.86490186029943,52.787510227150804,1219.4598145134835,2069.0746482440777,0.8907654244254726,0.11208139578998891,7.947486896884591,69.0,0.08568994594790047,1.093720883378821
778,214.87474317387333,52.79453140987536,158.46645420668457,2067.9137094340535,0.48174328048684345,0.08324251276521948,5.787226556285868,28.0,0.3951963628413947,1.6534292100127654
779,214.87309939485496,52.79335725358853,335.8024611815493,2067.9859870589235,0.45155909679363293,0.08665670424761035,5.210896268375971,40.0,0.46036849801676205,1.8531164254214758
780,214.87259442514087,52.79300972487277,389.12118691643985,2068.9900888324996,0.8049332277574627,0.10607347081068491,7.588449982880929,59.0,0.18819623154036258,1.2318247818650274
781,214.8706135303263,52.791575545320974,604.5213595712568,2067.657276332712,0.5001091048065591,0.08858509651035865,5.645521927586083,39.0,0.5845187744116002,2.4068476224980113
782,214.8691950614187,52.79056240212398,757.5479516385126,2067.7386460663374,0.22038416740290753,0.05490356763107154,4.014022711307119,17.0,0.43707679926975695,1.7764412600204897
783,214.86906340559588,52.7904811818145,770.623307357555,2068.700371844704,0.3360279509257593,0.07423844661287152,4.52633327146555,27.0,0.3127192865846987,1.4550095477446239
784,214.86739224579935,52.789298826520074,949.9204016789838,2069.6419591451804,0.9056962840285703,0.11214007201233046,8.076473180157969,62.0,0.5530948357343843,2.237611197989324
785,214.86521845085258,52.78771564914454,1187.1267511059757,2067.511834892841,0.2148992597722845,0.05288816409243167,4.063276981910528,16.0,0.506809362463741,2.027613510660937
786,214.87579850503607,52.795287086552676,44.4522248804314,2068.0084473488923,0.29490614738285137,0.06464978081483021,4.56159547125954,18.0,0.2496853802877893,1.3327742439345753
787,214.87512452587708,52.79479844930832,117.79716429246358,2067.4987199286084,0.2226297372138753,0.052106578599559236,4.272584061310034,15.0,0.6420580542278145,2.7937491311411056
788,214.87455434697873,52.79438349783079,179.98459913869112,2066.951484435487,0.22450972963548724,0.052629911607991416,4.265820001897881,13.0,0.42306190727082016,1.7332882203522821
789,214.8738034541109,52.79388107455242,258.0058188578528,2069.5108238419375,0.883928641002888,0.10580649344785077,8.354200316056719,58.0,0.4469662652917554,1.8082079577433998
790,214.8732791713006,52.793514797502176,313.84377157388985,2070.1462432393537,0.7075761576047145,0.09807226916242062,7.214844355572878,47.0,0.35785940336629884,1.557291355261306
791,214.87098127040193,52.7918503281659,563.7821333749704,2068.5394838683205,0.3418946357436562,0.07239400701394547,4.7226925245040805,25.0,0.6413421825180188,2.7881728802697556
792,214.86795146910148,52.78967664669331,891.4913503777636,2067.998661436554,0.23273930891943084,0.05713253274232087,4.0736739253120735,18.0,0.3425085132318959,1.5209322403784948
793,214.86727411680423,52.78920103332739,963.8457305339639,2068.6505618031324,0.34057828636805065,0.07391087479040503,4.6079590768456695,28.0,0.5077921031511374,2.0316618372075004
794,214.86166595812853,52.7851888486861,1569.4614131808735,2068.5569987308677,0.3305732081897236,0.06761583161483177,4.888991236147293,24.0,0.47674290878861847,1.9111064461351512
795,214.86153761382178,52.78509697025998,1583.3265163553654,2068.551382703128,0.19698109054766227,0.058513718621079264,3.366408684829353,19.0,0.6501446079450683,2.8583238180962134
796,214.86037813771213,52.784279023510244,1707.5214012059157,2069.4024569521944,0.3604265334468819,0.06679450550108812,5.396050629359182,25.0,0.41591494748483016,1.7120794235254428
797,214.87553581732706,52.795126504910705,70.41014111595673,2070.0332034625653,0.3759747914011067,0.06996441693278663,5.373800109880111,24.0,0.36934067617884414,1.5856421402620584
798,214.87462013570007,52.79447814860077,168.69268622019746,2070.4965850331478,0.4076777900481698,0.0840758342236977,4.848929467217363,31.0,0.34753623823754853,1.5326521695224495
799,214.87278744238205,52.793134999866396,369.40649519078045,2068.04322254469,0.21776903514897822,0.0566296619865803,3.8454941723046767,16.0,0.5980817035962246,2.488067870877367
800,214.87118628869024,52.79199880549381,541.4848332421154,2068.6803652241088,0.1465908979011892,0.04366530184673335,3.3571483924633823,10.0,0.4154433535120693,1.7106981949620974
801,214.86824220501288,52.78991783802777,857.174414212347,2070.476837658341,0.5683681901851835,0.0949983367992629,5.982927799948531,40.0,0.6436285881937607,2.806061223967382
802,214.8680124439218,52.789745554663966,882.6813450795662,2069.8823620535,0.4915234029714642,0.08148861279288143,6.031804765418734,35.0,0.3413107220155296,1.518166506459479
803,214.86256882938642,52.785855510718925,1470.135488867923,2070.1100007398254,0.4056103491046748,0.07383941818098318,5.493141185247541,28.0,0.42830880605902555,1.7491960880251853
804,214.8622309511273,52.78561072001897,1506.8927989343395,2069.877807803702,0.2667912513058157,0.06009163175822832,4.439740501293412,19.0,0.6014743559054582,2.509248814519878
805,214.86143946302207,52.78505596853945,1591.3540047995152,2070.7250558134415,0.448712195539838,0.08225501516663829,5.455134797930603,32.0,0.2687506824926438,1.3675226438620782
806,214.86134116436418,52.78495713054865,1604.4792334883787,2068.6019189276735,0.27402860491320397,0.06588260385520452,4.159346912205513,21.0,0.26307010585041446,1.3569811836090546
807,214.85905253760578,52.78331434744156,1852.1116685284394,2068.1809438322766,0.2944369189090187,0.05398968283461656,5.45357748833143,19.0,0.3946553012219234,1.6519513626179565
808,214.87561126458786,52.79518366553924,61.98309194656771,2070.273507286065,0.18087465902163655,0.048306503634725786,3.7443127821739584,11.0,0.43475145985030383,1.7691332731884057
809,214.87321116804597,52.793451004220955,322.51962740063504,2069.016431695611,0.1466228061637029,0.04558643394343946,3.216369289723835,10.0,0.3801486526949256,1.6132900321144685
810,214.87048007132884,52.79154217474333,613.4662085085076,2072.2764996634437,0.37148096453604296,0.07386497907957827,5.029189328488521,25.0,0.783354938519865,4.615844890107011
811,214.87021478069184,52.79134051947518,643.1573229808639,2071.3854035334425,0.3203722915143426,0.07119762436219958,4.499760973547812,21.0,0.24377797782925925,1.3223629710352691
812,214.86958693252012,52.790863285051316,713.4248001286379,2069.2780548888354,0.14957000410971133,0.04690559749765163,3.188745311627246,11.0,0.41360460471222515,1.7053339914261225
813,214.86949800977737,52.79080992310734,722.1244581188049,2070.038878059256,0.26631203522382285,0.06333398605233623,4.204883536048957,21.0,0.42011862160296465,1.7244906238656905
814,214.86911807223447,52.7905347940087,763.4436461383845,2069.781438835065,0.14624760429745368,0.048388296583396044,3.0223755458181816,12.0,0.22416540655036188,1.2889345337820557
815,214.86471976926506,52.787428630701,1234.8389904233265,2072.6944944855522,0.9008406478962931,0.11705444375801086,7.695911568796313,63.0,0.4964801083664465,1.9860188576775626
816,214.8623308360283,52.785693381164684,1495.1202206105904,2070.7126920111527,0.2151878858913838,0.056660558234820274,3.7978426721384095,16.0,0.5003017499698881,2.0012077287437764
817,214.8605918289903,52.78444531429468,1683.2640046815684,2070.4022262579815,0.6569387631734815,0.10216857718171131,6.429949220150997,47.0,0.3667130645211911,1.5790630502174037
818,214.85952148375165,52.783670245596,1799.6729511998938,2069.7016721295813,0.18029979070547103,0.05239695721701746,3.4410355158355137,15.0,0.16538252885364924,1.1981536866541933
819,214.8726824098846,52.79310984850871,376.34823544139624,2071.7608780430237,0.5826797444673093,0.0944355712121576,6.170129930789208,41.0,0.6027829209927491,2.5175151141518404
820,214.87087222322126,52.79179591663456,573.4800033365781,2070.293009752817,0.17931265326831164,0.04613422955366531,3.8867594626182607,10.0,0.7601035756677655,4.168465631714009
821,214.85792608057042,52.78257715019432,1967.7139702713368,2073.2905431951713,0.7539566617074427,0.09947808093562537,7.57912350757295,53.0,0.17235107979627273,1.2082417744879657
822,214.87520614125899,52.794912804445545,104.05865576258948,2071.6685933655053,0.19771574266000974,0.05461996202883275,3.619844015190631,14.0,0.15911360978231992,1.1892212927136687
823,214.87511997648795,52.79486002237466,112.58281526962448,2072.3246919670746,0.3300525571875042,0.07347518364318127,4.492027659166444,19.0,0.18717446159618634,1.230276305003593
824,214.86517239572927,52.78778857931702,1182.7804890524355,2075.391948186123,1.310623268457702,0.13240761840184057,9.898397722705987,65.0,0.5274247818615059,2.116065256106886
825,214.86279233612814,52.78603228610611,1444.513725035804,2071.3687573241996,0.12891074112964132,0.04485615709630476,2.8738694858071323,11.0,0.5666299754538162,2.3074969272440553
826,214.8604898784882,52.78438953339269,1692.7635371819263,2071.6783942114,0.18486933279020495,0.047394475446051645,3.900651522151325,12.0,0.12380550713438243,1.1412991158269818
827,214.85854800210453,52.78299020697795,1903.3570464847587,2070.9192274229067,0.16345480650478147,0.04583745766324702,3.5659658025894694,11.0,0.29692475025169207,1.4223228599754967
828,214.8577830190827,52.782470879922855,1983.5088232709782,2072.99855052643,0.20546592634041466,0.05366467611951074,3.8286996437441254,14.0,0.12347519176201305,1.1408690211635037
829,214.8587696349672,52.783183724668625,1876.3451057229875,2073.521599271068,0.31420432537527654,0.05785494175050893,5.430898655645308,18.0,0.45838835672560274,1.846341400554731
830,214.8677602918654,52.78965025412636,902.4202909977479,2076.2102282505257,1.0365581493096814,0.11999447448454671,8.638382340206613,49.0,0.8566621410805346,6.976523910280061
831,214.87313276726294,52.793504509436325,321.3396730657274,2077.172107631061,0.5121555383607848,0.08819005802564281,5.807406751131364,26.0,0.7924405246223214,4.817896162920934
832,214.86952990604283,52.79090719308372,712.1271949162754,2075.581838627892,0.3249357601968896,0.06059881274023596,5.362081293403643,13.0,0.6344305255674144,2.735458154847689
833,214.87443158276844,52.79442262867145,182.06687131337287,2076.3979654668665,0.17902030536833424,0.049907344693776626,3.5870532978016323,10.0,0.34846019951859264,1.5348256534153764
834,214.87161544320583,52.792411354775346,485.8556474258359,2076.549960247104,0.24986452213500618,0.052476645664975535,4.76144233246549,10.0,0.4821296434710811,1.9309852116321278
835,214.86999930192817,52.79124344763591,661.4010964593596,2075.6283598375126,0.21347405053836652,0.05663127547825325,3.7695433969228156,11.0,0.6909879588407786,3.2361198490797327
836,214.86846754875242,52.79015941041203,825.7676638827955,2076.4642890670834,0.43841910856269173,0.07648583479300018,5.732030117069663,19.0,0.6647949128484687,2.9832482809186742
837,214.86809263438178,52.78988010671265,867.2284348068608,2075.62962230408,0.2568711139329912,0.05681469469817886,4.521209086796782,11.0,0.6670107547591524,3.0030999928442457
838,214.86720716426103,52.78924913449978,962.6257657052624,2075.7949035816187,0.3973089653621691,0.06927348223325694,5.735368752278895,16.0,0.8948132951097953,9.506904898711428
839,214.86564306180873,52.78813740988338,1130.8887419670523,2076.302077492637,0.6040892475586224,0.0886152555881806,6.816989281913159,27.0,0.7263745588492081,3.6546309283021365
840,214.86479785231256,52.78753522736707,1221.9411860943305,2076.472194260896,0.42368634187051174,0.07361730958232893,5.755254358985883,20.0,0.7072049227858737,3.4153579681555977
841,214.86460744454834,52.787397475047634,1242.6377059103957,2076.354935160216,0.27377916704492333,0.058965904694988566,4.643007996927951,13.0,0.4023798594060173,1.673303712632721
842,214.8616764172281,52.78531589584397,1557.8072116452074,2077.4562240292084,0.7201128181452443,0.10504482688906984,6.855290636117691,39.0,0.8465040229747032,6.514828723069368
843,214.86135618281614,52.785079918084804,1592.994705773727,2076.941315713159,0.4386395657159476,0.07600265790460284,5.771371394228344,23.0,0.6381802114428936,2.763806822141705
844,214.85731764536771,52.782180613095285,2030.0098219141648,2076.174117336623,0.1701088492851516,0.04848022950412686,3.5088292903124803,10.0,0.18503323449237297,1.2270439020628274
845,214.8745015579114,52.794484655441764,173.45781234770064,2077.2915553141524,0.38153706355213524,0.07240320076677684,5.269615977077198,17.0,0.6827585161498931,3.1521728743157977
846,214.87371490434705,52.79392574165148,258.06062412314367,2077.5486506310103,0.8551641591611466,0.10839328498891553,7.889456982954222,39.0,0.8959310540907797,9.609014401590102
847,214.872500717941,52.793057425632426,389.1410944945783,2077.52833286861,0.6931930478144894,0.10629345148175379,6.52150285978325,37.0,0.8597980086085291,7.132566307191796
848,214.87088734084088,52.79189184460059,564.3562906252236,2076.6293305324807,0.25079304898411847,0.05310854843045573,4.722272711191222,10.0,0.6397239035013675,2.7756490361657833
849,214.87051012704902,52.791624037779656,604.9079594927762,2076.7706914244845,0.25277544605962526,0.05945062788409382,4.251854943440489,11.0,0.8036446175106453,5.092806661687589
850,214.86960930519263,52.790978980896725,702.2344578511171,2076.6995406302763,0.32978639630667295,0.06553503932032115,5.032214823199359,12.0,0.756162839440497,4.101097624764919
851,214.86925005440798,52.7907224681323,740.9837951864894,2076.7266460738556,0.3239631578851794,0.06615177832338205,4.897270581321185,14.0,0.7853742066508473,4.659272235621757
852,214.86860851050974,52.79026245519609,810.3524111318613,2076.6316383000817,0.37837785308125704,0.0638191669567312,5.928906175440893,10.0,0.6398320767338488,2.7764826776676497
853,214.86792990170605,52.7897775412635,883.5815760183241,2076.656967316916,0.2741108690884744,0.06623004109238127,4.138769424982382,14.0,0.7603832370159962,4.173330728396316
854,214.86543901811734,52.7880046809154,1151.7568027495868,2077.2842168066563,0.3621155102760607,0.05763388957239597,6.283030920916669,10.0,0.4695946345810378,1.8853504606049927
855,214.86532318257312,52.78791419802334,1164.9356111598215,2076.7154324348007,0.45027791837719844,0.07856262737369384,5.7314518802354995,23.0,0.8915077528742865,9.21724848081787
856,214.86499967279408,52.78769137372965,1199.1118673817623,2077.351139046863,0.8287307973920759,0.0997414917595395,8.308786872668907,34.0,0.8041989758814858,5.107225585269266
857,214.86322970881668,52.78641892466384,1390.7918003248744,2076.8626577709088,0.31836927291358097,0.06486157544448334,4.908441873819134,16.0,0.7240281824813043,3.6235584089388224
858,214.86284097643656,52.78613939834392,1432.895695015671,2076.7517756335615,0.19922054390038899,0.05270781497047097,3.7797154750581163,10.0,0.7865380589237335,4.684675848809585
859,214.86254479850078,52.785934559702206,1464.2589949763149,2077.272985302707,0.9316238949854302,0.1130885759007725,8.238001827902286,37.0,0.7733148501974945,4.411404985598872
860,214.85713315353235,52.78206779876359,2048.2458048773997,2077.6012462717363,0.3386906852847541,0.06006241157177202,5.638979128902162,14.0,0.7696769626774892,4.341728086017491
861,214.87300524186745,52.79341895412432,334.61028958510923,2077.5901061632258,0.3016984318386804,0.07257819945258251,4.156874021596374,16.0,0.7817226709377079,4.581327819503505
862,214.86232790420263,52.78578303479528,1487.3604575542367,2077.541715460295,0.3437990199130386,0.07413638536987462,4.637385788338443,19.0,0.8657195166481848,7.447098603152905
863,214.86195848282068,52.785527258900096,1526.5046859431714,2078.171330154299,0.3679699891988915,0.07242800980493078,5.080492894806019,17.0,0.8215968547571807,5.605282343194843
864,214.8589780824897,52.783400191456984,1847.906589375627,2078.534135022682,0.6366329424536599,0.09079551559161127,7.011722311453886,30.0,0.8399469948970746,6.247930173862899
865,214.85881611222342,52.78328420689591,1865.4076314700549,2078.525519439337,0.5813396263296117,0.09070206419370207,6.409331821689426,30.0,0.8441308681266948,6.415638478135797
866,214.86009239157463,52.7842097275878,1726.484232298102,2079.4581257083655,0.35068950893742523,0.06390846977415676,5.4873713950077505,14.0,0.5857849007197158,2.414204604654782
867,214.85839102363832,52.78299755628721,1909.7765131210879,2079.8241940215344,0.41346673068775386,0.0778200194471329,5.313115232111229,21.0,0.4724889393720815,1.895694848198364
868,214.88693070866125,52.775635023393384,1272.6550270257078,12.32503242561977,1.2797590652779176,0.12882018013155758,9.93446107567125,85.0,0.3781720709815638,1.6081619260468303
869,214.88700351815154,52.77570918397971,1262.8493275364835,13.971113583741754,0.7163686478165505,0.09745383975536108,7.350850921983729,52.0,0.6083873163138593,2.5535434414107323
870,214.89691853178752,52.78283546270163,189.1683751769309,16.898363751807633,15.05227076197379,0.273763481625647,54.98275618278683,390.0,0.2344726332858057,1.306289028297201
871,214.8969411302652,52.78302941544133,171.08475065547307,30.139855097406443,27.78278947915609,0.25525080507880454,108.84506111774498,611.0,0.30971523795762457,1.4486774951271657
872,214.89671586466307,52.78292207670687,190.67616592089382,34.13447561037304,3.296383783878193,0.11654791297241894,28.283507613373413,160.0,0.2945979852190824,1.4176313351055259
873,214.89688019795872,52.78335537923444,145.14812254645466,57.657941729208524,13.169042452054567,0.20410428408049097,64.52114668431554,585.0,0.6691487780181513,3.022506593779069
874,214.88940693340817,52.777872758136525,964.2005790822158,47.13656174775053,4.600573364488688,0.10982844324103805,41.88872416585121,168.0,0.3792938840794733,1.6110683854257963
875,214.8894829642125,52.77807613673365,942.8792494048255,58.233729471607525,7.381219055066029,0.14189979388874915,52.017123159833325,293.0,0.636992615273073,2.754764894803041
876,214.89249489491016,52.7808791602615,560.5607136072493,106.6460411592106,136.0458926938633,0.40331538273231504,337.3188787697654,1786.0,0.1262465777335996,1.1444876489366218
877,214.89222788063222,52.78097477443649,564.1742397110656,127.97777350440603,120.30858935282487,0.3940039761482174,305.3486681250315,1730.0,0.3691923725765408,1.5852693539621756
878,214.89189704492128,52.780837518868644,591.1534864735876,135.36536829930034,14.38977986895583,0.19254304006579043,74.735393520529,500.0,0.3241003827698917,1.4795096409405903
879,214.8919523738102,52.781175417216055,558.9282805298175,157.58260801321435,11.757416292348983,0.1741216672234705,67.52414262872483,412.0,0.28793985161124247,1.4043757430643884
880,214.89194964418672,52.78037594259445,629.4003038009802,98.1938348143752,29.692038332313842,0.22535828754571974,131.7548098881877,627.0,0.22630399791153377,1.2924973081167062
881,214.89173568800754,52.78040736272644,636.2726554766525,111.92144306514399,21.612157082782776,0.24016112576655008,89.9902389023234,783.0,0.5066206301199768,2.0268378879383904
882,214.89127645193034,52.78038236718227,659.1571987114922,134.5031654200156,24.187009746090826,0.24022221304110167,100.68598336471267,772.0,0.661634423307723,2.9553833749153493
883,214.89664838307755,52.7839068763908,107.06396580358162,111.0660065099555,3.6020102561949408,0.10286826509495016,35.015757803149384,146.0,0.2913026017401522,1.4110394682630745
884,214.89645083566603,52.78393870337439,113.16154519380031,123.94929981356678,6.231315229887517,0.12401185267159365,50.24773919303661,206.0,0.327251251373346,1.4864390339504832
885,214.89602183673588,52.78353671898825,167.85516964088774,116.84346212964357,13.709318483627692,0.15189862374177202,90.2530789675459,281.0,0.24603948512163742,1.3263294035514994
886,214.89600054237536,52.78366197103638,157.79339845823293,127.30442103600834,1.8719283667663458,0.08214928237024802,22.7869107648383,92.0,0.25182910894393196,1.3365930323598487
887,214.8813426226096,52.772966318149926,1759.2122134742124,111.11718724822798,0.41102838518974505,0.04208499322858164,9.766625907654866,28.0,0.45047442240299784,1.8197515106992086
888,214.88121853846073,52.772960207416126,1765.3390449588649,117.26857614923851,0.46797355242622374,0.046204571406610245,10.128295495005354,32.0,0.44509940356458877,1.8021245722636323
889,214.8865895770086,52.77701256100859,1166.798019257681,133.05624196113308,25.21260404213986,0.22265037616785563,113.23854231053323,652.0,0.5744398834275879,2.3498442665499244
890,214.88630107861636,52.77697036129866,1183.5061651599249,145.27162835555237,5.779081456148168,0.12769288935672235,45.257660667413894,227.0,0.08589224968400311,1.0939629377984281
891,214.89329168069173,52.78193957925685,431.3620142794451,143.2053402173714,23.32431971886255,0.18221679139942204,128.00313044551027,389.0,0.08591617800685769,1.0939915748858995
892,214.8932592628323,52.78210701411287,418.08912304688545,157.3992492404628,75.24156437441859,0.29509011616629655,254.97826003774583,927.0,0.32660534936510077,1.485013281672443
893,214.89558556558347,52.78388243351256,157.08626590308438,165.80701354373625,10.559442377101204,0.17142169573751004,61.59921783337379,407.0,0.7216085782994085,3.5920647047648426
894,214.89538915114125,52.783784274010856,174.5702152131736,168.949925191076,0.583946190762488,0.05701199787461343,10.242514076541603,49.0,0.294796387136812,1.4180301713712342
895,214.89523958270294,52.78382098677317,178.07664322341722,179.64381149187034,0.4168384230441192,0.0455304184343894,9.155163457256492,31.0,0.10988286851604934,1.1234476504601807
896,214.8841858525587,52.77574580675431,1386.5420352735123,166.6959695075057,11.316774719924702,0.12403929871859243,91.2353974654358,185.0,0.10103570795169858,1.1123912360539787
897,214.88400801559337,52.77586478384428,1384.081846447291,185.0219021833873,5.671212184239764,0.1196438879840896,47.40076806091364,208.0,0.4714598543058526,1.8920038679118125
898,214.8926174558952,52.78214086688573,444.0183357049644,194.07870633061552,0.657248363934683,0.05100200489640293,12.886716223601583,39.0,0.21719593045454844,1.2774588673008138
899,214.89248668972746,52.782178645240755,446.58396325849895,203.85167305160965,2.3958438045346653,0.09695003279353455,24.712150532603435,138.0,0.5032200780415859,2.0129638010686564
900,214.89293738670582,52.783232224896345,333.5761889369018,258.3220902306246,72.60044154560455,0.32692822076853884,222.06844479481254,1277.0,0.4116114228001908,1.6995571272968693
901,214.8931174202977,52.783429888238665,308.07440280698506,263.46009525097014,8.736454397129487,0.15351884441304675,56.90802605068998,326.0,0.4488547165312925,1.8144036245876305
902,214.88970863197105,52.78111003681443,665.7419879662993,272.13707443336614,31.44763725569107,0.2810969016045697,111.87472034085145,1080.0,0.5814620188865314,2.389269421474303
903,214.8891165631434,52.78102315429983,700.0542078248019,297.1809175311764,101.37023382849954,0.3806250320228035,266.3257150739008,1718.0,0.5684653405748712,2.3173109694877234
904,214.88913375151446,52.78123920533666,680.2681919211416,312.3538612120891,272.47940668304676,0.5284642584374865,515.6061215732702,2790.0,0.4299437986183109,1.7542130014132342
905,214.88917326606253,52.78139443297659,664.8288999849498,321.80939271427076,134.51737490336234,0.33662045029374227,399.6114163176348,967.0,0.34693949644944266,1.5312516904072488
906,214.88960943064393,52.78177286581176,611.8833722681546,326.7737762068995,62.588069586922366,0.38802408112338393,161.29944668826008,1991.0,0.4949109380669737,1.9798488531367124
907,214.88953589895144,52.78151585413231,637.811363762523,311.54950269942185,20.140447108722014,0.19728183106474784,102.08972108593176,488.0,0.47288832342478837,1.8971311857427875
908,214.88928468259112,52.78163459892131,638.6768850551904,333.7627054274383,22.153551619123743,0.19997650212361454,110.78077366024549,498.0,0.23856451008134383,1.3133088925324845
909,214.88841105053257,52.78107814338202,726.9913427351934,338.8274038192987,56.2047183577258,0.2922141069205019,192.3408796037918,1004.0,0.47470124019518756,1.9036785854426428
910,214.88899925780018,52.78160399663553,654.22513689266,346.675818566481,28.00388862975221,0.23571308228847537,118.80498255705595,712.0,0.4762802612564917,1.9094181983653475
911,214.88625854673828,52.77899717180607,1007.0625306711225,298.4510388643046,6.921123064638961,0.12833702050619453,53.92927962126793,212.0,0.41865651746205657,1.7201534549494695
912,214.88607442279834,52.779050562291296,1010.6570694720776,312.2274620803407,0.979000846029254,0.05700835364352853,17.17293665680851,45.0,0.1577975170193694,1.1873629206849519
913,214.88967302279661,52.78211782485622,578.6640264587325,349.07601241324096,0.44343921572257683,0.053074316283507394,8.355062236767308,42.0,0.5359989368244401,2.1551674756004577
914,214.88958561382898,52.782101421091504,584.0443294519457,352.50682778230856,0.2526394503839019,0.0389510911322441,6.486068632227981,23.0,0.3129448650012143,1.4554872659553988
915,214.88329116308338,52.77851381368644,1183.2469597186187,420.4200260417443,4.962416147676712,0.14927407613512328,33.2436567430819,331.0,0.5948713865609434,2.46835194263668
916,214.88317345282206,52.77840657567208,1197.9857030900735,418.70160018371814,2.241706081912886,0.09292999452366182,24.12252463161507,119.0,0.21074457027937676,1.2670169407057168
917,214.8911354753521,52.78493872581252,264.57041450334776,481.2981591524676,3.876585733892096,0.12066885678520807,32.125818021069534,198.0,0.4923125433578146,1.9697157905258098
918,214.8912652011353,52.78505393528068,248.5900604789832,482.9732911904866,1.6784731577872236,0.07565276110541955,22.18654194852622,77.0,0.1968223150994577,1.245054511348669
919,214.88074866402658,52.77778024030363,1362.3128209325314,501.1499995273214,0.9852222596948116,0.09679725350132908,10.178204691327156,55.0,0.45583084484758085,1.8376638781003762
920,214.88072888526716,52.777832678123005,1358.5887697189642,506.1070685612438,0.5674815376707886,0.062250358149696795,9.116116831105375,16.0,0.49149197991208216,1.9665373219228797
921,214.87843663689273,52.77624006519051,1601.9856965369122,509.56731653535365,2.3897264238814357,0.08600526951776685,27.7858140237299,111.0,0.29451004432407757,1.417454624200724
922,214.87850993531566,52.77632112818248,1591.5503619568924,511.70014853628504,0.43058705844279577,0.04757364898109605,9.050957150961757,35.0,0.27716002402143747,1.383432064124878
923,214.87385236562054,52.7732538081322,2071.2685588344643,531.3245633246787,0.32772633201582035,0.061378004054087165,5.339475225147812,21.0,0.6254922338180462,2.67017159669301
924,214.8737596847416,52.77330023528665,2071.356402696483,539.7156117583401,0.3156238399178215,0.06039982796317046,5.225575147503351,20.0,0.656435741018571,2.910663649835748
925,214.89160079560722,52.7861009222816,141.3466369972983,543.0780143469268,2.4285616847314544,0.08777983805013308,27.666509060365858,111.0,0.36139795721976486,1.5659204528165507
926,214.89150510479465,52.78617986832523,138.70938903410243,554.0493193822967,0.8454979603580887,0.05410281018407776,15.627616337883227,43.0,0.09451315935471394,1.1043782804036777
927,214.88836892044472,52.78411873329522,461.3235172083726,567.4785356404149,67.50216674137627,0.28559525841804184,236.35604846971776,894.0,0.26774467781691635,1.3656438809057545
928,214.88856673824944,52.78428792344936,437.5262125004337,569.548417132415,22.69848297446006,0.2000451634688279,113.46679210265965,505.0,0.3960800412508817,1.6558485698523204
929,214.88808683648745,52.78751782194967,174.91401558148365,835.5939666965058,26726.10931676049,30.881431684585266,865.4426902785423,24718.0,0.13092837380453182,1.1506531451011657
930,214.88959960020878,52.787719203858245,89.0687957157134,770.0827484296091,683.919425124458,0.9670272498972935,707.2390412959884,7416.0,0.8748469981064289,7.990219849863372
931,214.88373669899286,52.7817454732967,878.7862174360863,637.3207570598802,1.569662947361952,0.08320063502841515,18.865997198529456,103.0,0.0567227626425616,1.0601337129701853
932,214.8834405629831,52.78187082354983,881.0915388197342,662.4167876211169,17.001378734869512,0.18545191659209695,91.67540054204017,448.0,0.5321895250698921,2.1376178037685083
933,214.88323106925432,52.78200794881834,878.4585854660803,683.7776466983979,1.3165552714620885,0.0811589504043392,16.221935657163186,98.0,0.46063340814082476,1.8540265843181714
934,214.88705417733513,52.784411170760684,494.7996129363203,659.2284728606558,17.264348246342735,0.20126336649575033,85.77988407397166,520.0,0.6018136865588521,2.5113871728989015
935,214.88676396653287,52.78437663119491,510.9086599092678,672.1026560446026,3.8063833087516223,0.10190974741124671,37.35053226450792,131.0,0.23116065608184844,1.300661845560361
936,214.88238547535454,52.78142941819753,967.4522857220726,685.7133112454165,193.97343034166508,0.45493282844940025,426.3781776373602,2119.0,0.204555167787157,1.2571582082167863
937,214.88197060213582,52.78147317443729,982.2850960775229,711.0548512316043,133.41730284556112,0.35286508393166427,378.0972074624382,1153.0,0.3068185405609736,1.442623697421558
938,214.8820276415444,52.781647452389514,964.3791468371248,720.9943894733381,78.40683395162083,0.337379423110018,232.39957324265353,1354.0,0.46391024754149124,1.8653592899584404
939,214.89147233481174,52.787601196542404,15.115974808762001,661.6337615796857,0.2606438633979319,0.06008039051712035,4.338251818181167,18.0,0.5879421238630929,2.42684355259781
940,214.89135615264084,52.78758704436845,21.593535766166426,666.7627380913682,0.7045555596335584,0.08440534248341874,8.347286307996049,54.0,0.28655806781261295,1.4016557688640985
941,214.88926667659723,52.78618254015451,239.28308742479493,673.3753088121553,0.7223669662605466,0.05741517444260081,12.581464277927301,44.0,0.6467495794678629,2.8308529640066618
942,214.88913055037435,52.786150308595175,248.24976691024585,678.2198590044159,0.6374622187000609,0.05055060867628345,12.610376717365533,35.0,0.22855323095318236,1.2962657180294859
943,214.88481784418818,52.78343810188623,681.142326305444,705.8025528859079,159.85609310361153,0.3613826491499146,442.3457890954179,1089.0,0.1858752764713545,1.2283130226849257
944,214.88455374083696,52.78339983377014,696.4036587284601,717.0103655804412,43.26440752199034,0.22227865894580512,194.64040194942356,536.0,0.2598569968749892,1.3510902565826177
945,214.88463364997304,52.78354102605456,680.3798598191096,723.269943773596,101.89681393142884,0.3009310834213656,338.60514764023986,804.0,0.41016024832690745,1.6953757307191988
946,214.88425944836925,52.783618121832845,690.4470154474756,748.9275232129369,270.76041605471994,0.540820979388619,500.64702808091147,2891.0,0.4149235141542593,1.709178242831753
947,214.8873316683946,52.78504251764435,426.7449640805213,691.4701174769136,0.383112818294401,0.04484327394345278,8.543373054730683,31.0,0.2929203449205223,1.4142678166685438
948,214.8873553666402,52.785143893633624,416.7567520807187,697.7573841689597,1.0087969507511947,0.07765493828054525,12.990763666654368,82.0,0.5874845658308967,2.424151721775501
949,214.8873745885418,52.785246706436716,406.84369553384875,704.3898838645073,0.39933741879029067,0.04858734925617629,8.218958739337442,34.0,0.5753863012315201,2.355081814129715
950,214.88741920399355,52.78541854990562,389.7124475762354,714.8109826885184,1.220425831938867,0.081930786540516,14.895814912448671,95.0,0.6923294166992389,3.2502294800879845
951,214.88747554949524,52.78553319058897,377.08673752064954,720.3484326538611,0.3842189847387064,0.043118778218413846,8.91071130987255,27.0,0.4655565456471722,1.8711053374410345
952,214.8776457170343,52.779041686603804,1391.0384174195956,760.2528841663566,22.195923791205242,0.23031740980269128,96.37102036802204,723.0,0.15253040084770308,1.1799833303758336
953,214.87768621619006,52.77929500039036,1366.9207359024795,776.9558456345314,94.96600573623425,0.4104906499697105,231.34754894719686,2169.0,0.39498895639707055,1.652862390816626
954,214.87539469883203,52.77736725736021,1639.7763437230872,755.4341936482849,9.163760012408586,0.14383060690859711,63.71216954004833,284.0,0.23468375304983913,1.3066493805470227
955,214.87543127024088,52.77760419985751,1617.2758067701354,771.126644823076,79.79959763340659,0.3343921900968417,238.6407338350104,1328.0,0.3831878742530611,1.6212392043833987
956,214.87559591682984,52.77771492026981,1600.1165936702378,770.6037937264197,6.26053864863414,0.10723172583670132,58.38326856893127,149.0,0.34240368242578345,1.5206897807592112
957,214.8755714819467,52.777842374138736,1589.9996269033984,781.393160584515,12.725444202893588,0.17883560647310717,71.15721781505076,442.0,0.2933000856111737,1.4150277644576026
958,214.87400316385268,52.77784765508369,1660.160290494073,865.2819992715812,17.7762581932877,0.1866327968633452,95.24723677748715,467.0,0.5111873177397157,2.04577343487892
959,214.8739989953663,52.7780049277185,1646.5060178357191,877.2120119374378,2.426666878702443,0.08217729863120365,29.529650148185933,99.0,0.12547437368367553,1.143477069062228
960,214.87918404699462,52.781759049353326,1082.613335308254,880.6694528539191,2.9404113074340708,0.10757921168383132,27.332523276669463,162.0,0.3582873766621236,1.55832994962525
961,214.87914826425364,52.781913222367876,1070.6563348016616,894.0525275588644,12.496066169156183,0.21286893192075226,58.70309986714393,649.0,0.43300205817995085,1.7636748323812697
962,214.87922263464841,52.78201230006209,1058.5877530415025,897.4701203512519,0.3657620224354485,0.04765534407769161,7.675152273355818,35.0,0.288460155744484,1.4054026743172756
963,214.8806383879799,52.783358787590544,876.3346476032528,922.3581391857385,0.2811583720278822,0.0380383819486737,7.39143879482722,22.0,0.2333033731701708,1.3042968561565789
964,214.88054020705295,52.783383097950875,878.6163965387966,929.3941432416502,0.44484049521617225,0.04759058891059465,9.3472366154549,35.0,0.35058919755169027,1.539857354127699
965,214.8846912588301,52.787325356237616,344.7582255372789,1001.9757987087639,8.353248312151049,0.14915312619258797,56.00451378649116,301.0,0.19922959347423752,1.2487973979191098
966,214.88457123487248,52.78728111139526,354.05653958434345,1005.0692658720006,6.602110828268577,0.1276103743679652,51.73647409913048,218.0,0.4632045152276847,1.8629068767673322
967,214.8700234687785,52.777186971896526,1897.5193647380754,1027.98287514089,36.86137422179926,0.2747017202812055,134.1869071080631,1016.0,0.09753240276781494,1.1080730245240284
968,214.86986388768602,52.777042663479214,1917.4068426279064,1025.737186049179,1.6711237724941173,0.08570430993368629,19.498713352772448,107.0,0.3048983233323196,1.4386384518506747
969,214.88372809327396,52.787293420495914,390.9397862614813,1050.8591095184158,2.2092520394899253,0.09696845845897388,22.783202647535454,131.0,0.5235178067334695,2.0987143153125736
970,214.88345656442715,52.787245147717776,407.4147003484754,1061.716199731074,35.732365653529385,0.2584412270022977,138.26108964113416,820.0,0.8200830420771427,5.558119765613023
971,214.8752773951498,52.78139438466074,1290.6259420719284,1061.483182480283,6.886103270081622,0.11082397303589975,62.135502648429444,156.0,0.3328666118691286,1.4989506113638404
972,214.87528059528947,52.78147350935663,1283.517969122407,1067.203348736517,11.005024692470823,0.13792707794144532,79.7887177537599,232.0,0.05801132910888751,1.0615838925684842
973,214.87242173480865,52.779689202561805,1569.2917557544592,1086.566812900508,10.20446022884516,0.15147915600400252,67.36544154349215,303.0,0.09218598467747452,1.1015472146513656
974,214.8721117940994,52.779703369834266,1582.0010964686464,1104.122180399903,22.910848326765798,0.21370020847982069,107.21022917920656,595.0,0.5979477364257033,2.48723882589261
975,214.87181998988035,52.77962140154638,1602.355064889452,1113.5555275784723,3.6644721755009835,0.10298009577625353,35.58427624171995,148.0,0.129245245555053,1.148428986342359
976,214.88449625157477,52.78940562754871,170.47169313339674,1167.2458492880637,8.079619593104084,0.16778683210241443,48.15407438035669,389.0,0.44637914783923804,1.806290344912112
977,214.88419745029228,52.78943823005793,181.05694489791603,1185.5752057505792,1.2743697613227802,0.08090341630334161,15.751742257021897,93.0,0.4846880707752961,1.940572191884861
978,214.8678588228518,52.777754348197405,1945.0511957857152,1185.4699182003621,3.992588582237225,0.10340305624449092,38.61190111051424,147.0,0.3694321240958146,1.5858720975376008
979,214.86766255279466,52.777682475065895,1960.2149638041092,1190.570022041388,4.110449630957734,0.10271346816224755,40.01860422495727,147.0,0.4382028979249415,1.7800020617877728
980,214.87659734116022,52.78491470462872,921.3656580116583,1253.2969559106732,40.58957091547098,0.246928018304987,164.37815033747114,734.0,0.3528108971441831,1.545143445072473
981,214.87687943058117,52.785173367592,885.8992359744101,1257.5385304249785,17.995481276992756,0.19479787895983894,92.38027319949848,491.0,0.5141604997996927,2.0582929127576266
982,214.87643401139505,52.78495688647778,925.0074056892541,1265.1312142150732,9.559236512792772,0.13419047620961855,71.23632602555428,228.0,0.2297182225244664,1.2982262196015184
983,214.8832170801888,52.79000445455313,175.37073393904868,1279.9084612391414,5.413798172429137,0.12660229269072018,42.7622443272385,223.0,0.5113337533183198,2.0463864790960384
984,214.88304013209924,52.78994071903707,188.94697463852762,1284.5799816380613,4.969645816102676,0.13362898358826342,37.189879640296525,246.0,0.2875086530278932,1.4035258171902385
985,214.86949274814447,52.780827680171214,1600.9719785430548,1327.2506939544749,1.719357654694405,0.08061152925790652,21.32892987544666,95.0,0.18499910820420118,1.2269925224211329
986,214.86950040380137,52.78095820497479,1589.1388311290639,1336.5592542608779,26.76086238787177,0.20169240011505424,132.68156049809608,491.0,0.34307615434522887,1.5222464622261915
987,214.87507778191303,52.78513762366392,970.1659856605186,1350.77803392581,23.48138179296751,0.2287626440593206,102.64517569957155,674.0,0.25233716075650947,1.337501273985788
988,214.87465634635544,52.78519746049773,983.8748131423621,1377.6656356511037,39.14908906507524,0.29760959256363245,131.54511831370053,1158.0,0.30019946448495427,1.4289786149763528
989,214.87489242509696,52.78541030909663,954.5121862954858,1380.9448036508425,2.0838389262538444,0.10295546555632502,20.24019720559483,150.0,0.502728774555363,2.010974994794533
990,214.87424849537769,52.785219430406336,1000.3045781067595,1401.0111792008408,13.070366197925106,0.16185366966409193,80.75421598442037,338.0,0.48100042202150106,1.9267838403549298
991,214.8830076399952,52.7907986234309,114.91147481639794,1350.1849191979852,5.927290394322797,0.1396147337499071,42.454619474047746,252.0,0.10916876459864899,1.1225470776734323
992,214.88290207045043,52.79089793434909,110.92506228927279,1363.1973604622337,7.4955514500433775,0.13644739830315833,54.93363408358867,244.0,0.18321429635262976,1.2243113408259758
993,214.86440395635898,52.778246213868066,2057.315715807821,1406.0335856749148,22.741168865162205,0.2933794738242973,77.51451922905048,503.0,0.3171407458006663,1.464430618535763
994,214.86415539815349,52.77832167679917,2061.8644387544355,1424.884981004861,0.6873590594801697,0.09677284183491998,7.102809491248605,50.0,0.2719032572037753,1.3734438587920919
995,214.88142997004758,52.79070840237664,193.88551655545098,1427.4288839333713,9.763123190254706,0.2047035682318541,47.69395704522682,613.0,0.2815109704649169,1.3918096990946067
996,214.8811363889806,52.79065729281247,211.60165760214898,1439.2477624220369,2.405578565796538,0.10138062515441588,23.728188321314143,141.0,0.11968508399221389,1.1359571237699615
997,214.88062822214263,52.79064856113734,235.24973337600122,1465.6420620854576,0.5887651759831576,0.055444743300422344,10.618953951919059,43.0,0.1909571792887197,1.2360285196287106
998,214.88059131875642,52.79071186898252,231.33979624981254,1472.3194822660146,0.5562775938739407,0.05025763982990053,11.068518055298453,35.0,0.35686632926558093,1.5548867140761913
999,214.86361273154,52.77856552507199,2064.833120237365,1471.929462923808,0.3440518536158323,0.06934959741958316,4.9611225791871405,25.0,0.4101858923836563,1.695449442607212
1000,214.86363412997895,52.77860087734866,2060.757857660497,1473.4214355168735,0.593348982918892,0.10050434926481358,5.903714488569129,37.0,0.5215210886548465,2.0899562682683093
1001,214.87534617659597,52.78730802116198,767.0618916262044,1498.0692082456467,2.9279117076549643,0.0995796693134083,29.402705671173827,140.0,0.32771313098807,1.4874602585496202
1002,214.87534974160545,52.787443470647666,754.9802973303157,1507.9631489967264,25.80764092621854,0.2255119809227526,114.4402209612923,609.0,0.1477934798908188,1.1734244885522398
1003,214.88127294424748,52.7917756403981,107.03299145266575,1515.2451898888576,3.014328546721142,0.11927189476520789,25.272748057327203,194.0,0.5036569520821714,2.0147355829703364
1004,214.8812626077827,52.791907271286185,95.91416779356717,1525.595643596039,0.2874819394965289,0.04182364590595758,6.873669984270273,26.0,0.3742569471406878,1.5981000435091257
1005,214.87744433025242,52.789835981445584,450.1109857473496,1574.59544054882,0.8037957480945915,0.06395773816067038,12.567607473474895,63.0,0.3946975093410393,1.6520665542138329
1006,214.8774221135626,52.78988490329652,446.80565793743244,1579.420041101648,0.5428467626713906,0.05331430035141185,10.182010437974643,40.0,0.4302900772266397,1.7552792395329508
1007,214.86528016664246,52.7816387890337,1719.2442352758628,1611.9024234440647,0.5294562891066342,0.05373554064654377,9.85300013243076,43.0,0.6753851277942541,3.080573583104919
1008,214.86530948452636,52.781785987848075,1704.9676086552101,1621.2981100248412,1.6089918237616598,0.09482623517242401,16.967791886243347,129.0,0.624096845310381,2.6602596640235547
1009,214.86525742411294,52.78193095643922,1694.5510594501363,1634.8603792123604,2.790085843558753,0.11116577354775853,25.098425122369964,183.0,0.46130690904901406,1.8563445806120187
1010,214.86537126526287,52.78198450864934,1684.712023138285,1632.785587331761,0.4387884612225328,0.04884815209944187,8.982703385161345,36.0,0.17579699722802578,1.2132933229274612
1011,214.865404954788,52.78208643110765,1674.223898677764,1638.5784595125149,1.1989480788379232,0.07995813305811522,14.99469826248323,97.0,0.3900796780591135,1.639558421037363
1012,214.86545993810574,52.7821975078134,1661.971337531705,1643.9190571515928,1.1554059206652396,0.07903470014695804,14.618970129789377,95.0,0.6563117841564444,2.9096138706576804
1013,214.86830456401495,52.78398110963941,1376.9097634955654,1625.242036434005,14.792590621208905,0.1734648395181043,85.27717007264185,396.0,0.3754539996067917,1.6011630838567685
1014,214.86848202163392,52.78433145469227,1338.0835386514962,1641.8738954784856,260.2995655902142,0.4617808520465043,563.6863556308747,1599.0,0.22321125330060443,1.2873512962810512
1015,214.8622950835564,52.7797415470714,2020.638621085239,1629.6198668157188,7.743250341595932,0.14586705212678328,53.08429990664191,309.0,0.41385745623544956,1.7060696423389008
1016,214.86197850402553,52.77983558271059,2026.613937595506,1653.4750707193687,16.852456423788244,0.18399173749022202,91.59355008908399,452.0,0.48559737582045426,1.9440025244718866
1017,214.88066282253493,52.79302354882262,24.679162441083722,1640.6248323714092,6.137805703692658,0.2244482129163346,27.346199927110085,292.0,0.1146688866063087,1.1295209045198409
1018,214.8803121445745,52.79314885610163,29.439265316198174,1668.616225924227,67.39981037737446,0.4425390386487095,152.30251907985203,1241.0,0.2879803019436258,1.404455526623401
1019,214.8619460378385,52.779495976458236,2057.9694928086215,1629.9269049966933,0.44497916927379544,0.08367095494886907,5.318203545611738,35.0,0.34572985620613816,1.5284206523644548
1020,214.86190759186573,52.77945164102891,2063.6030182666977,1628.674088274726,0.21227144231854514,0.05250741932152855,4.042694252762709,16.0,0.10688606131509792,1.1196779679337288
1021,214.87411655467574,52.78826322797533,738.3526705672851,1634.6289159807272,1.660038655021513,0.08497699648795232,19.535153319485307,106.0,0.3005701281646934,1.4297359038669541
1022,214.8741666415682,52.78832117704594,730.9974465135932,1636.2769604529458,0.619237708452065,0.05297383802245478,11.689500545336735,40.0,0.297598077151905,1.423686307613177
1023,214.87996827833157,52.792740218098444,80.88319500245356,1656.4918874008354,10.861884458598468,0.17297555923388586,62.794330636687015,396.0,0.45350554538238064,1.8298447341056685
1024,214.8798297364111,52.792831086904734,79.12342706423847,1670.6300876851765,1.9031102053986966,0.09210576723755713,20.662226291326984,124.0,0.30797765073967354,1.4450400352948973
1025,214.87989685432493,52.79290761814625,69.36646516320916,1672.7561243889197,1.679929567196343,0.08835240011250671,19.013966401106753,114.0,0.381755248816091,1.61748239363949
1026,214.86134633185134,52.77981901641642,2056.53311440819,1685.9019245240647,0.5944165754856745,0.08432842552709786,7.048828100017904,38.0,0.27527501459296855,1.3798337578196842
1027,214.86123679116184,52.77979901086955,2063.225705012042,1690.245430987987,0.799214381493829,0.10640125060008288,7.511325073590878,56.0,0.5375327252805493,2.1623151618817484
1028,214.87896043047732,52.792937084342746,108.93145470596777,1724.784202496511,75.30502495043908,0.2872667502563038,262.143199250351,845.0,0.028981501365792917,1.0298464976790422
1029,214.87872685171422,52.793104306249916,104.73033551521007,1749.6645217119965,239.74868573619196,0.4928585730804137,486.4451971236688,2348.0,0.33394632982700256,1.5013805114838044
1030,214.87893469985374,52.79350152027723,60.415193683166066,1768.1761076936396,154.09086715311076,0.5748026931819449,268.07610503720394,2921.0,0.3729164797859269,1.5946839101410624
1031,214.87012748796818,52.78776848921888,961.4851692164242,1810.1304226380878,61.055629258272305,0.3446851236555775,177.1345064467633,1498.0,0.5778276878766153,2.368701052350725
1032,214.86975815719654,52.78784886611666,971.0374413612004,1835.7730635506239,7.848177212114343,0.14627634588442684,53.65308495137826,301.0,0.280962751410622,1.390748534880245
1033,214.87887606483696,52.79397863950016,21.064760499704153,1806.8182656284182,0.909425323056293,0.10933902875266424,8.31748126383584,58.0,0.38403619623962537,1.6234720188023015
1034,214.87878508547217,52.794030975350175,20.554591810141126,1815.556315022742,0.23104027117155648,0.057913900757813525,3.9893750576002325,18.0,0.3343879960068483,1.5023767510212882
1035,214.8598177399603,52.78058543975835,2057.8841724133244,1824.3352403139493,0.41202983042875996,0.0788537570398189,5.225240316966719,31.0,0.43177255820103655,1.7598586876305702
1036,214.85974285028405,52.78057064304378,2062.558122199159,1827.2214677813,0.3591806382404341,0.06595649255724531,5.445720721560385,24.0,0.2127828928223784,1.2702975975525488
1037,214.8597163254886,52.780609414356,2060.339292175462,1831.5194168677897,0.4385364709863726,0.07031892828211271,6.236392984076875,27.0,0.3164478178507151,1.4629461014310745
1038,214.8783520031744,52.794230023252425,22.533530228744564,1853.4226739594656,1.6535440311054588,0.14218423317891699,11.629587853279963,107.0,0.3694401861364607,1.585892373750941
1039,214.87816347234923,52.79432449510617,22.706537411244547,1870.4890735330905,3.873966928407467,0.21290990123034714,18.195334768467266,232.0,0.5872517686437784,2.422784458007651
1040,214.87798278192585,52.79439113051364,24.97637002126929,1885.0658043953251,0.35031758007182445,0.07159919107279157,4.89275891002278,25.0,0.3181828506777077,1.46666888768341
1041,214.87135829907464,52.78951418657096,752.4265428227037,1874.5670568942455,3.0600587413299603,0.1014278569469182,30.16980574608244,143.0,0.4053117331433279,1.6815532703977385
1042,214.87128795557402,52.789432760822315,762.7599933816915,1872.249792195819,1.285787765053343,0.07603995597675707,16.909370192775576,86.0,0.2516365258568035,1.3362490748829008
1043,214.86666596850597,52.7861576160713,1259.104025127027,1874.483860510313,0.6666697457956131,0.05754370708703769,11.585450078620106,51.0,0.4146894189345054,1.7084946562551597
1044,214.8666775218316,52.78631068366219,1245.1108667036895,1885.2625039788509,3.5232826701302287,0.11853119736538287,29.724517666597084,205.0,0.2536362847320547,1.3398293346039725
1045,214.85926544884734,52.78086874348421,2057.808841236082,1874.8273855226616,0.27912008763363494,0.061322621694562755,4.551665925567945,19.0,0.2653258853494266,1.3611477253089572
1046,214.8591669682781,52.7808741911171,2061.762690253374,1880.4764352707227,0.41307147165530955,0.07378979253726732,5.597948678967881,30.0,0.5198809547847749,2.082816772143929
1047,214.85909795171386,52.78091787936345,2061.0238764773812,1887.4027822560224,0.2904613395256684,0.07789959849233512,3.72866285766862,23.0,0.3011141222347866,1.430848772045075
1048,214.86998775103768,52.789142046625194,846.8797666611558,1919.815678224835,4.88196540598887,0.12686748837438222,38.48082332632246,221.0,0.4332488214642649,1.7644427358468164
1049,214.87005128044197,52.78924992259637,834.5249421170231,1924.4643786428082,3.8070097861353225,0.11726908842832873,32.463881464057344,193.0,0.24786090403766148,1.3295413113986996
1050,214.86968370538168,52.78924420152609,851.5756836246428,1943.6038395959324,50.30619217245067,0.21397138494691792,235.10710175068806,395.0,0.02633349359540116,1.0270457014000012
1051,214.86598087032377,52.78635055598655,1272.962837170134,1925.3158921956463,2.4351168730112365,0.08645312977222346,28.16690245254274,109.0,0.3869220083503937,1.6311138446012463
1052,214.8658952660464,52.78640677343587,1271.868186528996,1934.0574854176966,2.357341689009338,0.08235414629677762,28.624444487764386,95.0,0.31805945531655455,1.4664034977773563
1053,214.8730962467417,52.79152925613514,496.8328889186562,1932.0711474649936,16.885389547225238,0.19751037031419125,85.49115431440215,508.0,0.41724969101786746,1.7160008061542882
1054,214.87291541710206,52.79142897319661,513.7996068531097,1934.2301291767844,4.949843083621996,0.12093058588028849,40.931275140946894,191.0,0.468218885804601,1.880472948936952
1055,214.87362125741228,52.79211684763584,421.4825257989171,1947.8711201402775,2.795058704093114,0.10352038529480219,27.000080188394115,150.0,0.49355159391298675,1.9745347956099386
1056,214.87369365875907,52.79222224192802,408.9471631206444,1951.8637460835816,0.6112058691406259,0.0521991050332306,11.709125448636037,39.0,0.03625979113172306,1.0376240306236708
1057,214.86600751526498,52.786676899221234,1243.0383077833521,1948.1887474971031,1.4472656962712938,0.07966287555849108,18.16737954944476,97.0,0.10805447739335372,1.12114470520304
1058,214.86583090131725,52.786598889275815,1257.8554464363326,1951.7839362459088,3.6283448254744255,0.11333407824630296,32.014596859288304,189.0,0.5502173685850748,2.223296166092946
1059,214.87069081472325,52.790126262567206,728.6026310294063,1955.6585304810885,1.116739158412623,0.06584621320104074,16.95980837961039,62.0,0.2369449836772145,1.3105214940058563
1060,214.87052924047197,52.79013778618668,734.8619227662401,1965.116398942223,2.893371558670001,0.10598220536583185,27.30054114917305,161.0,0.42861005423446985,1.7501182990894804
1061,214.8762551848125,52.79437803265537,103.90074105137363,1976.0287696544156,6.556752977822907,0.1426974623721141,45.94863054203987,272.0,0.1865769173330215,1.2293725384842655
1062,214.8762498663955,52.79468093732268,77.48140167811323,1998.8622338226887,62.99319679349884,0.3018309720783977,208.7035547072252,1051.0,0.4084024273230983,1.6903382403601332
1063,214.8760648051614,52.79483423595472,72.32025620532681,2020.1233718471105,5.754163186860648,0.13025600103905033,44.17580104532434,234.0,0.3954834520738352,1.6542144353708235
1064,214.8612806345348,52.783714689162345,1716.5709576138013,1979.3508328191715,3.7504409738928275,0.10052034413429879,37.310267948168814,145.0,0.28204999256400864,1.3928546411905354
1065,214.8613122029376,52.783781850933984,1709.2378873864295,1982.6689060347642,3.005774660926477,0.08272672214477295,36.33378167294394,92.0,0.19357553321177456,1.2400417412714853
1066,214.8648321659002,52.786523564328306,1309.4453387711842,1999.3441418197542,22.70350372157637,0.23404147798353048,97.00632519152875,759.0,0.5208036176316069,2.0868271063683186
1067,214.8648259750683,52.78642239849181,1318.6288648810062,1992.143601596107,3.1770340809705786,0.0969552357385462,32.76805070680154,138.0,0.5377335450567235,2.1632545241092767
1068,214.86461819866477,52.786455369544285,1325.0799954579995,2005.6586739879315,1.4811002992960411,0.07890923119028488,18.76967088583662,91.0,0.054253697432992354,1.0573660159027145
1069,214.86448379936286,52.786519710713826,1325.4666579868822,2017.6025022318713,1.8300815574075444,0.09301150698264389,19.675861802228845,134.0,0.5219068473580146,2.0916425898884157
1070,214.87501527140003,52.79421418081963,174.13772614304997,2029.816715607871,35.48255272040736,0.2598907509768328,136.5287244237882,815.0,0.633809392907618,2.730818269589644
1071,214.8745906333765,52.79417414288375,196.77692300553375,2049.4348800772,15.798429881279787,0.20749308628406712,76.13954837825798,491.0,0.5298011457708134,2.1267597549537527
1072,214.87428943017113,52.79416121190347,211.47381172257414,2064.5020425372218,5.494789725625022,0.22909750451826116,23.984502743403027,296.0,0.341941592834491,1.519621950135634
1073,214.87393489664657,52.79399981913462,241.637847356858,2071.3553321227396,1.445554676864513,0.15019814745943738,9.624317618530553,106.0,0.4357757982712164,1.7723451013550977
1074,214.8740597416316,52.79409874336643,227.31132719817458,2072.0754899812327,1.5594099206767638,0.15430279180161988,10.106167895404164,114.0,0.15448627366100387,1.182712910327212
1075,214.85732738488818,52.781856299061516,2058.1207382842886,2051.518753934583,0.9977189350529806,0.12731958910719132,7.836334864488084,73.0,0.2969590754416124,1.4223923033045993
1076,214.8572108602588,52.78190951396942,2058.6816401674237,2061.6835790665796,1.103320584119213,0.11865552259956556,9.298518601975738,71.0,0.34237737797781476,1.5206289542245468
1077,214.86675843367212,52.78878431764342,1023.7386574958275,2065.0818520746716,1.3878986416730377,0.11303934861946552,12.27801344065813,88.0,0.19042089239821358,1.2352097412225678
1078,214.8671419896342,52.7891180725047,977.0956629559333,2069.508388715867,1.7447417275904404,0.15901503763854577,10.972180703792189,120.0,0.2524258355525991,1.337659924001239
1079,214.86702499132377,52.789029111068245,990.1927487392979,2069.1142799010154,1.7848712501875468,0.16149476219207012,11.052192813936285,124.0,0.3479105083475358,1.5335318431000835
1080,214.86688170617558,52.7889566327772,1003.0223080273933,2071.346399521717,1.5908103003902252,0.151982095785197,10.467090167243038,102.0,0.7015914114685196,3.351109982863331
1081,214.86664921117864,52.78874219983471,1032.3625641666688,2067.760778003446,3.947034021111733,0.2031884890462276,19.42548044743686,250.0,0.49815510300572363,1.9926475410816127
1082,214.86592650035024,52.78823110430096,1109.8825904936994,2068.1881753872917,0.9434642395804518,0.11430513380531905,8.253909585437613,61.0,0.36095832590492805,1.564843171481845
1083,214.86581897925558,52.78816927226274,1120.1652090097552,2069.309287060372,0.9946269242378885,0.11766082533860218,8.453339685282414,75.0,0.394544632105571,1.651649408077205
1084,214.86650936358112,52.7886550201261,1046.3314372730174,2068.715725577699,2.884465678105597,0.1692911228500229,17.038493392597914,157.0,0.6387500660671106,2.768166596220813
1085,214.86608247878166,52.78835991239478,1091.5233617426372,2069.472973392744,1.5628308126422645,0.15598814702744912,10.018907477420411,110.0,0.4498022240438806,1.8175282483870934
1086,214.86678521223212,52.78889159527134,1013.0906167075154,2071.6416972967136,0.9091441174063466,0.11701736805993496,7.769309227162701,62.0,0.3099010997619348,1.449067662120643
1087,214.8663556913871,52.78854942518162,1062.5435594272767,2069.0358732410814,1.7207103176217737,0.12644638164563274,13.608221091245472,80.0,0.2729801365475829,1.3754782369374001
1088,214.86621010024732,52.78850198968818,1073.2726877162866,2073.2550078278086,7.60885926023442,0.2710962926745656,28.06699857518298,265.0,0.38339680572092605,1.62178854939146
1089,214.86640420520195,52.78865833010747,1050.7738227134198,2074.559789474264,2.5293965963899847,0.15312907937100273,16.5180683301944,100.0,0.5217239612776352,2.090842774961786
1090,214.86594245835641,52.78832726154282,1100.7003760713421,2074.496133522007,1.7775550995930978,0.14463049429417196,12.290320297029686,86.0,0.2830030732931109,1.3947061176299902
1091,214.86601898337221,52.78840547178101,1090.3714437752456,2076.2441378948047,1.2083124928943714,0.12595419961579862,9.593268795960107,51.0,0.5968810766411599,2.480657548070102
1092,214.86095857743513,52.78461764702871,1651.5848816003595,2063.703129495828,15.054559750135605,0.20738505527644688,72.59230772471858,318.0,0.0926070296013175,1.1020583502654078
1093,214.86116161638128,52.7848476819896,1622.1959431202367,2070.0147062568144,2.0870937366682747,0.1671033061563024,12.489841073019122,147.0,0.5419572797173395,2.1832024737406477
1094,214.86096286242014,52.784764224954166,1638.4892969544096,2074.3845848977467,10.868349164756566,0.23207786558595914,46.83061496328286,207.0,0.423656201696194,1.7350754930356234
1095,214.86088894134022,52.78468476159267,1648.8117303634667,2072.4057475780783,11.442609192180024,0.20172064208709634,56.72502860287091,164.0,0.5580200901088614,2.2625462778303747
1096,214.8607394422823,52.7845885321396,1664.0121917478039,2073.2027899007703,6.670387116807608,0.21310668090385798,31.300694509042255,219.0,0.27024349140720816,1.3703200837883933
1097,214.86513467315493,52.78762061393118,1199.263204947518,2064.8977477558756,0.4991713103775101,0.07398929594837009,6.746534130096779,38.0,0.5759889986614388,2.358429372924518
1098,214.86501987490962,52.787583117703825,1207.73137582713,2068.217839568686,0.5110489316510041,0.08916940128884687,5.731214119017809,42.0,0.48957927939486334,1.959168112952851
1099,214.86507359464585,52.78764150580381,1200.1737311453016,2069.704203558619,0.4058892508874961,0.07681672280909282,5.283865752724495,31.0,0.2992953265252144,1.427134765693816
1100,214.8649210527426,52.787598626719735,1210.81474624546,2074.6328518386263,0.7770561401511544,0.10241804768226273,7.587101665537107,44.0,0.4458493282061424,1.8045633631785924
1101,214.86865156442462,52.790173664682946,816.2295144677927,2067.7305923545805,1.005310949212198,0.1208767768349743,8.316824583970234,82.0,0.4905636022142973,1.962953578398722
1102,214.86853331844725,52.79005845215979,831.6932062256561,2065.44839425256,0.8654087333041565,0.1065423208305207,8.122675820820366,68.0,0.758454717742348,4.140010480243277
1103,214.86842941837628,52.79009077156729,833.5255953287909,2073.3845706881507,1.3612915875209097,0.15771950775230836,8.631092037509774,85.0,0.6780817290387671,3.106378513447051
1104,214.86894068360408,52.790379213488826,785.122710903481,2067.64216308645,1.5526099455572848,0.1354175712876067,11.46535069854246,97.0,0.48132604059552697,1.9279934569072488
1105,214.8688130420749,52.79028415275326,799.235591023583,2067.3600376354543,0.4323501800425546,0.07870658872711755,5.493189160332554,35.0,0.2809351071609193,1.390695067939841
1106,214.8678703914854,52.78961729838193,900.3648635277949,2067.8966164323233,0.6318600619262253,0.08487086238103986,7.444958660716789,42.0,0.09777392059837942,1.1083696457358287
1107,214.86779739070613,52.78957272307593,907.574493502909,2068.464322220029,0.40545877891994564,0.07497623924530247,5.407830307324318,29.0,0.29785327278284424,1.424203747218672
1108,214.86536673679893,52.78781532319911,1171.6781318225023,2067.0372833630117,0.39870124505529986,0.0724792175567989,5.50090437638699,30.0,0.31008121243197184,1.4494459609152142
1109,214.86547970974433,52.78791662562181,1157.6758212660059,2068.563787041401,0.23673996387249133,0.064645527328795,3.662124413780448,19.0,0.5562682997245866,2.25361406313618
1110,214.8655896896346,52.78800864821785,1144.625081437648,2069.5589171721076,0.8228338740745267,0.11109406019978692,7.406641476553982,60.0,0.7541343209027415,4.067261456221485
1111,214.86540072307807,52.78786564715171,1165.7186336355182,2068.9739155309794,0.3577484782509542,0.07142655706423322,5.008619944108945,25.0,0.37909089446306465,1.61054168972968
1112,214.86354418777037,52.78650617601636,1368.9552655268649,2066.6154367016566,0.6308723830192602,0.09557487390860937,6.600818365949539,47.0,0.5006773374817579,2.002713025194338
1113,214.86442766194773,52.787185478172866,1269.3911579267253,2070.145912354691,0.7943851758571885,0.11097963900123721,7.157936203489837,65.0,0.46862166881413114,1.88189834118436
1114,214.8635979703854,52.78659071021162,1359.0932305542317,2070.0443282986707,1.2324468060250695,0.15562751849379633,7.919208748896152,88.0,0.36555393883626175,1.5761781201159026
1115,214.8636859980975,52.78664119081178,1350.6871634452664,2069.115515882138,1.044706501515883,0.11586947512868909,9.016235728655815,71.0,0.11127764157443143,1.125210804611203
1116,214.86329614606592,52.78637078518298,1392.0385321683455,2069.742732578423,0.9227801233717521,0.1215660332218334,7.590772676507961,80.0,0.29720802527028123,1.422896156980993
1117,214.86432207672877,52.78710719578773,1281.034729235655,2069.9398775627133,0.5295632965380022,0.09218102779988215,5.744818746083445,44.0,0.675423697748596,3.0809396529061432
1118,214.86422254857453,52.787034221530064,1291.9384125827992,2069.8065234091873,0.7923729633687122,0.11097190031285543,7.140302735510788,66.0,0.46263012150629,1.8609156188714533
1119,214.8641124285755,52.78694149972275,1305.0571355283062,2068.76718704695,1.0565437534323798,0.12958861847259356,8.153059781680026,84.0,0.6484304956504858,2.8443877743327994
1120,214.8634179937908,52.78645516958655,1379.1256944589832,2069.536944874336,0.9325426539588227,0.11788396654405482,7.910682693310282,72.0,0.5737579218499453,2.346084657667137
1121,214.86392752198626,52.78682946721733,1323.2421979487178,2070.2717915975927,1.75458013477765,0.15540097258991123,11.29066379402801,126.0,0.4877403386722504,1.9521349727363924
1122,214.86394992644642,52.78691722304854,1314.5091152381583,2075.6109565352926,0.509853402810751,0.09204586271947791,5.539123516768999,30.0,0.35464338379382143,1.5495308715956821
1123,214.86434898383786,52.78720695428613,1271.0424875792867,2075.9327946808935,0.5737518169930371,0.09213183083235682,6.227509122629252,36.0,0.6779960255656698,3.105551730399344
1124,214.86337900956607,52.78651430142234,1375.6755780221667,2076.0135660668984,0.4724985300933085,0.07306285427029321,6.467014392092025,21.0,0.3809290303795547,1.6153236851230541
1125,214.8641478560594,52.78706654537429,1292.455477086254,2076.1886776707265,0.6803206372046557,0.09625948824485156,7.067569645437448,36.0,0.721563089034539,3.591477855908429
1126,214.86380009345092,52.78676685107839,1334.490098421538,2072.3947828190107,2.3403602193792605,0.17884899601610899,13.08567714391007,150.0,0.6211232459037475,2.6393807199529395
1127,214.86367566515227,52.78672114308466,1344.114635051987,2075.616590977498,0.7749432182802038,0.12089316106312352,6.410149353904086,44.0,0.6262873053388929,2.6758523707813224
1128,214.87188134985234,52.79250727976295,465.4429535089636,2069.538429577147,1.0053686186521054,0.1166939919581406,8.61542742502752,70.0,0.41176286329712,1.699994674945357
1129,214.87165954484556,52.792341257811515,490.0399960128823,2068.9845971645236,1.6741648973662722,0.15701864154146353,10.662204697040252,130.0,0.6654513362537178,2.989101761166765
1130,214.87141628038745,52.79219795922373,513.6030763801386,2071.2645926267755,1.5100008385509973,0.14397473148289955,10.487957317220946,99.0,0.40654575895400136,1.6850498839429306
1131,214.87223002500068,52.79275070894738,428.3218871731686,2069.1024135109697,0.8843152900590726,0.1161804103821372,7.611569688473373,70.0,0.6101710819322312,2.565227856764997
1132,214.87151479706307,52.7922429253906,505.2106085115474,2069.3685362690203,0.46736029758999986,0.09070244729736793,5.152675716210384,42.0,0.320759285026077,1.4722321232442483
1133,214.87178927693728,52.792450188223505,474.61255113284335,2070.188820208718,0.26914415555441257,0.0692245163303135,3.887988964345483,24.0,0.43263611182877215,1.7625372725488029
1134,214.87207524177276,52.79266461299683,442.8672008208336,2070.9311815838096,0.8027161561331311,0.11146667999122453,7.201400061402445,63.0,0.5755513485051658,2.355997589998635
1135,214.8716951953685,52.792436567676035,480.0464701237332,2074.182190748596,0.3338805739231262,0.0704435917815231,4.739686967675333,19.0,0.45430914816771406,1.8325394252849645
1136,214.87131598402166,52.79217877467684,519.8064776721435,2075.1746033940176,0.4240364300273778,0.08034674475800958,5.277580707276963,24.0,0.6177020877775672,2.615761080636425
1137,214.87149252969377,52.79232335370325,499.1340584245889,2076.540883383284,0.7864584838095463,0.09700824691222217,8.107130154832843,33.0,0.866722019871727,7.503114910936925
1138,214.87201746853188,52.79270230086942,442.15078885558955,2076.811587585807,1.3145036649320412,0.12175116428968977,10.79664143337771,53.0,0.655387781876905,2.9018123775367757
1139,214.8719183776895,52.792613252260885,454.44897942311235,2075.4565043388684,1.9774988220550267,0.1596543915403435,12.38612231693813,106.0,0.43224089353079187,1.761310366677904
1140,214.8676221917583,52.789452526731466,926.0407139545417,2068.8429799552305,0.7892747439958891,0.11014748978447436,7.165617169671895,58.0,0.7217173738278617,3.593469034539823
1141,214.86772861432522,52.78952145260871,915.1832663628392,2068.3088115391643,0.31611753414053395,0.06568813662116152,4.812399169787018,22.0,0.3989983658233839,1.663888986541641
1142,214.8748132336005,52.794616651931705,147.81037861400333,2070.531118596999,0.9542096161427606,0.12850566668794108,7.425428315623868,76.0,0.2618416729874429,1.3547229143199635
1143,214.87472531513953,52.79464387113236,149.37243485883363,2077.236351958324,0.47360007763084655,0.07991201810519855,5.926518799805374,25.0,0.635403996542299,2.7427618254625656
1144,214.87364303541588,52.79375492196876,276.3301816469701,2068.6570007830346,0.6177513889938417,0.10772513765759302,5.734514732832179,50.0,0.6426269932816739,2.7981967893511865
1145,214.87353335078632,52.79370406649269,285.743617301334,2070.708565903787,0.7613412151399603,0.11185155353638443,6.8067111369383175,51.0,0.3965866508144035,1.6572387756248037
1146,214.87348166252053,52.79375762459746,283.3565553456314,2077.4465102803465,0.37978680675668774,0.07619821895637546,4.984195325800475,20.0,0.6962218780758778,3.2918762999324236
1147,214.87284587743434,52.79320712260977,360.42821754608855,2070.302261257894,0.7293884060329127,0.1043687991437082,6.9885675797476425,56.0,0.48128993967204214,1.9278592733824043
1148,214.87275713345838,52.7932365142966,361.8361701090908,2077.2133503124783,1.3177802541928147,0.12716698629206066,10.362597185139764,58.0,0.8284998049891419,5.830897159835224
1149,214.87249951995645,52.79294188868896,399.36392061555614,2068.9912106275765,0.5952537114827188,0.09115589643124378,6.530062615660866,41.0,0.21912858053126927,1.2806205670587283
1150,214.8724108323619,52.79294927609167,402.70601903943765,2074.261278728137,0.3729319004453683,0.0739156042331154,5.045374441764879,26.0,0.5122424378768013,2.0501988644666427
1151,214.87233418950288,52.792841093446675,415.67774660884106,2070.2869824036557,0.47188336993096747,0.08982894144852012,5.253132924886999,35.0,0.37948863249539055,1.6115740216355854
1152,214.87222201547183,52.79284598013141,420.2971883847112,2076.6209107363447,0.7241783540765934,0.09606455813914908,7.538455056729916,35.0,0.42633136083079237,1.7431665803593681
1153,214.86455013347822,52.78726009666669,1257.3099581511976,2069.1803360210392,0.3746790934780271,0.07561586959512999,4.9550325280152325,31.0,0.20263444113792106,1.2541299142981557
1154,214.86450143645084,52.78730754563815,1255.3254900173563,2075.3044335189297,0.6048642647534572,0.10126891002674479,5.9728525229877025,34.0,0.5930656376519611,2.4573987663020938
1155,214.8626889489963,52.78591267991569,1459.69598211853,2067.970358351083,0.38132092445212684,0.07673295761115452,4.969454277840777,30.0,0.5624491143258463,2.2854484649465543
1156,214.86268878665902,52.78595991008127,1455.5458830580867,2071.4943740917397,0.22928276022978364,0.06255070754356959,3.665550226911136,18.0,0.5163452462939826,2.0675905536696857
1157,214.86207584375828,52.7854915945168,1524.361017273178,2069.2688187180333,0.3202095481134187,0.06957931100659372,4.602079892442077,24.0,0.4723414614921616,1.8951650111223302
1158,214.8620459354027,52.785453259471765,1529.0817947694068,2068.0077946829783,0.1856129624711337,0.0591643500458932,3.13724332857803,15.0,0.4210592368041365,1.7272924339958533
1159,214.8754234499595,52.79503918015475,83.15394619132404,2069.512103629527,0.8502165522453855,0.11071337981795905,7.679438145988838,58.0,0.6212292465199416,2.640119361941836
1160,214.87524034585238,52.794965744599786,97.85958776839166,2073.7894835935863,0.7205176648155913,0.10224837835121485,7.04673928754813,47.0,0.6536410699752864,2.887178338172621
1161,214.86019465309704,52.784174131066074,1725.0143651459389,2071.364319051655,0.9462184913931964,0.12419639981234518,7.618727216110027,78.0,0.7295574738146724,3.697643318546451
1162,214.85983637206573,52.783912940558025,1764.1343365823918,2070.999704582863,0.613368487964115,0.09236351168502306,6.640809522875406,46.0,0.44789311861776937,1.8112434996217466
1163,214.85970970741317,52.78383445187259,1776.7453337932996,2071.901773523327,0.5088888869900939,0.08503546168924701,5.984431399335184,39.0,0.7796041919295141,4.537291379335967
1164,214.85998648011937,52.784053525635336,1745.0018660473854,2073.471197164417,3.3802117892764802,0.20090364492652268,16.82503963784599,192.0,0.5627533815760052,2.287038842299993
1165,214.8598632420727,52.7840240639923,1753.1428785107908,2077.8397292697505,0.9441422295445215,0.10847295651021632,8.703941147355003,46.0,0.6110284776449733,2.5708822947898686
1166,214.86003330154554,52.78414780323657,1734.5952006496366,2077.995233664573,0.5028815037387847,0.0925505729277698,5.433586069005253,23.0,0.41323890253866113,1.7042711323681254
1167,214.8697564250546,52.79098838619771,694.7839938285915,2069.5690440493563,0.22928017705748704,0.05841958697163806,3.9247141060548674,17.0,0.5977073889732489,2.4857528390783776
1168,214.86969626766552,52.79094593577411,701.2283603943329,2069.6110085988894,0.2398287208271734,0.05977757950110158,4.012017930949409,16.0,0.2771961539415325,1.3835012160672844
1169,214.85915572932078,52.783412941759195,1838.7873935009782,2070.024813880706,0.2345131454470696,0.06050642798479236,3.8758385391054975,20.0,0.5165191347936885,2.0683341823120114
1170,214.8590770095753,52.783395183364824,1843.8942204127875,2072.8943191643707,0.2455274041892143,0.06666594830639366,3.6829507481207875,20.0,0.2809637175956412,1.3907504036599336
1171,214.85812709802275,52.78273463208269,1944.8021185857701,2074.308235769547,1.166640212083781,0.12973852311725287,8.992242119400533,86.0,0.3563653962967088,1.5536765646941342
1172,214.85824153658976,52.78287671232852,1927.1434566175733,2078.7894928123956,0.29901961355167467,0.07125499221230414,4.1964724753705145,21.0,0.4001740774878405,1.667150355576252
1173,214.85813492577358,52.78280790912915,1937.999238286003,2079.345111474318,0.4033325758366841,0.07466797805968545,5.401680697906167,21.0,0.6344648138905615,2.735714749224189
1174,214.86995575975493,52.791141679207556,672.318496029097,2070.370320215375,0.3006255440364737,0.06636487097024249,4.529889678701732,24.0,0.6984756500981555,3.316481737960901
1175,214.8698774980267,52.791153882818435,674.7673425107484,2075.444292611291,0.6137088079833959,0.09542955481362388,6.431014052009185,33.0,0.8251595377591893,5.719499863954164
1176,214.85960988464694,52.78375931119687,1787.8533283548581,2071.623962644209,0.3134327378040679,0.06403422709486543,4.894768813867676,22.0,0.30600790118325427,1.4409385952736302
1177,214.8595537228805,52.78372222743397,1793.6458592290091,2071.854059448732,0.30536196456206904,0.06791689108021155,4.496112229304326,25.0,0.24600955975841243,1.3262767624475293
1178,214.86304886072696,52.78628169615368,1411.0121036625585,2076.276178452208,0.5143816288276256,0.08130482717900334,6.326581664027726,24.0,0.6503742692137513,2.8602013866404237
1179,214.86296272638123,52.786221808837155,1420.1609828239302,2076.4041570316163,0.3444043320505362,0.08133964181353161,4.234151077774249,15.0,0.5232948136211009,2.0977325789050068
1180,214.8675430866092,52.78948840477771,926.4436901701083,2075.72433318141,0.5937864326426521,0.10550811098380983,5.627874739732269,28.0,0.9165494050604045,11.983138055802181
1181,214.86741671131006,52.78939830065382,940.0634149022246,2075.7441729103743,0.25736259262078076,0.0617309052090943,4.169104466377818,13.0,0.7952432195093513,4.883843150902005
1182,214.86035252833508,52.78438043449725,1699.747328881784,2078.313703024398,0.5514531817147688,0.08366345724288732,6.591326726001999,23.0,0.8462062045121508,6.502212893751014
1183,214.8602482314817,52.784307810877124,1710.835097824458,2078.461266115515,0.27847240623753255,0.062339938643874326,4.4669984009503985,14.0,0.5679231036776599,2.3144028493807154
