label,x_centroid,y_centroid,area,integrated_intensity,intensity_uncertainty,ellipticity,elongation,snr_approx
1,3312.4439691858697,19.480871642065456,76.0,21.632481687576668,0.07008564562086146,0.1571079761713785,1.1863915800955807,308.65780711503663
2,4185.3161646554245,58.59601803515061,142.0,40.675256246361165,0.08881250105945218,0.20445753863097915,1.2570039294686237,457.9902126518501
3,4239.469861152607,90.86597448161027,50.0,5.732665264379593,0.05315207325056441,0.197749184893945,1.246492968496147,107.85402927474176
4,2769.633715078678,100.97987327232197,45.0,16.075651099433646,0.1117887194375927,0.15871322434265545,1.1886553181804669,143.80387556374197
5,3077.5740622409553,131.07114435049942,152.0,38.76363590957361,0.09999286094863775,0.322068085013993,1.4750743812092704,387.66403463028126
6,3304.7681666428225,135.249319090576,60.0,7.887762490503252,0.060664851334573014,0.33576635214799466,1.5054943440968307,130.02195368453826
7,4025.4172770519804,154.17880883673772,60.0,7.7819314157242045,0.06018565293360179,0.2703692222205797,1.3705562189186007,129.2987786359884
8,5008.257779958811,164.10998206739382,28.0,2.370634611844434,0.03094128300723297,0.3057086222058062,1.4403174689811953,76.6172046353173
9,2959.8790753515905,170.07951564401068,37.0,4.173579951515652,0.04869717361592254,0.2924173606698828,1.41326248612702,85.70476768185607
10,5305.71815863491,183.04885934967177,24.0,2.0624240996899257,0.030774486903085978,0.2901480405951825,1.4087444385424535,67.0173350472047
11,4892.127862786429,189.90801721449006,31.0,2.598370450877873,0.03130056767257465,0.2872069091081022,1.4029316680787807,83.01352480436155
12,2432.6558256072826,190.3030999976241,24.0,2.7610039386311565,0.046025715134764,0.24624598772578188,1.3266927720660633,59.98828981900432
13,4740.122266858781,192.30940096111487,76.0,8.20258338584174,0.04976184267409749,0.16086231976733723,1.1916995548605753,164.8368095924918
14,2256.9631238180427,198.45633626663715,166.0,22.14941464892091,0.057215576238266404,0.3351075003457955,1.5040025275064426,387.12211088607614
15,1229.085159098987,197.67509916354985,90.0,6.758436957853186,0.03855419593219438,0.3765831790837635,1.6040632309700895,175.29705378214376
16,4471.148425117625,199.9671722075766,60.0,6.532535448465114,0.052858511668245636,0.21086422485729162,1.2672090551453692,123.58530806665688
17,2969.420857939865,201.38679074205524,29.0,3.318642220412663,0.0433932156777408,0.26950488356304436,1.3689345452130801,76.4783657670941
18,4322.741630803978,205.1042075856089,24.0,2.1642299326455143,0.03501267029856037,0.37033524118174643,1.5881466859869793,61.81276418481289
19,2216.105835668916,207.01206190389533,37.0,1.9477687070602365,0.023673985202955716,0.3491540197759565,1.5364618210529097,82.27464410246637
20,4778.525984558109,205.947002561411,24.0,1.9937904077798991,0.02731137028006445,0.3771804690037216,1.605601543035065,73.00221070325564
21,2513.516790965558,209.09474561314659,59.0,3.8713726355921607,0.029894859427936998,0.3350639828957934,1.503904096449754,129.4996099554939
22,1982.1554933085422,215.30133033815903,97.0,6.1315465058652014,0.038331549637908476,0.5308251679537497,2.131401626209613,159.96083027651275
23,3199.7633009551664,212.36587564929044,72.0,10.640374031209632,0.06477732620490514,0.3290631828888979,1.4904533102025423,164.26077849449595
24,1247.1624480918197,214.05632931294215,76.0,4.8028181509007295,0.033929487983974285,0.4398670603257253,1.7852904715468336,141.55292155216773
25,2622.730095582455,213.24312683834088,55.0,5.516987642176987,0.042527557065596466,0.31028142939741565,1.449866717560371,129.72735851408842
26,2330.869150681388,219.61034246861817,144.0,15.440876422779631,0.0467037503141752,0.35048930602721273,1.5396205317012028,330.6132017002738
27,1889.4851822195274,217.11437129608254,31.0,1.5511734866400266,0.021669623050814674,0.30597453090688265,1.4408693117656033,71.58285508716821
28,3648.4554820194035,221.25065128244563,62.0,9.347785252906828,0.06891182512858837,0.2628119370451747,1.3565059585904877,135.64849335312203
29,1788.75003501086,221.15566671534572,34.0,1.7713557955170967,0.02269394344923514,0.2870082936959165,1.402540858691995,78.05412045198328
30,3719.73740092243,220.47074027385364,25.0,2.9730128442239883,0.042949859281774694,0.4084526440942625,1.6904817340766698,69.22054912262666
31,1416.0161729819042,227.94695850732052,199.0,25.41817410148905,0.054903122911858934,0.3973535608514519,1.659347728682932,462.96408570957243
32,2085.1518856909543,225.31556529662106,85.0,6.046030175536079,0.03588227519532042,0.32603429136172235,1.483755014807003,168.49628800362612
33,3396.3867492046456,222.01105756856882,23.0,2.514932908014504,0.038221814190094065,0.3910666216851866,1.642215775340547,65.7983657056838
34,4270.139175123876,222.57172706244904,27.0,2.598911961072753,0.036775007913243424,0.32251855952794584,1.4760551954061236,70.67060236136163
35,4559.999058651739,226.10794252004501,117.0,14.442790540403257,0.06912682095371993,0.28285795750119147,1.394423894763723,208.9317914687938
36,5112.8467843273675,224.71076310878303,66.0,6.432410485191157,0.04428138052195046,0.1954553377097611,1.2429390770592803,145.26219393730477
37,3516.69351835848,226.8878110188053,38.0,4.766367662319729,0.05176016677385217,0.27949182337426837,1.38790930129784,92.08563185556751
38,5320.700356660106,232.58644570905665,23.0,1.7090669125500608,0.028726804204252818,0.23377121056318528,1.305093222528234,59.49380586849422
39,2062.381805331767,234.0926198308366,34.0,1.9632822271182828,0.02269394344923514,0.23829920963102558,1.312851466933087,86.51128577587303
40,2685.39122768614,236.95093336572134,57.0,5.981686022904875,0.05084652174933204,0.28831783880312234,1.4051216322722508,117.64199038813221
41,2512.814930564219,238.3435941349947,47.0,2.855725889000283,0.026682065058113075,0.21688544841029134,1.276952392175599,107.02791867048376
42,1802.6422314732772,239.36005453888595,32.0,1.6910857758680202,0.022016359035997753,0.21870833834044034,1.2799317451767973,76.81041961129984
43,3622.4277372513648,241.5293430407661,52.0,7.433815279899155,0.06281374538010569,0.24640883759650978,1.3269794682976612,118.34695152971385
44,3894.7642809018535,241.8614668918222,23.0,2.4057458224620945,0.037040222885976914,0.38303078101330945,1.620826403045518,64.94955038115842
45,3419.433360463916,244.54546126592913,31.0,3.6179775945183708,0.04465375980353088,0.278456474187158,1.385917777965602,81.02291073443469
46,1270.889099899565,254.60103543775676,292.0,55.318483605986266,0.06650616960078129,0.41209504434496014,1.7009552145819327,831.7797271749117
47,3592.3657968694606,253.9638019774458,162.0,24.409800898892698,0.10944761038226034,0.1644356875323718,1.1967959678013922,223.02726220918137
48,4203.441400985638,253.1364128261154,31.0,3.068235178387357,0.03843733219680403,0.36191409303040445,1.567187096717448,79.82435312309404
49,1447.4188604735457,259.15360153412655,73.0,4.436039892159559,0.033253084800390645,0.3397097929899626,1.514485584343671,133.40235706816125
50,1337.3787481979648,262.51381404974387,76.0,4.886741376140416,0.033929487983974285,0.31550192316364345,1.4609244844366023,144.02638137211332
51,342.1529136483864,267.54313346909777,82.0,5.474216129008191,0.03524337054085524,0.5180726419706607,2.0750015190860385,155.32612360847568
52,2444.5435482021076,264.1710555482595,20.0,1.0423600525892112,0.017405460084445483,0.18551031884533464,1.2277626385423877,59.88695774383602
53,4949.027758180335,267.5177461950688,88.0,8.403795975404792,0.04799107814892251,0.046316114978322775,1.0485654793016346,175.11163115208055
54,3743.3368343691454,270.33376529192316,81.0,11.967012875658078,0.07120540191859825,0.28379517494883055,1.396248621933753,168.0632726339881
55,2240.0274191083727,274.5214054771167,31.0,1.7132491481252836,0.021669623050814674,0.260219021292283,1.351751435603069,79.06224968047488
56,2348.4448591870814,277.1036059120524,56.0,3.4125516762517853,0.0291249053921799,0.302365223926904,1.4334147813400047,117.16953687231764
57,3600.0958858875965,277.9405165974716,59.0,8.106217421107969,0.06541660932792351,0.19755643231585074,1.2461935521347605,123.91680804599234
58,1545.794340178847,277.396805667313,22.0,1.0778006791170034,0.018255000543038816,0.3780401397588934,1.6078207999023342,59.04139397727936
59,5253.304593415834,277.11814196101216,26.0,2.042875693198093,0.027984925101025616,0.2182068768721921,1.279110765261259,72.99914814219832
60,2005.8557764240295,280.9044453023365,39.0,1.9859122482794742,0.024305402269143555,0.3810587556952979,1.6156622445210718,81.7066192235234
61,2643.368917568404,280.8535566095178,41.0,3.884379830532973,0.039781905174711946,0.2546246314847719,1.3416059105789593,97.6418754575421
62,4110.48771119225,282.2433632100669,56.0,6.303578754566755,0.05218043510554027,0.34528340424706405,1.527378420658456,120.80349161169549
63,3890.1048795006895,281.5365500831772,33.0,3.665331732092262,0.041808977389461065,0.29932938425355804,1.4272041349053506,87.66853343359206
64,4853.544039182842,283.9982257792107,122.0,14.37938551459365,0.05610273105431286,0.1377346294818378,1.1597357776284913,256.3045549542502
65,4512.174373136688,288.69906494543227,140.0,19.164894348318086,0.07286689473538685,0.3458794663839325,1.5287702321036518,263.01236546328226
66,450.9853614530542,287.4516073060963,26.0,1.2622271367169797,0.019845277850828708,0.6047306227596423,2.5299202457364016,63.60339956964982
67,2447.4205464641013,294.2973660083679,296.0,62.79043089610489,0.06696014189887989,0.3417398970653722,1.519156326719243,937.7284622683162
68,495.18282351138924,292.0584366497953,109.0,8.291471337393181,0.04063345569963472,0.4774669255495667,1.9137544566948912,204.05528386963454
69,3673.9367361687373,290.1792896688281,39.0,4.965698814197775,0.052105875204640696,0.30433341243802536,1.4374702161628732,95.30017094416861
70,2528.8687153439537,294.7723299139684,81.0,4.719975589239255,0.0350278127356314,0.6148239564513074,2.596215462381381,134.7493668777653
71,3486.0174301114657,294.12770630677346,117.0,21.918155009591963,0.0849639449000094,0.3069376682910224,1.44287166427609,257.9700723099256
72,2357.6037365147595,294.77702223026984,22.0,1.103659458741912,0.018255000543038816,0.3401014045823161,1.515384343812777,60.457925275864795
73,4960.596537020519,298.2821716293393,99.0,10.807858182792083,0.04883657176732458,0.19316627798701247,1.2394127472821508,221.30665179129898
74,5070.986488239476,295.4287950065205,36.0,3.017091965342168,0.029780420683071178,0.29897605222519263,1.4264847915313073,101.31126075922926
75,1544.3413201269034,296.7112783874754,27.0,1.296001943371281,0.02022331711204059,0.2284387750981035,1.2960734258349353,64.08453846573298
76,1495.1951764294108,305.0725713356494,75.0,4.576496342727293,0.033705528520067654,0.34741057589872815,1.5323570426798938,135.7788037651607
77,3444.669846661003,305.1214723207288,62.0,8.266608021644256,0.06088283676708375,0.3049855457021169,1.4388189969519685,135.77895611647304
78,3500.7991494653165,304.79533456052803,30.0,3.2990590439919485,0.04259589414503235,0.37988270116971223,1.6125981356854193,77.45016533187844
79,4841.509989465402,307.7464488809722,50.0,4.178684770845583,0.03524942563082365,0.28863109645951945,1.4057403901449776,118.54618042886796
80,2672.8718516964946,313.1402027555242,117.0,18.86661411457919,0.07997175518976395,0.271491706777091,1.3726679700185924,235.91596895442453
81,4092.4784628792927,312.9583853235377,43.0,4.5037429099020425,0.04453633981854133,0.3021354448709629,1.4329428148347456,101.12512452195382
82,2248.414928200569,316.8867840154776,99.0,10.767795342559582,0.055642893221576166,0.2598433884684017,1.3510654156431983,193.5160937746538
83,2775.019962676881,313.49634370163125,24.0,2.481204708027786,0.037874763527988034,0.3725670971975975,1.5937959191071147,65.51076434297124
84,645.0525866016598,322.24633662910134,80.0,7.493775147094813,0.05774112902670403,0.39160616789318725,1.6436721531792826,129.7822760554111
85,5405.456562636363,328.7749992008883,135.0,27.59516633879274,0.07065508495661699,0.2113019809891904,1.267912402333921,390.5616468473073
86,1612.9569621058297,328.8090202064281,102.0,12.790506825283726,0.0740575271335032,0.44726458329704855,1.8091838694993838,172.7104228342155
87,2805.7744405952576,329.09591018351523,61.0,8.181539251941668,0.061152919287412476,0.3247035194749308,1.4808310554535413,133.78820418186857
88,4115.537640770737,329.9737339522141,24.0,2.2338531136072475,0.032115910124970885,0.3815546664388263,1.616957790338125,69.55596478240153
89,4053.3635530667316,336.65317269694805,130.0,18.979101871879475,0.07579346663179862,0.40644471592048004,1.6847630318897602,250.40551270835957
90,4745.473938399716,336.4884798690359,50.0,4.096191440969529,0.03464349990987092,0.2783115834706653,1.385639532374776,118.23838387074761
91,5222.520008787893,338.68908072470407,125.0,18.365262809085948,0.059087354379967,0.17372894173862508,1.2102565980033024,310.8154528460749
92,4642.111550672491,338.7970384036933,41.0,3.433310409250562,0.033055636936167934,0.3124009085605576,1.4543358367541865,103.86459700898983
93,5036.530995447671,339.01032698026853,46.0,3.7669371627564683,0.03212614431767356,0.3095653790275005,1.4483630594761712,117.25456766637764
94,387.7499014235798,345.60468571916505,37.0,4.695409762438325,0.0584393571948205,0.4872526840177913,1.9502783707105704,80.34670447837303
95,2691.713204622625,353.8370583170739,78.0,11.164151719607498,0.06687538609602045,0.2844051302831965,1.3974387496597758,166.9396226524641
96,5515.344790066482,351.08751004776497,26.0,2.4432366096122293,0.03220574381948076,0.29394388599076793,1.416318023678957,75.86338087103434
97,2260.95969952873,359.0770440174069,51.0,7.716491767868765,0.0698449119085939,0.2585252037156248,1.3486635082016645,110.48037082453972
98,2707.856955110933,358.99594742534987,21.0,2.0373914472877694,0.03471372108910034,0.1660704315178817,1.1991420352442423,58.691243213551196
99,2093.7582339808278,365.8551611062254,32.0,4.128331723844973,0.055988547133088415,0.30462821973995746,1.4380796408304606,73.73528936251302
100,3185.0679127709536,368.7472562947687,53.0,6.648814420539868,0.05194275890341746,0.35455315135794363,1.5493142496611167,128.00271993450897
101,328.9047758228154,374.75626923835074,65.0,10.275746192545338,0.0825643866720912,0.4841795643813983,1.93865913590791,124.45736723456812
102,3407.3643365269572,373.4771559575643,43.0,4.624782966987907,0.04487100524182847,0.2062884376937223,1.2599035310690354,103.06840557868121
103,4413.513301361243,374.4968920786746,20.0,1.6126276188463746,0.024722481313694023,0.4809681135151169,1.926663902621569,65.22919760295761
104,5240.79661578169,377.89672847084415,67.0,6.460110247892562,0.04348355466310503,0.25453681483042767,1.3414478674389902,148.56444690281594
105,5207.39561882143,380.75181379712217,91.0,10.521494344376944,0.049519905138435946,0.16740135124683653,1.2010588793262205,212.4700020115842
106,2709.881304469532,383.5800045387597,45.0,5.24988036822851,0.0490785157014916,0.2290415087186758,1.2970866931344274,106.96901267674147
107,673.7433668065722,387.8121658551728,105.0,19.116298946703925,0.10195153965703141,0.48144987313378673,1.9284538720361775,187.50377886407435
108,5512.498606309709,387.08020661871734,29.0,2.7432842402801163,0.03378549047904874,0.19892899620931592,1.248328793912125,81.19711158200583
109,4673.570071726804,392.38544912407684,163.0,25.779062109292365,0.0628454995969569,0.14056388761129468,1.1635536203157828,410.197425028357
110,3994.034591910227,392.4312244039737,60.0,6.496292719498868,0.04724370720712234,0.22612404371098593,1.2921967556600724,137.50598976109782
111,4130.462729000537,396.23145663796396,88.0,8.658457271530038,0.05429430246868768,0.29597275175300475,1.4203995690365212,159.4726679935431
112,2913.1199819574385,402.07290306876297,208.0,60.058452571351054,0.1108426682381565,0.3087453717064029,1.4466449251393212,541.8351391750106
113,3486.191447677123,398.25630326854053,50.0,5.302557023303545,0.04503774434228581,0.2570813584959064,1.3460424118251042,117.73584802569674
114,925.1073365124711,405.0612532331491,69.0,8.636408048835944,0.07025711411982094,0.4080763115365865,1.6894069615560072,122.9257443467841
115,2008.3891889918075,405.3114106887955,87.0,13.168440314667103,0.07822750211045083,0.28692916475825814,1.4023852197811242,168.33517572981359
116,5341.134860782145,402.66812124698924,34.0,3.0990515606464384,0.03289941660622542,0.29271445869923896,1.4138561325047179,94.19776641449678
117,5107.131311743736,404.6296134252015,43.0,3.438882561700312,0.031880521964794246,0.4261541308943726,1.7426282105307458,107.86782492136986
118,3035.1724221146164,405.67892672444924,36.0,4.076872513443774,0.04341147972364586,0.2543217765334267,1.341061021402923,93.91231396388308
119,5211.268078418899,410.19450437571464,30.0,2.765722488899755,0.028420011393391512,0.33763751665558495,1.5097473440083415,97.31602322801555
120,1249.7398139198494,413.46931841985014,40.0,3.8807203967154904,0.048011962125404664,0.4046232418464517,1.6796087289354666,80.82819832647658
121,4944.9333283480755,412.8639788461783,30.0,2.320845241322345,0.025869350929359592,0.3928215423103605,1.6469622519301435,89.71408860082283
122,1339.4791628995426,418.5896590647316,47.0,4.786695937096489,0.048831798452183516,0.33758969957535134,1.5096383606337858,98.02415820878807
123,4461.449445479894,420.2318126424897,102.0,10.260621164064998,0.0562337016981178,0.16884213163387451,1.2031408689732808,182.46391139512042
124,1308.9939456078662,421.47383907274633,42.0,3.890420587282617,0.04460828854355065,0.3249800124273463,1.4814376143082253,87.21295333902883
125,2706.098953643766,424.6668237507881,107.0,16.576556947543047,0.06919604545433068,0.2605367746081153,1.3523322941043372,239.55931063262216
126,5206.4028946931985,421.7694578244697,26.0,2.1817456758858786,0.02637086565512934,0.3751934006776513,1.6004952589882657,82.73318382559475
127,2094.33827862841,422.47733156658916,30.0,2.858104735921179,0.040203329253611274,0.2211303946543337,1.2839119579665648,71.09124515264986
128,4336.562229315211,422.64902035819733,28.0,2.205317411205587,0.028276658567186044,0.31693777517897737,1.4639954658040444,77.99073592679622
129,4641.122805695988,423.3825112930054,57.0,5.094528595243303,0.03895431221202537,0.2689484916264332,1.367892670414956,130.78214723736284
130,5370.578054467908,424.76816224717896,105.0,15.952638431554321,0.05900224177079488,0.2263213477286179,1.2925262924913061,270.37342908978434
131,3023.350782211749,424.0874360627117,20.0,1.9092339157763,0.03171490251314304,0.32971890654945946,1.4919113932515973,60.19989861186206
132,2961.1285076361632,427.2306333873696,55.0,6.998931025836952,0.05441214787901118,0.259751384453784,1.3508974944345127,128.62809682498684
133,4741.247952285392,425.826056059454,37.0,2.914547630937176,0.029786797007493305,0.33922110733295274,1.5133655313410248,97.84696321004165
134,1024.3477574394612,435.620582412797,43.0,3.417398461858214,0.03931580458648435,0.4210290218588447,1.7272022912281388,86.92174808074557
135,2747.1879352487886,436.58290763048785,79.0,8.968959689093184,0.05906120909322238,0.37562236441466723,1.601594841017222,151.85872126214946
136,5188.1221290532185,438.2554511184097,134.0,21.041210373118616,0.05930633988913419,0.1902940344508932,1.235016218908359,354.7885506415088
137,4041.602145659794,438.7871630915391,35.0,3.0779841118777416,0.03289342638707038,0.31774459934344035,1.4657267630826565,93.57444480419419
138,1035.9437252539867,443.82537910301045,55.0,4.2525240498451335,0.04002160987941565,0.4250617838755383,1.7393173248089,106.25569692618332
139,4872.837010624578,445.61209288554943,53.0,4.608318655534668,0.03567480957937893,0.22209688859572707,1.285507134937148,129.17570436587303
140,1973.3930668519502,447.3258481870221,38.0,3.051061837353388,0.0343016672147354,0.22585414307990748,1.2917462401445368,88.94791667860113
141,4131.510677458971,446.3252141475302,29.0,2.480198410885545,0.029058858077336075,0.34887580081744973,1.5358053060467474,85.35085598631731
142,585.7396463371975,449.86225199277396,89.0,8.32909324438782,0.05206497328237172,0.4484107003078833,1.8129430729678313,159.974983550177
143,650.3505016174728,450.2311143935421,78.0,6.740219027620726,0.0489206811729771,0.3741169075152273,1.5977424730071763,137.77851955470933
144,3979.098696421996,448.87689179427036,50.0,5.05831445959194,0.03985481450051565,0.2467089283634485,1.3275081009887248,126.918529743163
145,4481.404180151933,449.3925409993997,24.0,2.004714042145866,0.027676721682424577,0.329912987545363,1.4923435037739927,72.433218975458
146,318.0609279753031,450.8803517704766,26.0,1.6884540181460457,0.02677111399384293,0.6071142790459347,2.5452693917499647,63.06999471648329
147,1590.6079690624344,454.52859943832306,69.0,6.096755235384246,0.04215847897398875,0.2647353528518257,1.3600545108195239,144.6151612620054
148,4346.517110988606,454.90752423643846,97.0,11.022513065241023,0.052519342189604454,0.27796085198443143,1.384966456110269,209.87530699542523
149,1534.7506772170625,458.4853021082132,157.0,21.231128714720736,0.05974885529925866,0.31797816458829575,1.4662287159711647,355.33950580948056
150,3590.0856197018556,456.9838230604657,69.0,8.155747890326037,0.04666928190662699,0.3034488698440335,1.435644788597339,174.75623273234743
151,532.4393356155823,458.06787965507533,44.0,2.993532720732266,0.03339407775045695,0.40720827934449355,1.6869331422075269,89.642622955542
152,2859.922590138853,458.2299997578517,76.0,10.479853800160656,0.06346565949849055,0.24075272483930588,1.3170939596567544,165.12636728229234
153,562.2384520383284,464.7537808635997,390.0,98.50819088916683,0.09511955779587447,0.18936312681807188,1.2335979685636307,1035.6249878764609
154,4241.523663726402,458.10154127214537,20.0,1.5984821267767457,0.02402122526685073,0.4370532559302046,1.776366966385754,66.54457085428734
155,3866.326344978432,461.9565436130076,68.0,7.140690119933163,0.04754412704646647,0.3493203378021412,1.5368545508587292,150.1907925021807
156,3939.7932643467966,462.3665509195342,86.0,10.8625448295019,0.05251514285308317,0.2424321849427381,1.3200138391893186,206.84595412586143
157,2199.2586734727615,470.3332729625499,331.0,107.43473280963853,0.08941922306407386,0.342754865047997,1.5215023235935061,1201.472447738173
158,3033.480549026161,463.07043241324425,43.0,4.745639987018458,0.0438075768562219,0.2665713595274226,1.3634591626469075,108.32920530148986
159,4123.056604984534,464.290597792046,39.0,3.2861787684195933,0.033320632225810144,0.3475681197447906,1.5327270635653696,98.62294167017998
160,524.5809938335661,467.7234445339375,110.0,10.730903644194143,0.04880066468415062,0.4225828044714416,1.731850051823649,219.89257141571895
161,592.729368583008,468.4730899542611,40.0,2.3126365115501537,0.02978608641734908,0.4060169125372466,1.683549618006096,77.64150278578207
162,4160.794414840832,475.89825338399953,329.0,124.39427771989241,0.09641047988050008,0.1765245691913292,1.2143653138721797,1290.2568048004532
163,4099.619697859707,473.7550847085009,55.0,4.939593322261949,0.039515229987303065,0.3028703867755014,1.4344534804289932,125.00479748818688
164,545.9607140275174,476.09703120305016,87.0,5.829972114872065,0.04151930668022825,0.4295989766262567,1.7531525348347263,140.4159313105374
165,813.0474260391812,477.3490367477451,31.0,1.6997599932476057,0.022311643843883643,0.4986240033639703,1.99451111881996,76.18264280036749
166,2084.158729156815,482.1071701891944,228.0,49.57925010669459,0.07083352660184192,0.3219430218076369,1.474802313318723,699.9404446623353
167,3240.4917615968984,477.89645243111136,60.0,7.546712491333319,0.04828258385078496,0.30817889772154083,1.4454603895524112,156.30299560305383
168,2024.2007905776375,481.4092396288401,44.0,2.9350298335601717,0.030181335315402253,0.346605136351281,1.5304681068592305,97.24652017176841
169,4038.95867812428,485.09611399919,192.0,43.4932384005411,0.07450936205138584,0.2182534726222476,1.279187006246571,583.7285034133795
170,3059.8109907511644,483.1522948966755,65.0,7.147386113722854,0.05211990887018942,0.0968218998682957,1.1072013369834552,137.1335113329579
171,3721.951123602731,486.13541235547876,51.0,5.2496029912464515,0.03958475871204586,0.32798802402391336,1.488068718637813,132.6167737798783
172,599.6186173725088,488.9898819929405,67.0,3.7173637888601156,0.03521694315630383,0.36110636727897494,1.5652057694502854,105.55611747337893
173,624.4314915739361,488.0258097629868,55.0,3.3196442576012646,0.032073008892347696,0.4015911388960669,1.6710982490386577,103.5027386655107
174,2428.8701027764205,489.15082418542784,93.0,9.463059497453912,0.04702976079354506,0.2071726182953254,1.261308606483645,201.2142808677168
175,5133.869627032925,487.077510457668,33.0,2.7016524352399336,0.028826126279622437,0.38688627793428687,1.631018788212378,93.72235481913388
176,585.3279089006103,495.37662800989006,370.0,112.51720844460036,0.0818168893078304,0.3908890475505665,1.6417370201252734,1375.2320504543031
177,3296.770446127333,488.64415134857677,42.0,4.095662531966511,0.03832742169160647,0.30040558081816526,1.42939962438449,106.85984997690159
178,3903.766570307938,487.9605903176816,40.0,3.952290845616663,0.03571475869565439,0.3706252003856343,1.5888783608951706,110.66267811848775
179,1113.4454551060564,494.88632332513396,109.0,8.893333155123907,0.04063345569963472,0.26846463814047616,1.3669879162889043,218.86726102904055
180,356.4732906214859,494.5384469518771,75.0,5.030106360815278,0.035224441670775146,0.376399884599261,1.6035917494296459,142.8015923667183
181,3976.8395482448964,496.57322522133217,50.0,4.784861043444439,0.03879809729854843,0.3966686268689006,1.657463948560002,123.32720871916204
182,4289.30785157797,502.20020270671455,114.0,10.899088140081457,0.05721372973044035,0.5039242357786677,2.015821114683268,190.49777372375422
183,1463.582127332758,497.95587159554253,33.0,1.696186863827749,0.022357718292337465,0.25998786107308325,1.3513291842078277,75.86583038793694
184,2231.4779433643957,499.7944580984813,48.0,3.6195720045983144,0.03158435000772136,0.15516363255101895,1.1836611662676668,114.60017393783455
185,516.9020353109851,504.68077803474216,176.0,22.571355491454504,0.055062509291325036,0.3982861522250558,1.661919538162307,409.9223915138674
186,5076.314129187786,502.453373330102,54.0,4.765952321608381,0.03677045040879803,0.24902019553606036,1.3315937313571498,129.61365086972216
187,425.1569625915139,510.185083503292,110.0,6.019173839385595,0.04269585549131853,0.5624480879985896,2.28544310416995,140.9779420067948
188,569.1922295511947,503.93925410545563,26.0,1.2568076088802884,0.02150119764405074,0.2356757392899691,1.3083452291191628,58.452911772011916
189,2758.375856169547,505.8947018972376,57.0,6.1052166849251055,0.04427838354678694,0.22874055853639186,1.296580561921309,137.88255568259402
190,673.1541580130715,509.9897644680535,172.0,20.60131136570725,0.0555183089664218,0.35050176613146644,1.5396500680899656,371.07238583522405
191,2579.945159978302,507.5726279100956,79.0,9.032510905684164,0.04911543127578045,0.20668467128203394,1.2605328093383066,183.90372783183176
192,3113.909666544682,508.58536750857,96.0,14.182918827909202,0.061293848005176954,0.2522491446529743,1.3373438396615505,231.3922080191685
193,2275.2272597387596,506.01249315686664,25.0,1.473322099615373,0.0232119192132669,0.22902848072293402,1.2970647747632653,63.47265325537096
194,556.1373932742478,511.34811730521807,157.0,9.499634461918221,0.053052529832545756,0.3747534755417544,1.5993691462203092,179.06091362471744
195,3444.0240078118736,509.5925168497597,92.0,11.896090478318433,0.05292266507671131,0.2628053715831651,1.3564938775361857,224.78252864014067
196,3328.2738860773625,508.388850106779,28.0,2.3997014028054053,0.03034013873805004,0.2977984237722563,1.424092502571757,79.0932903611249
197,608.1338232311356,512.1568484174358,73.0,3.7154887785180613,0.03659224637579356,0.16989054487728295,1.2046604141524537,101.5375973467408
198,3858.772361769251,513.6453896524508,99.0,13.58181982428253,0.05589495058998696,0.305056572364065,1.4389660513832174,242.98831434543894
199,4408.91321200407,515.706465432248,128.0,18.807062555831006,0.06314427075310212,0.20669814343861503,1.2605542161902414,297.84273904069215
200,764.2501699772511,515.3098783410123,62.0,3.9981337775671166,0.03150510763988601,0.42875485467594554,1.7505619228198828,126.90430463742997
201,5127.915394354108,512.9031228051583,27.0,2.026253504450038,0.02615964557239778,0.4230877722705785,1.7333659297459223,77.45722314326878
202,396.718205025884,519.1562191960282,127.0,12.743959685647287,0.04672217607051035,0.38088121350757753,1.6151989276006877,272.7604053889711
203,585.9430954872587,522.6901531184693,285.0,53.93721700764848,0.07392090849536377,0.4087399220301562,1.6913030953038626,729.6611757826455
204,3371.013774943306,519.6092388117706,84.0,10.319353291086307,0.05146447278274142,0.23241857291836532,1.3027933776381575,200.51411649837976
205,2196.215634611952,521.727369929647,120.0,15.377756603383288,0.05124287351392736,0.22424112155902265,1.289060335357907,300.0955166810415
206,1551.3725904069886,528.1833092507122,166.0,22.13720423533041,0.05417762723100167,0.30617669040279216,1.44128913826856,408.6041668259514
207,2273.386136045272,528.3948942966634,29.0,1.9133750822377706,0.025807770021013286,0.2705974119807065,1.370984990217157,74.13949677480295
208,3323.2959943526625,530.0094042833083,48.0,4.823728580083964,0.039490853290914105,0.3126216950879833,1.4548029707280308,122.14799575358347
209,3931.6919977937055,533.1651974995094,147.0,24.355496943931062,0.0671388219937136,0.22419488914858965,1.2889835166238415,362.7632451789449
210,3828.437638233345,536.214551637519,125.0,16.918940723810064,0.062196837279277724,0.17310437804499135,1.2093424773924004,272.0225250013957
211,3540.7533513572275,544.0685825681016,184.0,39.33934096163961,0.07427298979912146,0.26400854731725176,1.3587114311652932,529.6587772760554
212,3112.775136720553,545.8738567664071,202.0,47.59662003744795,0.0834704220000163,0.2822401863223811,1.3932237232344538,570.2213897689251
213,1980.0623853796133,541.3459920406551,33.0,2.1020073000343076,0.027084901339170287,0.15677279465226968,1.1859199912645366,77.60808406543377
214,3988.481796446088,545.3091120265605,145.0,22.021740703836514,0.06578994233371228,0.24588179553245315,1.326052061965618,334.7280742721075
215,2184.341626435255,544.9178471187548,57.0,5.083122930137045,0.037671420761997615,0.19352495926907753,1.2399639784185787,134.93313571185575
216,4623.364579585416,549.7649603766765,67.0,7.035912194962551,0.047172040821899186,0.2162418755956801,1.2759038392871915,149.15428869247043
217,3670.8684928825564,552.2191625993988,84.0,10.327406621934388,0.05020181221134615,0.3458112911858333,1.5286109138335295,205.717805135335
218,4385.67093349673,555.4681464214696,130.0,18.323823376137934,0.06477950039588538,0.18966394008410614,1.2340559052793376,282.8645368389073
219,5469.467628303922,554.5492870047626,64.0,7.236588394111307,0.04898511629340702,0.26795401705285204,1.3660344067104835,147.7303503939071
220,1943.6150810655843,555.8198663904192,49.0,3.775424772488293,0.033916281865077266,0.18736929666134006,1.2305712741243235,111.31599824259486
221,523.9212545211615,561.5423945424876,62.0,4.441342982256174,0.0385403626288364,0.5270746521659528,2.114498629815264,115.23874398973878
222,1915.333700611914,564.8178263080017,51.0,3.6417574360161344,0.03500177594615323,0.20693532158687145,1.2609312042504979,104.04493308049905
223,3194.1962080843014,565.019743990188,70.0,8.50149902479379,0.04802124032315956,0.28300110549139945,1.3947022898624633,177.0362232958341
224,4457.208665711678,565.8362426180018,83.0,9.460289402792785,0.05314069542875338,0.23039174590702705,1.2993623634904448,178.02343997316245
225,2243.5862898325204,566.3279887125412,64.0,5.824501354795808,0.04194813589709459,0.1712787821576942,1.2066784082150606,138.85006401915524
226,763.450359683418,570.3893800083356,123.0,13.01483737441421,0.053137214569316,0.3451784354413695,1.527133579777615,244.92885974361192
227,3104.896348288308,571.2052607634583,165.0,32.863985718424196,0.07284952676955217,0.2686375894923092,1.3673111792904815,451.12147155580243
228,3253.386520151233,567.84448291192,31.0,2.6235242762697406,0.031716081656680925,0.364436967530262,1.5734080632633622,82.71905415898375
229,4529.71158378731,571.4029794100636,115.0,15.15743432359785,0.06238265825366078,0.1578460951589753,1.1874314115883273,242.975127189428
230,1240.3420922541018,569.9998812093282,28.0,1.5140095521910895,0.02316977721013571,0.36283692079748797,1.5694569140001378,65.34415667703443
231,2271.796609152232,576.6258019377896,134.0,19.197687455676196,0.06229385505846104,0.2782679675470757,1.3855557949968447,308.17947352366787
232,4749.772921094714,578.5157692419573,234.0,64.27231102292808,0.08289989461862628,0.15406146375837526,1.1821189804673597,775.3002741270931
233,2414.669454327978,578.5530332413796,64.0,6.206251536214037,0.04360105900387345,0.14066247454341796,1.1636871082392002,142.3417613701237
234,5516.331191438198,576.4288348290285,41.0,4.12817521926192,0.039491750010301425,0.24565319527017215,1.325650209863557,104.53259777510709
235,1280.3389182968745,581.2621583781612,52.0,3.5368788719168123,0.03299281043379841,0.23173037943774932,1.3016263733924032,107.20150315820236
236,5059.2208235688795,586.5832205148126,161.0,24.691571605363222,0.06616884457789463,0.1501509288675833,1.1766795234211511,373.1600840679038
237,1653.4217979064915,588.9244032394073,222.0,45.704315693788224,0.07484230875600188,0.31851722668875526,1.467388522737145,610.6748502747522
238,2573.4001267726235,586.0832466080474,103.0,12.541445767382854,0.05700825435783174,0.29776809422828676,1.4240309957165167,219.99350635545153
239,5265.26819928958,587.1875027436432,92.0,11.745929628084525,0.054625961598048355,0.18794110423340582,1.231437775281049,215.024674796831
240,2084.521528774707,595.8296686727833,317.0,108.6283471436289,0.09985588280874018,0.3181846425354933,1.466672742190406,1087.8512521059088
241,3657.470425306808,592.9592793827269,136.0,23.90948497682532,0.06479498567474287,0.29230726119708095,1.4130426174663404,369.00208755112436
242,3139.460582206968,598.1527096353276,149.0,27.646516208289626,0.06794402040690134,0.25221494377560183,1.3372826745817132,406.9013879767624
243,1944.732853911748,598.9032066128941,61.0,5.210479244872274,0.04130234929258183,0.22801953931858399,1.2953695733662927,126.15454893284024
244,2527.381456842171,606.0950295991761,33.0,2.7273777215226906,0.031845520158994285,0.14586101845549226,1.1707696541278765,85.64399978099853
245,1709.9284308024146,610.17541906787,116.0,13.927870934542444,0.05476642045753656,0.29000594128165236,1.4084624902427483,254.31406358466486
246,3648.1021228879777,608.4421614722024,61.0,6.61977101899724,0.04351078716775229,0.32452794164391363,1.480446137822082,152.1409160784716
247,4476.414909980147,611.6942856438599,193.0,43.97201590681884,0.08135027239250016,0.19142589090050288,1.236745016624008,540.5269658429896
248,2926.1283635541768,612.6729198571405,87.0,9.010381986032236,0.0502585516678206,0.2560802181528268,1.3442309566186996,179.2805738928879
249,4422.614505685577,621.1549282318633,385.0,160.2075441609823,0.1150317808707993,0.1371762105600356,1.1589851974863523,1392.7241928117523
250,3151.320260313796,614.2625650636404,28.0,2.2950472111343494,0.02928730538848572,0.23560698094132293,1.308227541417718,78.3632082464181
251,3763.310204763847,615.3399697160536,53.0,5.305315069010128,0.040047520757447955,0.30946950032369147,1.4481619573194198,132.47549333059416
252,4383.210877205746,614.970067885686,46.0,4.0654621419379895,0.03931826106104786,0.2577745197834963,1.347299475232654,103.39882874335953
253,4288.845374245437,619.1255790658244,65.0,6.660690243310015,0.04463267452608084,0.2769917251656082,1.3831100345691816,149.23350021110383
254,3249.919668477897,622.919071338052,166.0,31.403650555301258,0.07203111264429488,0.26694585833922635,1.3641557194321912,435.9734204076402
255,2603.257086314472,625.6895340578074,155.0,28.977920468181406,0.06975232765910894,0.26903860557596915,1.3680613061486797,415.4401930470515
256,3577.3838549115226,620.8579872100012,23.0,1.9065000656211457,0.026752248962251587,0.3364620255065738,1.5070727500765024,71.26503899957301
257,731.9044116256908,624.3656934250556,26.0,1.760623970380205,0.0257388582551929,0.5144707352589613,2.05960808672029,68.40334380508091
258,2971.590876658654,624.6080009297608,45.0,3.827904970916092,0.03637863289151381,0.2438238753982861,1.3224432344074746,105.2239918506955
259,4056.3160967134745,626.3866673231314,90.0,10.970665560559343,0.05148729759228314,0.26377654674567763,1.3582832706289216,213.07518696035845
260,2393.7555725408615,625.8008285677653,64.0,6.333209784953261,0.0444611325532335,0.20587544008657488,1.2592482974069197,142.44373503914866
261,5038.816014277053,629.4034551981247,26.0,2.1406374781464472,0.026771543855213038,0.3773091342056071,1.6059333048418143,79.95943340897823
262,4740.03333534896,631.5895078364316,32.0,2.665031677043637,0.03174466280174122,0.3593524232765847,1.5609206002377913,83.95211798871141
263,2069.261468737199,634.6117708932246,46.0,4.021622138571933,0.037745568238916095,0.20499093691820736,1.2578472956315434,106.54554497938639
264,2113.861282371864,637.1125149752872,79.0,8.815949302115852,0.0491536093251289,0.24184173088773708,1.318985811723603,179.35507530692882
265,5314.002720923521,636.9289702707873,78.0,8.476742992177218,0.0536744871844072,0.23377046483243413,1.3050919523499065,157.92871877944592
266,2042.4740968045955,639.7438452930088,74.0,7.3770552039519535,0.04761932286152694,0.2011741109301346,1.2518372447397481,154.91726384694343
267,4089.083333682278,643.9361606239534,253.0,50.3156985366544,0.08589476917311938,0.16524198287535863,1.1979519567173988,585.7830345319866
268,2191.855964390413,646.103905380417,215.0,51.883313852108806,0.07951574813815793,0.32031932171293265,1.4712791343726324,652.4910482130156
269,5062.196382203407,643.175817677315,107.0,12.397752940798572,0.05438184148846864,0.2180126818075403,1.2787931168902713,227.9759677396626
270,4401.668424307868,644.8298830579224,148.0,23.026050401679246,0.07098569392789468,0.21247908951620897,1.269807552647305,324.37592883248385
271,4169.559335249655,643.0771450075503,44.0,3.9777478675125133,0.03596637560535905,0.3417917431483153,1.5192759883978968,110.59629447121223
272,1044.2196879276275,647.1590436972399,140.0,15.911003614886631,0.05582929927262885,0.2937177092058486,1.4158644681230634,284.9937903964924
273,5261.785790556747,642.7030926016157,20.0,1.677282817683397,0.026370117190512934,0.3161250758738623,1.4622556913865647,63.605436622284934
274,1058.8366357576624,645.8367300403381,57.0,4.008321295686987,0.03579587050616189,0.3546533078427958,1.549554700059427,111.97719845916293
275,3271.3141215990254,650.1087083083338,26.0,2.1179563214810466,0.02842807800978259,0.3001609986735001,1.4289000728804255,74.50226922665055
276,1914.8503895577305,651.8379743994172,39.0,2.884026451982515,0.03166544559203939,0.10399561991206008,1.1160659726929607,91.07803152808157
277,3789.766486887233,651.9678036480508,21.0,1.686510845907457,0.025174883959900363,0.38977008852475703,1.638726619582577,66.99180217052059
278,2838.999393516581,656.5634230794618,56.0,5.42325503870272,0.039782063305932855,0.2273928127303061,1.294318790294828,136.32412670495975
279,3512.568217697146,656.4248742960051,47.0,4.57664015905724,0.03793867584069333,0.3389938072469668,1.5128451305956563,120.63257500801592
280,5202.332746902333,656.325380973535,54.0,5.579156700088695,0.04170576141526055,0.3423459906568742,1.5205563803964552,133.77424391171112
281,3151.55988987208,656.1809532494364,24.0,2.002992632684286,0.02706150258128088,0.26877043207703766,1.3675595789164716,74.016312533577
282,4991.523031122088,659.6376391131649,93.0,9.715865907230192,0.05068767041812124,0.21892667303466606,1.280289526573966,191.6810503833432
283,4735.474005390469,659.7343289425414,43.0,3.7359156013505976,0.03722809466246857,0.3344487313748501,1.5025138515109908,100.35204958036582
284,3375.01888222858,662.1910095790248,74.0,8.626336178929028,0.04657301194384699,0.2367028811562193,1.3101058228999602,185.22178014447056
285,2559.7449596288507,664.5578891967314,72.0,7.8665820155884685,0.04656357138092101,0.14442653584773435,1.1688067032219585,168.942840557366
286,3702.119863093702,669.2193048590017,43.0,3.8132898067799914,0.03624799256175602,0.3235814576909065,1.4783746119470569,105.200027292084
287,3838.6494281935716,669.5611242677528,54.0,5.429446352248689,0.04004431313381255,0.3231769839450539,1.4774911258615022,135.5859528444298
288,352.8499583742118,673.886714644363,100.0,9.031111098053682,0.050194075184214045,0.4614517542284744,1.8568438535481577,179.92384688649372
289,1945.5777750519376,672.5570649845957,66.0,5.961436945890415,0.04144683013921057,0.22548555171675932,1.2911314982135738,143.83336254828873
290,3079.4756832558655,673.5404880048862,108.0,14.199884829581183,0.057405989308467895,0.30454802022134864,1.4379138014939297,247.3589428670742
291,2832.3259040623684,672.2724889078911,49.0,4.714544731721438,0.03744314630749131,0.16081585472396054,1.191633571283764,125.91208796943947
292,2617.5242424010435,674.1986931213828,32.0,2.6373329673784784,0.030882483991023515,0.18091711593702275,1.22087766629868,85.39899083717039
293,1180.5479051222314,680.8362736926724,107.0,9.37922555942676,0.046407994732833,0.30676461210943773,1.4425114722473822,202.1036593677919
294,3994.3320268452103,677.9314726886465,25.0,1.9812399251312647,0.026849001835768535,0.41461714219844537,1.708283709836616,73.79193972462079
295,5198.035294366649,678.7543712422367,40.0,3.579574349082985,0.03634456197565396,0.2680669891777486,1.3662452508824585,98.48995708025937
296,5224.3602743977335,679.6924523530716,25.0,2.162031370750731,0.029293587143068057,0.3348517424075983,1.5034242194659602,73.80562032882843
297,5433.811114155833,679.4254773775357,30.0,2.530940617902631,0.03390080090473919,0.20386378094680324,1.256066457055864,74.65725146183246
298,4078.4854014527173,682.9476102921565,86.0,8.063292346267314,0.04971134903671287,0.1920078587098396,1.2376357997780167,162.20224360261082
299,1586.045349047925,686.1059316366621,120.0,12.903572931581571,0.05148888261688656,0.2502463301576293,1.3337713974914476,250.60891353174654
300,2080.3154509359024,690.7450537858844,121.0,16.694931991890297,0.05690247942667763,0.25708805867945494,1.3460545515293163,293.3955103556208
301,3623.033183719431,691.679996411662,27.0,2.249052388934729,0.028668403611275258,0.3513707669637942,1.5417128138351748,78.45056248790145
302,2130.1234029374195,698.8593754638788,122.0,16.166004846658435,0.05613442413804988,0.24805950476829264,1.329892466679633,287.9873641689423
303,1531.3548699409607,700.8077651122042,145.0,16.931731097342567,0.05554341214401661,0.26981016047837236,1.3695068677689821,304.83779162578026
304,4075.555602663576,698.7785413382536,76.0,7.833571024713383,0.04669738841895549,0.2711713218918903,1.3720645606259563,167.75180133057646
305,4767.758732075579,701.1546535875634,183.0,31.304065453836333,0.07642336159625647,0.16709052832897453,1.200610671401958,409.613824882701
306,2944.2358477545517,697.2276497588564,27.0,2.153412352283416,0.028801956646843454,0.18914560238859845,1.2332670365305778,74.76618268291918
307,3462.786678356673,698.725830003024,56.0,5.171619785702887,0.04038608680394963,0.29419092458429985,1.4168137458575893,128.05449091435915
308,3842.135063187538,698.1185847893904,35.0,2.921317146644823,0.032072694202995876,0.3909549568573729,1.641914684733455,91.08424531332157
309,4846.842173597742,698.7466593280215,48.0,4.2058362749568,0.03797681065483105,0.30018359373937786,1.4289462079681297,110.74748517413411
310,4263.78825109361,703.608593822077,57.0,5.515601830746596,0.04317802561275644,0.3416917764452694,1.5190452803402685,127.74094582771002
311,2822.1268016885383,705.559446890625,75.0,7.964986640286801,0.04703507558204445,0.23166615531236412,1.3015175719697045,169.34142321921598
312,2691.529578967487,706.4948388970308,23.0,1.7512786613297902,0.025763077700649156,0.1367938800087598,1.1584718607070905,67.97629854936403
313,4039.5082159621015,708.0687016082114,22.0,1.7344913135577174,0.025103698301650174,0.34476504929522345,1.5261701148944986,69.09305922640497
314,1194.7477845204992,711.5481761743583,46.0,2.8958176520438523,0.02938621713062097,0.28096753916785866,1.3907577953333192,98.5433966941719
315,570.7294224180391,712.3555295222714,50.0,3.462881733505511,0.032421664472468886,0.2739621087255594,1.377338582487291,106.8076482145463
316,768.0560153223342,715.7052463766453,147.0,14.40793417383881,0.052580234333841624,0.30476321943052886,1.438358884265151,274.0180669861639
317,2523.4726197151267,716.7633729035657,175.0,17.86173602372405,0.0708023418465784,0.12080190145071268,1.137400094074408,252.276062597317
318,5306.599858821949,712.3805710898337,57.0,5.877524714141456,0.04634498479476454,0.2846930736255656,1.3980012818672753,126.82115961780235
319,4185.355798246971,716.7063566184994,135.0,20.964337419716646,0.06421905035583382,0.2515312571340439,1.336061137531151,326.45044271994897
320,4809.863013659527,714.1759654740486,43.0,3.7886198251016605,0.03663333743283762,0.4134514195836758,1.7048886202916282,103.42000185070754
321,3126.3407241672817,715.1049120005166,26.0,2.146808274465427,0.028563525000053165,0.2970867181599537,1.4226505969303311,75.15908048678975
322,2508.9328101680103,717.8216997657452,36.0,2.5500158335723855,0.032017775373692284,0.1788696739637069,1.217833476967213,79.64375425244663
323,637.0077115432687,721.0814193079552,61.0,4.182474287058551,0.03498288602251694,0.4424227171553109,1.7934733547574355,119.55772557948698
324,3287.140638327984,720.2193668299675,61.0,6.273130313300777,0.04320764365525584,0.24903470074758316,1.3316194516517559,145.18566120737077
325,1446.2152833420112,726.3138115677839,104.0,9.588193139017077,0.04541026135564558,0.25824167403947074,1.348147995110219,211.14595804512
326,3040.666412625605,724.5564416805692,51.0,4.568362906266693,0.040149608514806125,0.3483049778106402,1.5344600863153977,113.78349815246644
327,4338.295163734615,728.2388734229828,210.0,48.88557934989721,0.08490834609113304,0.17118106544541167,1.206536142345017,575.7452782960557
328,3103.8416986066413,725.4824893141737,60.0,6.572323296313871,0.04350864532844713,0.22595040840776626,1.291906889251091,151.05787014740054
329,4790.687082935137,724.3095382865363,27.0,2.248826584155845,0.029296580182237027,0.4159086867815768,1.712061072248897,76.7607198576489
330,3724.5305054461132,724.9719818601554,24.0,1.993327665660743,0.026787426179305376,0.3803835236543377,1.6139015635893694,74.41281041030692
331,2780.730011439523,726.3855652889547,31.0,2.4955104710648035,0.030185875398011434,0.1355782482782154,1.1568427078658838,82.67146266790729
332,3708.777488894197,726.6583445850507,29.0,2.4436304342398043,0.029428397337071782,0.3854451618867658,1.6271940890907868,83.03647685093249
333,4889.720084671876,734.3930740233526,73.0,7.459293534047804,0.04670570226937512,0.2985344664398617,1.4255867924468275,159.70841185571584
334,252.51329254745167,737.6107344767232,82.0,6.949242016089652,0.045447377177203305,0.3952922034233065,1.6536912632201735,152.90743817831222
335,2970.9892739342545,740.2157717651386,106.0,15.270853037077664,0.0581830544760033,0.23665620919591612,1.310025721106121,262.4622095661185
336,3753.645706531565,741.7775199089435,43.0,3.5405503177316864,0.0356406073445593,0.48907059885254855,1.957217568130133,99.34034747228198
337,5478.139826907124,741.6422402199166,32.0,2.8263084287206253,0.03518596131512158,0.15183585284545942,1.179017060972036,80.32488876482638
338,4562.649627684786,746.2217585802141,48.0,4.38732461861219,0.04026646151422474,0.3692617951470335,1.5854438375634998,108.95729233775113
339,2986.530106428387,751.6310245809534,164.0,32.643917620591225,0.07258200951339065,0.286405405284752,1.4013559062888346,449.7521884478653
340,4341.585910849442,752.3413565560933,200.0,42.80370574761446,0.08329150566218167,0.19666548627610791,1.2448114489248774,513.9024130650263
341,3791.6364385872325,749.8850967762077,53.0,4.835364141085087,0.03928313919626696,0.2907349633218085,1.4099101863013743,123.09006459301976
342,4990.502422556408,751.9890242876435,153.0,20.241949169621122,0.06646411033181096,0.10427619039656644,1.116415561670436,304.55457943492473
343,3424.655073451514,751.3884589771416,36.0,2.9695524183523556,0.03171655411988546,0.35525838646225727,1.5510089297834049,93.62783886067002
344,4448.253003228055,756.8137346381988,88.0,9.742685942787938,0.05481196284401618,0.2066966806879591,1.2605518918882228,177.74743755325204
345,4581.297104656299,758.1823147684789,162.0,23.852776924926765,0.0738634530186211,0.23495829633951149,1.3071182854677184,322.9307045652664
346,4828.115479468594,759.0004446297482,143.0,20.349581956637223,0.06713586120285364,0.14132335654771389,1.16458274208965,303.11046275477366
347,1939.881932672493,759.7871478205085,42.0,2.7364109375337926,0.03022658486350786,0.08422100570432212,1.091966518372805,90.52994077532801
348,3675.2577162649127,760.5285337231512,91.0,10.720615871989983,0.051691755925766726,0.28338887715507544,1.3954569893222284,207.39508031775122
349,4017.014332195163,760.5915133106954,68.0,6.766653050096882,0.04419639582162111,0.28939455925349444,1.4072506944915586,153.1041824633718
350,4260.17241248685,758.9882985598949,35.0,3.201716095210135,0.034519529849720114,0.40957618337557744,1.693698614187366,92.75086043027596
351,274.97791202333843,763.8929090679883,108.0,10.8504630451512,0.05220758750965868,0.40049692279143934,1.6680481519065011,207.83306723651626
352,3038.056307271566,763.2942554245509,92.0,11.998894897569288,0.054434401455148,0.2466572460633032,1.3274170286690377,220.42852638796714
353,4205.547216046092,760.5271618899126,32.0,2.5805361772738755,0.03233563301346917,0.3007279992001566,1.4300586879728876,79.80472119407627
354,1271.6535076679515,768.0775852450067,270.0,53.31695968029127,0.07033032710108529,0.3198660659991761,1.47029864267703,758.0934410223796
355,2150.1977571201746,766.8745917105616,177.0,32.266703393570175,0.06596046719509711,0.2621015470569549,1.3552000224578127,489.1824567908546
356,4178.78109606418,765.3414395670119,43.0,3.942911368696022,0.03714918841113674,0.31084192101765606,1.4510458928039638,106.137214225493
357,4126.476774089945,769.485177280673,72.0,7.40534331032689,0.04718102724628753,0.3111547255579473,1.4517048125356957,156.95595756469214
358,4732.823763448689,771.5913204276632,82.0,8.492552800198055,0.05184330741776201,0.1929067881830645,1.239014261746535,163.81194069590603
359,5022.256708716135,773.172619286574,36.0,3.2226076232400493,0.032603836533126214,0.42206600914327186,1.730301411269481,98.84136242573199
360,422.1680501819827,776.6238589170134,67.0,4.590943126664403,0.03789040472116387,0.4482266664573621,1.8123383991385398,121.16373948626918
361,2836.3803021628637,773.9015722695019,23.0,1.8063103417150483,0.026843055628868084,0.3201790168791343,1.4709754844713427,67.29153218206912
362,693.2989695205056,777.2631799255548,73.0,4.5394914835159845,0.03663967263488496,0.3375193157622576,1.509477972403997,123.89552517982635
363,3477.7167146881065,781.0637864611416,131.0,18.894348585942385,0.06124042121495834,0.2740794745207811,1.3775612686248906,308.5274106724682
364,1430.2625600686995,784.7024546983055,176.0,23.327127121441578,0.0575389437874447,0.2753506930086701,1.3799778601209156,405.4145868164455
365,4533.852923863157,781.3867293138279,64.0,6.734825870071678,0.04656127155032928,0.28714158814172996,1.4028031140057855,144.6443717240804
366,1588.9885313644145,783.2970868020896,29.0,1.6446398045044106,0.024005733975397837,0.2014824910114722,1.2523206927130346,68.51029034104569
367,3436.0984068579955,789.606031398563,111.0,14.31637065344938,0.05580088423305966,0.25923889795327126,1.3499628925398381,256.5617167221794
368,3591.386027475404,788.8818044006002,70.0,7.31284873697242,0.045353223794001564,0.32380416403778367,1.4788615173546806,161.24209317926415
369,4219.574533043767,789.2168793717102,76.0,8.0069529100158,0.050737691207273825,0.1941312391818052,1.2408968415461403,157.81074620257675
370,1146.0455105667615,795.6793716237058,178.0,21.50154752733662,0.05728139280889521,0.2966407626470151,1.4217485843555422,375.3670515497251
371,2933.480830092559,796.5458587725141,107.0,15.323439100296714,0.059115684073885,0.24589859094195232,1.326081595907778,259.2110594735723
372,1487.0854171588223,796.5415847522588,58.0,4.056597787848693,0.033250861903473254,0.1629343693584795,1.1946494556628826,121.99977852077744
373,2547.16693008679,796.5806492323482,73.0,7.93095428232245,0.04622549841879887,0.18334317601145822,1.2245045539643107,171.57098470780596
374,3034.330115711807,799.0747516587094,118.0,17.460175754284027,0.06198882340924239,0.2602021735791623,1.3517206516245495,281.6665133166692
375,4501.64500742705,798.1146792687689,87.0,8.487169792483089,0.05451283637265105,0.16441727259555683,1.1967695922895432,155.69121618373686
376,4082.6203090249614,796.959280745345,40.0,3.4884619628257827,0.034979551967981026,0.41280667815698713,1.703016643413652,99.72860618738028
377,2176.873853418813,808.113504146678,269.0,70.98715992368486,0.08255630151984908,0.31403143123813193,1.4577927408612026,859.8636157000972
378,4812.416988352701,804.5845750984126,96.0,10.501160483491107,0.055437730763009806,0.2426691891906645,1.3204269332860386,189.42262496966933
379,2522.57869062436,806.6664119886115,34.0,2.6256160288579062,0.031452428448239166,0.25908904204727967,1.3496898504014472,83.47896039820412
380,4278.839035976232,811.4388076883416,109.0,13.28330033495109,0.06175788538701003,0.2804689106677366,1.3897940128313515,215.08670919851573
381,5146.575233765327,813.5450064267992,179.0,26.04283980346877,0.0738662803422576,0.28603627222661765,1.4006313781775308,352.5673647407167
382,4125.831647498007,813.6138375520809,92.0,10.358443701615478,0.05440774444753312,0.2858394833713154,1.4002454304260181,190.38546454732025
383,4621.181552070387,814.6348376161185,129.0,17.667266301080893,0.06546160516765544,0.16819257370896035,1.20220133698363,269.88745931042774
384,2605.3131155510223,813.6751588576233,54.0,4.725906925865327,0.040403126110792,0.06852154524020015,1.0735621365046706,116.96884327480292
385,4160.165416801346,818.7190358722451,44.0,3.986958396832938,0.038222043957186536,0.4034951217877091,1.676432224656692,104.31044455128641
386,3626.832903410179,819.7172670920894,26.0,1.9066847429444402,0.027442535764209304,0.388044619198315,1.6341060661807758,69.47917493219225
387,2365.766447913933,828.9635303473233,244.0,51.55720779854113,0.0842984526494462,0.23992063195279523,1.3156520779786447,611.6032522321728
388,4936.295242533574,826.3589089766932,150.0,21.077607054999696,0.06832084297051495,0.17907235741267868,1.2181341547329259,308.5091772666813
389,1900.0680869665835,829.34430920581,228.0,42.63453400415412,0.06887534419076018,0.27817827238332526,1.3853836227704308,619.0101044877779
390,5069.939462731945,823.0721243300285,20.0,1.5934219462193642,0.024856742807564315,0.3629016809468174,1.5696164470911493,64.1042134343708
391,3685.262095817873,828.8703993161897,67.0,6.854116112144304,0.04361531049472119,0.2995217184995459,1.4275960103401888,157.1493137249101
392,2981.886069777988,830.798330305037,70.0,7.669138712784991,0.04791061374623654,0.30747394513711723,1.4439889921513434,160.07181108982172
393,5096.994948270104,828.3425617806872,20.0,1.4384342056280466,0.024758730809100286,0.40018510136310637,1.6671809957914434,58.098059093535504
394,3402.8701567473063,833.1403445700603,151.0,24.932426753769967,0.06515587458146765,0.2527544686577269,1.3382482170267456,382.6581549848695
395,3265.150843314919,833.2820075260889,30.0,2.5430548439754523,0.03059171784082053,0.23598849846658776,1.308880819193096,83.12886700929518
396,3353.188224862388,835.9236402449335,66.0,6.148337735916531,0.04365906124918628,0.30108393812278356,1.4307869779299436,140.8261552126507
397,3950.6739450483465,834.0070207907124,25.0,2.049913817928619,0.026415634536295588,0.4148278254926463,1.708898754186121,77.6022932597738
398,4443.6182622507,839.0067061945615,116.0,14.878921570350952,0.06356311285002586,0.22630720983875052,1.2925026738217176,234.08107160291314
399,2084.252087827607,839.347254682271,62.0,5.027981348091875,0.03975568474189655,0.14205494385383577,1.165575805625523,126.47200974488898
400,3288.365183182905,840.6734792379319,50.0,4.669074194152535,0.03913651657994146,0.1810238076872681,1.2210367155803021,119.30224256457112
401,3900.5313523742184,844.158648953172,43.0,3.5220990010633835,0.03426731596139827,0.35816328019006927,1.5580286529822311,102.78304274052238
402,4968.302373534639,847.7146545612412,155.0,23.267576261837167,0.06994660419684302,0.1762257383817477,1.213924792983412,332.64768931966717
403,2913.2281780102203,848.0232543030812,25.0,2.0426085299011962,0.0286719629473605,0.23225685967375254,1.3025189643180093,71.24062393814009
404,1131.1100583522737,853.689974178835,146.0,14.253993878322346,0.05219355951637394,0.2761847779197728,1.3815680708206501,273.0987119943533
405,5253.495374172541,852.7666166565474,56.0,5.3306240533798315,0.04410054756764497,0.2612429337289768,1.3536249542053602,120.8743280387458
406,5497.05370266872,853.7373599730299,20.0,1.578637347070004,0.02783063230962596,0.23169629802129244,1.3015686341541455,56.72301403385615
407,3259.690917635379,859.8843028397748,144.0,23.55646858909041,0.0673218333141637,0.2514175196813283,1.3358581402737342,349.9083050689057
408,2803.5717590297854,860.8357671727753,55.0,5.438816056792203,0.041817944284601505,0.23129179863122107,1.3008837400451534,130.05938359325143
409,3339.952356872771,862.3374201891085,63.0,6.1566541745748715,0.04296603739422717,0.21253825698020812,1.2699029620983964,143.29117945147223
410,3877.746027648964,860.7552669951401,30.0,2.453648268900242,0.02847435264685749,0.3838882687805786,1.6230822257202906,86.17046713337778
411,4332.907957360303,867.2779266860832,305.0,104.61244693091479,0.1035388930151838,0.18668509578621773,1.2295360564757916,1010.368605308283
412,2123.8441262769034,864.3850906345543,100.0,11.195220637580773,0.051182285684173996,0.1949790943434161,1.2422037651114028,218.7323306868734
413,2089.748450761503,866.2029329130788,94.0,9.833664788875968,0.04939993524133512,0.1601053072276437,1.1906254541258763,199.06230121224337
414,3514.309043075722,866.0421285595905,74.0,7.480061529580882,0.04586715603960812,0.2904122423889123,1.4092689583126685,163.08099684928254
415,2170.436070850445,870.8107623899164,73.0,5.797646321832343,0.04367918771565202,0.28373399687454703,1.3961293648399664,132.73246653702793
416,906.2519674685597,878.1120794731546,187.0,20.257429681498685,0.0569594607919441,0.2542720313570178,1.340971563423754,355.646443976937
417,5005.205960909603,879.5285686069388,72.0,6.501770902151202,0.04806166678813392,0.24574883499509736,1.3258183035003996,135.2797632011473
418,5193.986727644547,879.1525570981169,68.0,6.554985681850903,0.0461375401557335,0.25788307768213714,1.3474965600793576,142.07488435068458
419,5416.737559767466,880.9774382814044,157.0,27.107706349181793,0.07832203859203697,0.19834717937967716,1.2474227923581622,346.10573009188556
420,4955.001927423822,878.5839425009168,23.0,1.7769419830529338,0.02705459844575289,0.39751539998821606,1.6597934619083063,65.6798505664712
421,4266.4655325268395,882.3357485319253,23.0,1.9903976784600284,0.02820902061751344,0.5436289266692427,2.1911993516627746,70.55890757243444
422,4137.109395132043,884.7812227281399,62.0,5.900996205038285,0.04433793045505788,0.3638990925770773,1.5720776190233177,133.09137671682024
423,707.661599100031,887.166189897147,110.0,8.5945409664204,0.04529016102778075,0.21480628909836152,1.2735710769406179,189.76618257436868
424,4938.630506028329,885.7995986394764,59.0,5.329776548451809,0.043300512901698555,0.2545331159015318,1.3414412113146406,123.08806966216646
425,4785.4801860228445,890.4920256092444,34.0,2.95366440999073,0.033103773123012666,0.3782060779260782,1.6082498790991964,89.22440348461181
426,3315.121994352221,892.5641762552053,49.0,4.191538567720818,0.03843279625382302,0.19955542297154005,1.2493057342113079,109.06150413929025
427,3993.3864037753387,901.3477751475676,250.0,64.25219860390527,0.08431475416589933,0.2082052281080169,1.2629535272258912,762.0516627194502
428,5464.7378278508295,897.7635205524233,48.0,4.356187464829318,0.04307274188967216,0.3284086644794454,1.4890007465997066,101.13559698584758
429,2389.3139399820175,900.9949867430435,89.0,10.695572196409218,0.05191548407697014,0.21688805151579504,1.2769566368328367,206.01892453804172
430,1021.1163322168771,903.3445426479859,115.0,9.219639053278666,0.04534380568410864,0.19812051521120055,1.247070188188418,203.32742067368676
431,3467.693692840923,912.9357170820916,275.0,79.60911134002214,0.08741842603339724,0.19678099025825735,1.244990454498242,910.6674067731254
432,5035.790646578893,907.0374575566757,39.0,3.2642622274698603,0.03536098774229723,0.2959825159606061,1.420419268939696,92.3125295950174
433,3062.6174193171605,907.4749527311776,33.0,2.6712865815925273,0.03291483627684131,0.07440734827209716,1.080388870993296,81.15752298218264
434,1694.4631680261111,911.2364299624912,73.0,5.757159149404733,0.039550547082170075,0.07783831310908762,1.0844085307550795,145.56458947188972
435,1513.3856622406404,911.9577630359873,33.0,1.930027216903852,0.02500591549768046,0.19716658702173195,1.2455884170170544,77.1828256831021
436,4294.839658383795,914.998801449367,22.0,1.7298855409850027,0.02759560489752949,0.5249385851812811,2.104990994441414,62.686994809810145
437,4933.867116725079,917.3462825930866,71.0,6.139911220443422,0.04759776393473183,0.33235685428085193,1.497806135525971,128.99579124899105
438,5459.821553108704,919.4991351055065,50.0,4.582363594780439,0.04390275933431191,0.23098808955079098,1.3003699766052546,104.37529814211753
439,5037.253419886992,922.064908962457,60.0,5.223041945739452,0.04379333936744915,0.2765726268767573,1.3823087667843066,119.26566964705258
440,4520.620902991946,923.1940686518205,28.0,2.41591566029336,0.030514857933920957,0.45528652624036337,1.8358275463574558,79.17178135074249
441,1385.7662905786335,931.8807697911287,162.0,17.952408088999437,0.055291239925218845,0.24356173970887185,1.321984955672566,324.6881081574584
442,1988.9722669673092,929.271720539927,76.0,6.852963398326432,0.043820281351955336,0.14439299307192932,1.1687608819267983,156.3879369756863
443,4804.448860347454,931.322359070674,79.0,7.565873534658994,0.050376049112024285,0.27797048531434365,1.3849849343559884,150.18791008866737
444,5505.206415725046,930.0536359405868,29.0,2.658787830594818,0.03351343500996778,0.31107346347385745,1.4515335772119051,79.33498400877214
445,1962.751001595279,935.8463222882823,243.0,54.86804118092612,0.0780882581244076,0.27645834203338737,1.3820904283663848,702.6413765500082
446,4004.6381974231754,934.800754209928,186.0,35.41385077042076,0.07268567692896713,0.22350726981083247,1.2878420635778292,487.2191092755362
447,2391.7488474139473,934.0575549783566,112.0,14.198202396097978,0.05828253267919361,0.14222660080567517,1.1658090597578141,243.6099075215141
448,4206.35266474161,933.5478195433486,42.0,3.688468889345575,0.036594742201143504,0.4658889612955672,1.8722698606373154,100.79231789834328
449,3982.5175273665095,934.7050163371244,66.0,5.558215871223169,0.04305821919001328,0.18382529453214402,1.2252278749888112,129.08606012466757
450,2455.270804878075,942.3654009705406,63.0,6.224665061598803,0.04363270807537756,0.19461734050585144,1.2416458042790346,142.66052546739482
451,2711.1320346199627,945.3737769387378,37.0,3.2151330603115467,0.034052287686607736,0.21075249318851075,1.267029659732392,94.41753487757626
452,3094.2712667806236,945.6495388045198,56.0,5.538095791263445,0.042831328258892395,0.12367446232148072,1.1411284471397556,129.3001178433839
453,2636.1836860525873,952.4605660092827,73.0,7.34279826286089,0.04711259349673273,0.1605370981401718,1.1912378710059757,155.85637974632226
454,1728.9899644722443,953.8491072947796,79.0,6.394648445454198,0.04254905827947323,0.14058105162621604,1.1635768584020951,150.2888360878046
455,2062.510510768912,954.729133372982,107.0,11.818081155423222,0.053207268280011405,0.23539158719279807,1.3078590076305538,222.1140370001474
456,2322.699134836606,957.9155840127314,142.0,20.76950548338538,0.06420899651928014,0.17128957992951377,1.2066941307615568,323.46721813584
457,4312.2030635268375,956.8713407602194,38.0,3.3418142447985435,0.036148283154848686,0.4296828907351652,1.7534104864731241,92.44738485872725
458,4958.318388011122,959.8286323518331,99.0,10.195601265430419,0.05636013410174452,0.14066526494604448,1.1636908869245377,180.9009404950091
459,2442.289343503905,963.652864495842,47.0,3.708507543538387,0.037796633372330496,0.08505954767788304,1.0929673045518997,98.11740392342053
460,2853.551248955329,967.5759902410475,203.0,46.76119249922657,0.08144124158449795,0.2763727800001924,1.3819270093243117,574.1709186826469
461,1228.9610122410088,967.4803603147499,156.0,16.423226378779162,0.05254979558971994,0.2204911264432573,1.282859033325946,312.5269317316233
462,2270.055019296206,968.5346444595584,109.0,13.649240558759484,0.05498026556522828,0.2133662692764301,1.2712396645897313,248.25708676445188
463,2463.970383855407,966.7545915653112,60.0,5.366516362458909,0.042644326871035365,0.14884862718615566,1.1748791483400574,125.84361757399256
464,5104.092236322925,966.4458987343589,41.0,3.160026699559078,0.035243114029113155,0.3487848267616406,1.5355907557055302,89.66366300516708
465,3408.7927303363963,966.4196666917506,36.0,2.8252599786863586,0.031448817215752066,0.24837324035007513,1.3304475754239466,89.83676426696404
466,2035.2118402203746,972.5286881454108,112.0,12.698865519745187,0.054318459206605434,0.23729276820337042,1.3111190746735213,233.78545167203367
467,4793.2882660514015,978.9846882842058,394.0,165.44195117145603,0.1125860148320918,0.1168537652978715,1.1323153071442176,1469.4715983880624
468,3144.957591046741,974.6262813850759,94.0,11.158261920624165,0.055507367060422495,0.2776313894558362,1.3843347916885467,201.0230805665462
469,1291.112530337703,975.9900367692368,96.0,7.802489205403449,0.04177639006729807,0.20307962538633206,1.2548305098671637,186.76791347539432
470,3648.943656414548,976.1376323065659,64.0,5.600986228560828,0.04170246422726715,0.328511171523733,1.4892280520424828,134.3082796747206
471,3969.5488890596157,976.7471053712023,40.0,3.2855367105957485,0.033303393572193696,0.3708155933868462,1.589359160032136,98.65471227349549
472,2735.050334138976,980.413727721661,50.0,4.718057453236133,0.039883992169736836,0.060991899022676765,1.064953538695988,118.29451357720653
473,5355.944688936062,979.8711158295208,40.0,3.5323453350540257,0.038318112907200164,0.2696381754225723,1.36918437731679,92.1847415505235
474,4905.856961550142,984.2675123394686,108.0,11.693570328946008,0.05922670580947922,0.19649275325185478,1.2445438470493897,197.43745948933827
475,2249.5186279971613,986.7246467065145,112.0,13.980986888457908,0.0556965887877791,0.1956830451373952,1.243290961298736,251.02052374750832
476,1705.5867767808243,990.9265884854237,218.0,35.975213895218104,0.07133388698636182,0.2832000547150828,1.3950893922048433,504.3215141507167
477,2546.6533193305413,985.6340143075499,26.0,1.9148979570559053,0.027974029412899656,0.11773453008403278,1.133445696446951,68.4527040703292
478,2347.7639118959473,991.6977630824074,77.0,7.335864601641108,0.047977532640540346,0.23251497512761776,1.3029570188242832,152.90208140971396
479,2606.5666508555123,998.8518752345361,172.0,26.771799848797286,0.07210110146844717,0.04828264238090352,1.050732123349827,371.30916592880544
480,5051.8784840345115,997.1275614823068,99.0,10.14900601134748,0.05476898667694279,0.21700879870910983,1.2771535597735135,185.3057108982466
481,4350.258804577117,1006.3414026454344,441.0,176.9273458800472,0.12229993799657093,0.14540237497633823,1.1701413281745459,1446.6675026851437
482,4761.505129825617,1000.9735110243791,30.0,2.293373443200645,0.031072982345907604,0.32078593601900696,1.472289890669849,73.80602922727462
483,2906.066855922677,1004.211981216874,102.0,12.307062718184588,0.05795274696545319,0.2351974243353614,1.3075269773130236,212.3637508593178
484,4005.6496270680236,1007.0287681741271,63.0,5.767903398176449,0.04207864563897222,0.3494927994284569,1.537261999746334,137.07435946641678
485,4110.575366743099,1006.4968841933917,42.0,3.4564964254747554,0.034386466242040156,0.4561476994638167,1.8387345222482303,100.51909379536409
486,1222.6020398959495,1010.2045527988753,134.0,11.337813059122013,0.04892591971922212,0.2115394243595614,1.2682942316903232,231.7342857157898
487,1910.1942360939909,1010.92504782905,35.0,2.361348614435347,0.03004565085287301,0.14684329478490887,1.1721176120252,78.59202737854991
488,3265.0926462872176,1014.3491162270551,129.0,19.653743512765146,0.06429033042806118,0.2247242203889247,1.2898635895753894,305.70294758022834
489,5248.087243445661,1013.4488830728382,41.0,3.0535416751426214,0.03520473918483414,0.2150241650629362,1.2739245662004055,86.73666517200212
490,3751.302729494535,1018.0713951336492,26.0,1.9185181471138069,0.026344272471753784,0.2944328128004886,1.417299469337755,72.8248673092352
491,3402.658284546248,1020.8230262549027,30.0,2.147740162505425,0.028601000534119445,0.27748576599280395,1.3840557776333584,75.09318283964532
492,2409.5473272580357,1022.9891017764274,65.0,6.093697046998204,0.044624332424558294,0.13833883904657363,1.1605490015280508,136.55547805225282
493,3223.350446842457,1022.3854619335345,40.0,3.4989768761571343,0.03617822933832189,0.2503794622532879,1.3340082743809352,96.71498412584923
494,2034.2492923586574,1028.1967027481244,34.0,2.4738387753006594,0.029908244324380422,0.13671592617591777,1.158367251662953,82.71427598590434
495,3942.249944788896,1031.6963419030656,110.0,12.051055954206193,0.05470054405178039,0.25174477991073596,1.3364423971284876,220.3096178129138
496,3351.937718518558,1036.9150269742038,116.0,9.726855941591595,0.05775232333530838,0.4981437574845965,1.992602493072121,168.42363007835615
497,2249.024473205939,1037.9216953982932,156.0,23.227883708252918,0.06726529152346632,0.2232816759078995,1.2874680163737497,345.3175208517395
498,4726.07671947161,1037.4043367056056,49.0,4.228711670827323,0.039690876908968185,0.40751982209287185,1.6878201791195637,106.54115001102035
499,598.3015106924863,1040.8115756865845,76.0,4.936844153126326,0.03972548248156987,0.20197520389282442,1.253093894924161,124.27398850137847
500,3326.487718946084,1042.138209203764,68.0,6.488011776350734,0.0449705826965074,0.28321956881219135,1.3951273730267102,144.27235288758266
501,4793.164085780833,1046.6392262088552,140.0,16.386603283039925,0.06708484088871455,0.1423749810913677,1.1660107598919474,244.26685769775128
502,4812.797920791734,1044.8342880791047,70.0,6.591317507730344,0.04759591413704118,0.2537900749759363,1.3401054669270878,138.48494408054026
503,2331.6978068704652,1046.5387124015576,40.0,3.1487178602498953,0.03470788300437557,0.06472365314234463,1.0692027050184723,90.72053918854519
504,3718.413054823843,1046.8025368780443,60.0,5.151812820901153,0.03995108279689473,0.3070650347406587,1.4431368745055824,128.95302105057306
505,1661.56841435035,1050.633977191367,33.0,2.0557867812179036,0.028302373268971063,0.1423816090839214,1.166019771254945,72.63655106519772
506,4237.297198422925,1063.3032020614316,266.0,40.03566907200915,0.09133847035919242,0.5446595356651892,2.1961588708371464,438.32208832233755
507,1724.3823473496134,1056.2180348342865,91.0,7.775936074842087,0.04770261705945512,0.16059258908024432,1.1913166205005026,163.0085843120597
508,1393.9933431192876,1057.089313945319,79.0,6.141381595707324,0.039208504244887574,0.12123432542660106,1.137959787158795,156.63391690102802
509,2408.4300195433634,1057.335419318011,58.0,5.265777262654274,0.04210418090292991,0.1473055615399158,1.1727530459867206,125.06542461411104
510,2501.3711848701314,1055.7978954577982,26.0,1.9210098657494261,0.028272026493050037,0.1766741471906229,1.2145859340961662,67.94737074194727
511,5399.954977446602,1067.1352017663705,37.0,2.8699683255517354,0.03311556016572465,0.2850482993935721,1.3986958827453546,86.66525075188724
512,4506.72098523921,1068.994344581555,62.0,5.58174121438157,0.04472809536917238,0.28467104930892717,1.3979582387011025,124.79273191294062
513,615.6054467912785,1072.714262535845,155.0,14.581768752328168,0.05694017422002277,0.1388789508861379,1.1612769203923787,256.08928936505697
514,5367.314330387066,1073.582725970879,135.0,15.663386944069098,0.06086442795121089,0.21482566198887754,1.2736025002205744,257.348790932939
515,2361.4233742028327,1072.5810726223312,42.0,3.2692446873549685,0.035633336241704,0.1417267476467552,1.16513009960192,91.74680319517093
516,2806.1326017523725,1071.115695838561,26.0,1.9363763498048612,0.029071051035116088,0.1767706952753877,1.2147283803684823,66.60840529865379
517,4495.337240150458,1076.3835307695408,79.0,7.814910230892258,0.05048599716723448,0.2721668556855511,1.3739412773540383,154.7936194070888
518,5006.659551436835,1077.6831178483385,77.0,7.1503166873686546,0.04810779943360472,0.2712863086854663,1.3722810644549444,148.63113199008532
519,666.3034649107941,1081.2506697560616,159.0,15.609758639696595,0.055664572273308205,0.1835621293802815,1.2248329431864158,280.4253765402892
520,1775.4370801352768,1083.0562824769747,85.0,7.7053838391829705,0.04659617173025546,0.12530750098904475,1.1432589179977355,165.3651695634852
521,4703.693596840436,1086.9461874897538,48.0,4.178502853584676,0.03921490044857639,0.4527929142781719,1.827461716218252,106.55395795442769
522,3394.886001626945,1087.859460966909,67.0,5.011214011741084,0.042823900181946845,0.20344396862547742,1.255404466995772,117.01909425460617
523,2001.5028268294361,1088.548103925131,50.0,3.692648108630195,0.036007406345555604,0.04959696412077996,1.0521851911751288,102.55246026866301
524,2976.72955887824,1089.4086406141787,69.0,6.9017158347568275,0.047657930201412124,0.20954803525063348,1.2650990124581145,144.81778385231524
525,3505.3777802807303,1093.9035976710168,74.0,6.35748577394249,0.04400718566547513,0.2520119490770417,1.336919752616474,144.46472042701234
526,2578.835685606806,1098.833743208855,62.0,5.851035042069078,0.043462345672132315,0.19729876556857284,1.245793524546308,134.62308468594028
527,3791.0645843826255,1106.8072491351488,41.0,2.8510969902395153,0.03320330834769724,0.5258990955495906,2.1092556259921653,85.8678587200859
528,2544.0050053883906,1108.7361537662293,84.0,9.365520513874275,0.050510839941202576,0.1862227308738198,1.2288374693406987,185.41605177772257
529,5017.508193243673,1111.4231144837765,218.0,38.5959662768345,0.07952096419117695,0.2131806512976293,1.2709397673674505,485.3558639460866
530,4682.837239045519,1107.3983611313608,21.0,1.5709769918720784,0.025963631185691966,0.5110227137229897,2.045084767870977,60.50682898075567
531,3186.8104220743603,1115.8684537361196,106.0,13.585914553355495,0.058549826533106725,0.216080721896319,1.2756415461793762,232.04021869600936
532,3919.987975253971,1116.1602872514604,143.0,18.142886315274676,0.0625285959669182,0.23585718340331774,1.3086558929569891,290.1534255602584
533,4319.096018257919,1114.1910268463796,55.0,4.584674752801875,0.04213975001895382,0.41245759138536986,1.7020048005690454,108.79691385781257
534,2310.023912393826,1115.4630100991294,71.0,6.7824749080080355,0.04579619405214666,0.17057652622285546,1.205656738223311,148.10127890289417
535,4555.092148932158,1114.662537370661,62.0,5.54626322038922,0.04465679179644923,0.3532402424066542,1.546169173730126,124.19752958675858
536,4405.293111035327,1118.020407574285,88.0,8.349976753603228,0.05329958704597173,0.2084160778960764,1.263289933102904,156.6611903841064
537,2760.5789197037675,1120.1636602776089,59.0,5.21120345452749,0.04308480483010038,0.24144827651511214,1.3183016649225534,120.95223536644133
538,4690.980375091316,1121.8498102353708,59.0,5.158189395472276,0.0434712721674987,0.2943139141507465,1.4170606733680404,118.65742910852278
539,3629.9696442800414,1123.9452834533768,92.0,9.061629951160832,0.04913331809098974,0.2515937623337713,1.3361727223417077,184.42943206847227
540,1531.7145081032295,1124.1908169827145,70.0,5.2288263595433335,0.04139694655125705,0.14116895409835706,1.1643733709581388,126.309469541892
541,5223.439108879924,1127.6600451548538,71.0,4.671437943993928,0.04188662964916448,0.30183708338165915,1.4323304435068727,111.52575375772948
542,2212.573597907481,1134.1843835950697,202.0,38.174069328540675,0.07604421626250618,0.24556808003577157,1.3255006496111872,501.99832682558014
543,4311.41165762782,1135.7792057683002,59.0,4.955785228410097,0.04310115988287589,0.27570253409012613,1.3806482102540347,114.98032168686561
544,2418.413127640811,1141.2377789715397,47.0,3.7371560801920185,0.0369069608813516,0.19980783147376846,1.2496998087868918,101.25884090554673
545,2652.8467878932574,1142.748364818976,42.0,3.3201761481149874,0.035708026769891425,0.1810579424157055,1.2210876102148032,92.98122714847183
546,1290.0710809197492,1145.0614627539044,44.0,2.770439964170256,0.029241175993437854,0.2405920931264598,1.316815364903126,94.74447829293813
547,1910.0598492782601,1145.7904875408224,44.0,3.1592416794516636,0.033753359095806804,0.10712253024412988,1.1199745025187153,93.59784519473612
548,2090.069938222246,1154.1349270757362,231.0,40.574498653893514,0.07836569401605983,0.20192309420187415,1.2530120753211604,517.7584294165557
549,3212.2081974389125,1151.6027429776461,106.0,12.571301880464233,0.05805187139018111,0.2017796458036164,1.2527868961782616,216.55291344476007
550,2829.812387610695,1159.1219281626832,492.0,181.6390886760602,0.12388851054919485,0.29290171914311547,1.4142305632367933,1466.149587809704
551,1686.5408965245156,1151.9751245063,64.0,5.0524311142485026,0.040602703257176034,0.06991490401434597,1.075170437969715,124.43583084226164
552,2130.504422647154,1150.7535005686489,26.0,1.747098685597526,0.02654443194088173,0.3262234211136644,1.484171506306837,65.81789693177711
553,1162.255928989951,1157.9403962285703,181.0,19.63792727619381,0.057889021680130916,0.23704978430450208,1.310701510305505,339.2340500190916
554,4343.827261214423,1160.6375634567928,176.0,20.681730853428604,0.07386232273707681,0.44889973534972094,1.8145518413688055,280.0037974306345
555,1287.0646297785438,1158.9093336602477,133.0,12.293264786107601,0.05108976021260686,0.15047974071322368,1.1771349641968052,240.62091375942936
556,3782.298376836187,1158.8200292735926,70.0,6.160903947480041,0.04348299716981869,0.30295216479863285,1.434621771275015,141.68535631109373
557,3348.5584567120304,1158.8925182120208,27.0,1.9261271175709296,0.027883097426780107,0.2697245056917731,1.3693462368571971,69.07866396941236
558,3895.485583073761,1167.7683700159037,73.0,6.375564866823645,0.04501218127346384,0.28484430697384044,1.398296915974381,141.64087779016944
559,2333.504785153591,1171.2017242695363,28.0,1.937323189803849,0.027928132282584388,0.011131520732852174,1.0112568263285142,69.36816147250698
560,1981.9914060801489,1173.299364758406,47.0,3.4478296771797448,0.034953179570265024,0.06060617039602312,1.064516253445664,98.6413745350035
561,2764.035202205747,1175.0277173385018,82.0,8.153837279936559,0.04995055447367693,0.08884114634509799,1.0975034660407814,163.238173546872
562,3340.8253554934313,1174.4567802394376,61.0,5.3467634749735735,0.042073105306615254,0.20624419486319412,1.2598333058208593,127.08269180532508
563,4029.3662815331095,1176.2675290553686,112.0,13.048119710665963,0.057245204253382476,0.30453924737443805,1.4378956630186763,227.93384844801182
564,5503.236224999107,1179.2757844532312,115.0,12.86321908986862,0.0604858789093786,0.16114380468201595,1.192099439190446,212.66482891222603
565,3971.8919939202206,1178.6592273133356,39.0,2.8954497149255563,0.03355053967650248,0.2005162625944702,1.2508071812006858,86.30113681758206
566,5217.927266604379,1183.65059169816,219.0,37.50852262573864,0.07471265037985116,0.17416686724248465,1.210898376843914,502.0371039581552
567,3962.1858848069032,1181.6884841216818,28.0,2.009149314636217,0.028391329561502855,0.5057527120486676,2.023278679272122,70.76629892530703
568,737.3487076384092,1192.021431368935,197.0,24.096470835246635,0.06655353117689883,0.24080225728230775,1.3171798909995576,362.06149259305835
569,2545.2376849870375,1188.119109867607,29.0,1.9964334915170088,0.028993395649413237,0.3939725121768467,1.6500901693287766,68.8582157004922
570,4280.791902197454,1194.0155311484898,237.0,40.600371157402954,0.08310150474871482,0.3118777446995169,1.4532301379546704,488.5636100112958
571,4341.431865782278,1196.3171766244914,237.0,50.13065547320073,0.08412039328293376,0.20412207891519263,1.2564741067787981,595.9393854066916
572,2108.5766509123214,1197.4533582532304,152.0,20.198912736305846,0.06370107879073167,0.18061738796854265,1.220431072512933,317.08902140672586
573,4428.986143674382,1198.1664804257096,59.0,4.883840478863712,0.0427802068511221,0.36213562860353676,1.5677313937612172,114.16121702870197
574,1444.4482609358372,1200.4657438923668,45.0,3.1731924969025713,0.032875528184862134,0.22294990675845539,1.2869183192918707,96.52141492782768
575,3837.3895575308047,1202.9423933740457,107.0,11.093653150458103,0.054381025577130544,0.19497885092705847,1.2422033895029903,203.99860121658756
576,4257.637428758448,1207.4884081566563,316.0,96.56855914297398,0.095027664858611,0.1763218779430108,1.2140664820654437,1016.2152178174181
577,3179.173399964686,1205.86549601884,115.0,14.283055049867816,0.06001160339544381,0.20469749425808137,1.2573831878816022,238.00488975024138
578,4969.690038609377,1207.1196745161324,165.0,20.791466415553078,0.07238880472194653,0.18761338048637088,1.2309410026948668,287.21936348328194
579,3242.506068957641,1210.603033859196,102.0,11.06170282068344,0.0562547728921935,0.1939352092482186,1.2405950631677434,196.63580976288105
580,2049.6554964748934,1213.9103341360128,68.0,5.764469601776131,0.04235695772539943,0.013327210698594438,1.0135072243231016,136.09262589507122
581,1966.360901103254,1218.4887840343035,115.0,12.418749003520562,0.05473640786151362,0.20026941721721903,1.2504211062184867,226.8827913395548
582,4312.922005018097,1216.244897961704,40.0,2.971810391186633,0.03401977620559825,0.4152319575339828,1.7100797707462154,87.35537744947293
583,3863.595812917597,1219.7109205750553,127.0,14.267863760781166,0.059729409552188445,0.34196009176828646,1.5196646700155352,238.87501764628445
584,3610.5870678590572,1221.1619970165314,72.0,6.427789698221045,0.0444678436527333,0.24870646867966173,1.3310376814273643,144.5491656491859
585,2230.984500401632,1222.332568580108,48.0,3.812296147474548,0.03568304874904367,0.07877795008432231,1.0855146162551506,106.83773615551054
586,3662.611217204461,1221.074348537203,23.0,1.7118982067643025,0.02510203730416355,0.33689436640573533,1.5080553524777796,68.19758038047209
587,1656.3757601323712,1222.4055303367304,28.0,1.7649324078430053,0.026702449589283948,0.011184350466741266,1.0113108550335146,66.09627337528227
588,3008.351871368538,1225.114995812494,27.0,1.9803430887307014,0.02831317451481397,0.1876991636202644,1.2310709963771582,69.94422641285065
589,3390.5955695886123,1233.1741238360296,195.0,37.239940685431,0.07409582588011938,0.22499956339649752,1.29032185373027,502.5916135368002
590,1626.990990048076,1238.5502944045952,277.0,56.01091706894679,0.08377544375329542,0.28524253756922524,1.3990759838997153,668.583949658202
591,2790.640542278295,1240.386675165557,64.0,5.637209105920336,0.04361157402916189,0.06529725458241031,1.0698588453950009,129.2594736927148
592,4444.102371448928,1238.5782636715508,22.0,1.6192978057456031,0.02592686952011722,0.42820685059028296,1.7488841918311484,62.45635650262963
593,2580.216434197402,1244.3930829193985,159.0,26.389703227007516,0.0679603408451889,0.2536753304342496,1.3398994308761771,388.31034245579
594,4305.124807084902,1240.823873548599,40.0,3.006213101265224,0.03367075954178695,0.25533491679169185,1.3428855770860226,89.2826043182773
595,5024.020138356641,1242.7988839077448,105.0,9.604672834277098,0.05479089277048086,0.2748408233019868,1.3790075781064577,175.29688509568712
596,1794.490941131227,1242.4415868474146,51.0,3.6479010266054446,0.036243945899447495,0.08148108163522039,1.0887092034862815,100.64856174120527
597,3227.3035756243403,1245.9241650671327,113.0,14.392116896361346,0.05920584456039147,0.2046761633498394,1.25734946435394,243.08608386932173
598,4254.009476039898,1242.2049652662022,21.0,1.5294560550401401,0.02423266199339947,0.39475082331962275,1.652212078147253,63.115478417382946
599,4051.9913402738944,1248.1079758310575,59.0,5.014870819111841,0.0418687235046428,0.3267707999258398,1.4853782335790604,119.77606192258868
600,2848.4822885012936,1250.5784981715085,88.0,8.878352453612607,0.05057429026273929,0.2567348434375629,1.3454148780832782,175.5507078297795
601,2871.6340737433543,1254.5565496963561,60.0,5.476443300286254,0.04153270433963537,0.11033093069152633,1.1240134500542824,131.85857717095467
602,2091.348399378047,1262.0459064878082,105.0,11.048801715232507,0.052842515824042424,0.16273016154468056,1.1943580839420918,209.08924457766818
603,3998.064441357749,1266.8851584290644,220.0,28.307799047478717,0.08109003435298069,0.4746018700345367,1.9033185368698102,349.09097367324256
604,4426.6548895152155,1262.3402415429207,27.0,1.8517182590715378,0.028428982433599773,0.420598996307446,1.7259203791966977,65.13487647320858
605,2210.2514110284937,1265.2940893644377,59.0,4.653161040863009,0.03907894573879218,0.15984932784783945,1.1902626911412968,119.07079254300336
606,2668.309161931319,1263.7734807567713,23.0,1.6286270106052296,0.026516519590011493,0.2388234046609251,1.3137555806672412,61.41933541001803
607,3686.3419666932127,1266.1289023601448,22.0,1.4114675234005718,0.02474315673176193,0.3124805768524602,1.4545043621049856,57.044763475499465
608,2252.974956681137,1270.4124567806005,71.0,6.05473486445031,0.0426102762046738,0.0907359433045195,1.0997905312943737,142.09564930691963
609,3740.7932185479176,1272.2125380032464,76.0,6.925048839362605,0.04613963215060079,0.26585722482413154,1.3621328627261147,150.08894775665075
610,4125.90463571652,1273.1010479171966,59.0,4.935117778262368,0.041175654828614364,0.37461263397553035,1.5990089572114459,119.85523481785133
611,1891.5842012390494,1282.0027847710217,131.0,14.37793682413145,0.05830613562326666,0.1897337930044164,1.2341622930418603,246.59389051319724
612,4758.228829017377,1284.2450331650875,218.0,39.96973578480899,0.08366858410880243,0.1739140589647602,1.210527803858777,477.714977617315
613,3689.4916056290735,1280.57881563019,37.0,2.8172438369255377,0.03217255267502774,0.3933062681198285,1.648278113737807,87.5666865909672
614,3576.8947011715427,1286.6136001112723,92.0,9.409565348827016,0.050427024935380406,0.27438720344171585,1.3781454857786208,186.5976698186118
615,4787.981193007187,1286.8142952069074,31.0,2.3109615438051305,0.03163697775030805,0.4489617492307141,1.8147560511524086,73.04621705790557
616,5257.49287217546,1286.9342601119433,20.0,1.3471100644106715,0.0229520944421325,0.3379803192317268,1.5105291112184172,58.692249973397644
617,3166.5392301631955,1293.1076702113737,201.0,43.75491996413189,0.07781218010527727,0.2332191465822191,1.3041535864421872,562.3145361681546
618,4133.314938142255,1292.1501587742216,79.0,6.8151311870370375,0.0474727546891545,0.3298546406837919,1.4922135714262998,143.55878928159194
619,1474.974924777648,1298.5521708304316,346.0,93.03114532275252,0.0940043521493486,0.2841812231298483,1.397001632693128,989.6472152156327
620,4778.901032276781,1296.4518380429054,156.0,19.037832013956866,0.07095474249893423,0.20587883380404282,1.2592536788690003,268.3095074898316
621,4027.697920839499,1295.0888014707853,58.0,4.898800485562552,0.04167122130363533,0.3851287700602972,1.626356790344646,117.55836119771199
622,784.5697325555273,1296.0452521242207,61.0,4.136215086924366,0.03810224942782334,0.16957601053826532,1.2042041326963366,108.55566663484139
623,2797.417594093683,1297.4756068831082,83.0,8.012592003449111,0.04926771331802554,0.1473342635023237,1.1727925225510984,162.6337303647001
624,677.27762159659,1305.7889282258145,228.0,33.57291635817647,0.07780455138551529,0.2629076207862934,1.3566820499036363,431.5032444802024
625,3101.0310629595306,1305.9583304726739,40.0,3.2067293429902715,0.03381964257128283,0.1991234744259205,1.2486319277284172,94.81854624073384
626,4264.629960312187,1311.0717933381566,181.0,24.96577442282077,0.07072832504612306,0.24051291141788023,1.3166780779208398,352.98127598158436
627,3526.2837006102463,1310.773420454916,121.0,13.158448561958116,0.057616176084367386,0.2480649317478536,1.329902064980789,228.38115015981268
628,3797.4516540688705,1317.2168793127305,115.0,10.847279782141078,0.057570931785081596,0.22074737344848072,1.2832808846925154,188.41591486889817
629,3995.3113405775907,1320.7446129016548,222.0,47.056662857820434,0.0813787079188102,0.2177230413452187,1.2783196397854022,578.2429343160359
630,2537.2346633677757,1328.3682536822173,219.0,50.51070510656804,0.07698908762814878,0.27670948778003257,1.3825703270055885,656.0761617351639
631,2823.158423290115,1333.7091964477415,172.0,22.192726198057763,0.06931275061476401,0.2560486467781149,1.3441739109274096,320.182448412754
632,1908.6472167022912,1329.5642081351314,20.0,1.2020131229872837,0.022786643408484776,0.38029763800730776,1.6136778901155655,52.75077603310829
633,470.36592858046447,1332.1995421175975,75.0,5.815604457564823,0.04726967536846242,0.14213329843358713,1.165682265291403,123.0303447661268
634,4345.256810828044,1337.4698612201516,161.0,22.14984060185401,0.06768246154017117,0.2668688498282098,1.3640124277432162,327.2611559599904
635,3096.797413261209,1338.6590786421964,166.0,27.782449414558496,0.06793716076391525,0.21933454460010138,1.2809584349902436,408.94333972983924
636,3331.2035959288255,1343.4524810862229,217.0,51.302699675068254,0.079821147971915,0.2353141849372976,1.3077266248465749,642.7206445730279
637,3738.8378646256137,1338.115583430102,29.0,2.080245303116288,0.028904960447735214,0.2881684357299571,1.404826717715817,71.96845354200377
638,2839.9656823140467,1347.400809216371,181.0,30.72701934999561,0.0700697033195058,0.2593130899236208,1.3500981135158452,438.52075710789995
639,4932.452801916494,1345.8480364187867,45.0,3.646198464964031,0.03834156316109483,0.35376936917034674,1.5474351605960948,95.09780416735401
640,5387.201475588145,1354.5858770783616,119.0,12.319226759860246,0.056169441507276034,0.19904695871200195,1.2485126448760568,219.32257877736683
641,3050.0771739145493,1364.0255856661865,214.0,46.59183061092097,0.07535623555508583,0.2486715542669592,1.3309758277877266,618.2876608381277
642,1575.5951821277465,1369.7841645477854,271.0,52.53865785564734,0.08205308504625075,0.260224669998538,1.3517617571783906,640.3008226446689
643,3565.8657342103593,1365.4841442012657,55.0,4.224804705456254,0.03893028023566868,0.27222699141322537,1.3740548058272306,108.52232965909673
644,3789.5367666139646,1366.6193190428019,65.0,5.331123062426296,0.04351336971249612,0.4104548494654582,1.6962229255779613,122.51689762595679
645,3886.5827543523424,1370.1983132148243,60.0,4.679612964357972,0.04153116088639771,0.28581227083385186,1.4001920771833376,112.67715287704947
646,4517.413085178016,1371.569872472095,37.0,2.873766893757317,0.03349119511024056,0.3882208016691976,1.6345766621820936,85.8066391568872
647,3389.560173678556,1383.1457736426046,224.0,49.08360962851295,0.07906901031467282,0.21390992197361525,1.2721188422968945,620.769242376675
648,4205.51257598828,1379.1371596609838,32.0,2.4054691527202365,0.029717968417424637,0.47245051893760937,1.8955567883152462,80.94325691892955
649,3603.223975534732,1392.4975282966475,259.0,73.22120685345978,0.0849117990136511,0.23876556726234532,1.3136557635781978,862.3207575862118
650,1998.883738175003,1391.8541122091399,190.0,26.777157046233466,0.07058747519124212,0.24584858380284047,1.325993664564793,379.34714301207566
651,2054.3325696193874,1387.884032757152,24.0,1.4714326412527612,0.024931191715888878,0.1777992822775034,1.2162480261146074,59.0197475524206
652,1761.1795239753897,1391.3991223290268,26.0,1.677423103452937,0.025953849272053013,0.10924714647567635,1.1226458563039485,64.63099503545236
653,4044.91207488678,1396.8274643770271,241.0,51.84443825325382,0.08298557300558788,0.2025235511190201,1.2539555260888287,624.7403780626163
654,2246.8457000508074,1404.6590167184434,241.0,46.69266220556533,0.07605943204554136,0.2962945119367192,1.4210490282691597,613.8970664099571
655,3431.3448447805313,1402.6613808627,105.0,9.321414780120486,0.05372676706455813,0.1871811299046593,1.2302863981033114,173.49666263968322
656,646.3084212246479,1402.3380735731926,38.0,2.618657176116033,0.03215993214031448,0.23615948887218052,1.309173820230467,81.42607903184545
657,1349.201915296867,1409.9470349536336,186.0,18.454392646872375,0.06677563848357881,0.19445217663024417,1.2413912259322042,276.3641511478861
658,4308.502956930311,1412.8514434853473,181.0,26.249869984796142,0.0726517915160027,0.2243991108457688,1.2893229159271196,361.3107046233566
659,3256.567141321135,1412.9763352206655,94.0,9.38294314686823,0.05196547876472739,0.16308119304719082,1.194859037331188,180.56108343289415
660,3679.593022348425,1412.3610576378774,84.0,7.655325995065015,0.048910645473411306,0.24445906589534028,1.3235550250960686,156.5165603718435
661,2222.9919714903863,1420.0560346464486,317.0,85.03066812114903,0.0871883352674389,0.2886815224753695,1.4058400443637757,975.2528002780246
662,3820.994409381238,1417.6829183330835,121.0,12.321272208030459,0.05887806481847266,0.23569395087978384,1.3083764038647718,209.26761512998522
663,3738.651092575783,1419.8683501738526,42.0,3.2810140346065,0.03482818679209764,0.30888649808726787,1.4469403321341439,94.20570913415875
664,977.3621246977442,1423.2870357501238,30.0,1.7231084970524622,0.02497275805899634,0.2957156920948989,1.4198811314914959,68.99952712398617
665,955.142753016826,1430.8569278088728,264.0,39.81023037032837,0.07462969998800077,0.2769962789171868,1.3831187459206167,533.4368271174774
666,3018.0970541531788,1431.1023633905543,79.0,6.698083161377113,0.04499727766981535,0.06783997626301863,1.0727771783122084,148.85529765882387
667,1564.2512240909632,1437.7876251959906,221.0,31.870753399806585,0.07411658387395095,0.24602941324903427,1.3263116858566488,430.00839669039163
668,3675.6359461900165,1435.4468947381322,105.0,10.695474625394258,0.054587021222939076,0.22845335796031385,1.2960979226821168,195.93438853739292
669,3533.9146583630663,1439.5676525629278,100.0,9.229918398831687,0.052514164327942196,0.17831728621582432,1.2170147713033932,175.76054988121655
670,3253.084625488018,1445.450691066447,58.0,4.687828630608386,0.040096071856905655,0.23161530228079064,1.3014314352801306,116.91490995273173
671,2366.976914798458,1456.5262124476749,409.0,138.25943641103706,0.09587012077241328,0.29920156280708743,1.4269438214011378,1442.1535646048894
672,2631.8782296166323,1454.5042304392769,85.0,6.484762987884884,0.046481925687753785,0.06515218696565706,1.0696928270647446,139.5114959618244
673,2208.6091613993613,1459.7207074923685,217.0,37.39271227111963,0.07142930431869286,0.28164935866911633,1.3920778272673446,523.4926005198969
674,1434.8080428802741,1459.1100162019932,102.0,8.652170903937453,0.049806201948637475,0.20326546997369443,1.255123208940101,173.7167373826252
675,3700.6191557378843,1459.2766855233515,76.0,6.60448824045279,0.046417315321283875,0.3186462710664716,1.4676664374688673,142.2850114173754
676,1871.8789223869892,1462.9072667170249,157.0,17.471036638833592,0.06413998545944705,0.2738502345293421,1.3771263829464222,272.38915808423087
677,3245.220081694555,1463.007315277018,154.0,21.199434891042678,0.06466890078406472,0.21807296392925946,1.278891704557368,327.81498732798167
678,587.1561992634662,1460.9745199759116,67.0,4.909300983964185,0.044548044041858095,0.28467588352941664,1.3979676862203534,110.20239136316114
679,3410.581577872402,1463.5185687277233,143.0,16.814239694569014,0.06240720694415692,0.18976986961080222,1.2342172458084784,269.42785165204873
680,3000.076697025599,1466.6872948725672,59.0,4.401467630986092,0.03850725542367031,0.19220453532142256,1.2379371310259841,114.30229401081961
681,2924.818889847445,1472.614294563367,84.0,7.077853093867769,0.045578155040812,0.11803978472658194,1.1338379925561475,155.29046947007956
682,3036.620500386501,1476.7135083488258,282.0,83.87900475573335,0.08434214519226392,0.26150345383097506,1.354102473718439,994.508789935627
683,3390.961041384565,1472.5575479662184,62.0,4.95901826244326,0.0410268396916749,0.19473206692005718,1.241822701389905,120.8725385555236
684,3478.1883060459527,1477.2707256706599,148.0,17.062950765613653,0.06342104218478818,0.2087697814247308,1.2638546614165629,269.0424215341305
685,3958.2856139149776,1474.2799655503745,46.0,3.358292279853313,0.03523063024602364,0.3288515437692281,1.4899833125089594,95.32308268122317
686,918.9138930944506,1479.62383844016,149.0,13.271742986623858,0.05735057612960101,0.2910399542746305,1.4105167223871609,231.41429227550097
687,1863.092102697178,1482.703526324749,235.0,35.65792160981327,0.07820938287405839,0.2698282734717564,1.3695408404194342,455.9289473902856
688,2957.93441856963,1483.1689212479343,309.0,59.111755665994934,0.08724243811153468,0.2969396793667093,1.4223530622510983,677.5573556349239
689,4480.2577708900835,1478.0323730708612,30.0,2.2472429871563104,0.0303216800325853,0.4250607201183614,1.7393141067103077,74.1134061417871
690,4022.963823906897,1491.186685708488,205.0,30.71488322240609,0.0740468296927691,0.22035557550492857,1.2826359922315094,414.80348787175006
691,3704.4075895227575,1489.8044236384328,91.0,8.321032140647763,0.050423267412875054,0.2100449348438962,1.2658947883350669,165.0236600598214
692,2626.657763768648,1493.7672889257747,245.0,44.43564811402773,0.07645074173839528,0.29046317328794125,1.4093701163249357,581.2324001522558
693,3292.8811714548483,1492.2682358986783,102.0,10.179121413428796,0.05203682790725068,0.17400503871269257,1.21066113822475,195.61379551366664
694,4357.707734613847,1493.3721849212411,120.0,12.957457458487173,0.06006761671973178,0.27329899357387333,1.3760817601147162,215.71452583086656
695,3249.518401549055,1498.2260620204747,98.0,9.259439184029839,0.05072809348706042,0.09668242345793643,1.1070303799778154,182.5307940341127
696,2562.6870480054918,1496.5478131656862,34.0,2.2015980451240265,0.028381590445845456,0.1371011547282056,1.158884387758129,77.5713415118461
697,3160.539845704728,1504.4992994192266,153.0,13.143435788588956,0.06310178472211873,0.5555676290889338,2.250061123923186,208.2894461142215
698,3028.4553086270307,1502.0935833487306,108.0,10.03699390235541,0.05158207414248825,0.10962657302094347,1.1231242641561023,194.5829838992054
699,1902.3601769884601,1505.627232951205,26.0,1.6008388925821235,0.02591119364504112,0.11847086138654239,1.134392450796219,61.78175017762996
700,2629.7910568044836,1511.7511480738367,119.0,11.723628957757805,0.05266359274553609,0.1920966779934853,1.237771862995182,222.61354280185398
701,3308.8539003973933,1512.2839093250634,36.0,2.4412154919410183,0.030707402077815416,0.29232232603612684,1.4130726979116905,79.49925186620317
702,3835.618751195011,1515.1001781110895,88.0,7.929929917583671,0.04837080175018981,0.2315982623090579,1.3014025749148015,163.9404275028903
703,3912.638702526511,1519.735135218089,266.0,64.2518988111165,0.08379404224154172,0.23148007192636555,1.3012024327158198,766.7836172159624
704,2657.754714484962,1521.2666540907549,52.0,3.7244440346910377,0.034633893821005894,0.23656052728702315,1.3098615355142378,107.53754844718371
705,2671.4833841894915,1524.141566716222,77.0,6.39917299958498,0.04209043955187243,0.03732492854996006,1.038772094195541,152.03388388706688
706,3188.0283126951135,1524.8694191453726,36.0,2.5246115991634497,0.03050226147900217,0.3590723506254686,1.5602385089422812,82.76801380453047
707,1963.2952678284707,1526.7148746872917,44.0,2.935620852484172,0.033264935161997695,0.051053742267752056,1.0538004569297297,88.2497091362999
708,4678.722907342894,1526.2169436217907,34.0,2.4324772322955197,0.03175638784470024,0.452563861345044,1.8266970873661867,76.59804522451287
709,4185.4324436963725,1530.6136302447098,71.0,5.68343943517457,0.044058022983887404,0.2835580172416753,1.3957864336062047,128.99896659577934
710,2737.630857219547,1536.962478743508,154.0,19.749695413460604,0.059323834176168315,0.20666787757596738,1.2605061256620897,332.9133338686745
711,3043.262316182739,1532.411055261588,30.0,1.9588695264062481,0.026917973462840267,0.13131273228955598,1.1511622619215434,72.7718053927956
712,4045.8206799220657,1534.8540188574113,39.0,2.704632684400667,0.03198726032919712,0.4427009093423099,1.7943686195860493,84.55343335333882
713,2906.956343805194,1536.9999411064296,43.0,2.6732351948781483,0.03161844146204308,0.05434901238863121,1.05747259094596,84.54670980817573
714,3315.0280561647855,1540.2950407590354,36.0,2.3509825171241934,0.03043178108568892,0.33508910271729553,1.5039609127880236,77.25418734133127
715,3497.945009213201,1544.2168001300786,37.0,2.686265262405062,0.03108470876145085,0.35424969103216,1.5485861734985287,86.41757859209497
716,3896.506633422381,1548.1947729151009,186.0,26.52887969613742,0.06964652419430672,0.23402959556155378,1.3055334699688916,380.90744661032244
717,4852.975365203073,1558.7056754376881,44.0,3.202318184889191,0.03619705446932509,0.40833898309356875,1.690156984194458,88.46902688181356
718,1979.5312904468585,1560.741351676506,84.0,7.025381759651961,0.045025498080027294,0.10220711564478435,1.1138426439169078,156.03118364543593
719,3601.4128219312524,1563.3005729893039,69.0,5.109005559352927,0.043051614211223575,0.15685135913581183,1.1860304951390854,118.67163759032773
720,3658.662948062581,1570.3395383883828,145.0,16.600643255728375,0.06266903274736757,0.1938527149728283,1.240468111191734,264.89388024623196
721,2826.25646958265,1569.1609353315905,30.0,1.7619406795921682,0.026056340743846128,0.35563689686479616,1.5519200201476688,67.62041903402324
722,3319.7835763335215,1579.4580709438123,99.0,8.869179987303191,0.04996894736261099,0.12961769674861523,1.1489204183775539,177.49383277862503
723,3115.5069071405615,1581.2732009327324,130.0,14.056141630604744,0.056996222932513434,0.13787358687703044,1.1599227036527007,246.6153177772493
724,3828.1103063016544,1590.9712169581198,53.0,3.770088711251379,0.03659494080073761,0.3224611191768214,1.475930058486158,103.02212898170309
725,3457.4193261559412,1596.748039514554,227.0,46.45906370811127,0.075879963620965,0.21993948983368095,1.2819518318992804,612.2705058239515
726,2765.2758571806594,1595.332200953053,52.0,3.6724304814880533,0.03398713275997131,0.10803095472652746,1.1211151388032818,108.05355389711765
727,4154.544737189142,1597.5772504934948,28.0,1.858219174454416,0.027467526027246107,0.3636316827941566,1.5714170126991633,67.65149408108965
728,1448.9975295140184,1602.2965918078248,145.0,13.95378523456677,0.05862811039072294,0.21923224481854198,1.2807905979257432,238.0050310605739
729,2149.73170218327,1602.4171898436316,132.0,13.49790693052151,0.054313844305270184,0.18983242667162237,1.2343125458499182,248.5168763723797
730,3234.827623069165,1600.9301846626408,68.0,5.096512296447626,0.04105032402479749,0.14599325335648594,1.1709509367815656,124.1527909345843
731,3868.3789630188076,1607.9595409958301,240.0,48.58617210767573,0.07813205786226356,0.24009348827768207,1.3159513500331947,621.8468249399843
732,2338.192557622703,1615.321598433356,206.0,31.53434569717425,0.06643902278706075,0.2520295640927641,1.3369512376342387,474.6359048392819
733,3579.277386007954,1618.241638283353,183.0,27.43339971025416,0.06863008706228427,0.22161980501715994,1.284719223903231,399.7284701876797
734,2048.4422519171185,1617.277726146851,37.0,2.3738358164630893,0.029023029253470754,0.2536796083206908,1.3399071111401386,81.79145587220918
735,3073.283389889922,1619.762890664372,114.0,11.547068667781616,0.05170104800535957,0.17654027434861752,1.2143884744441735,223.34302907330994
736,1711.0985603509416,1623.0415372049956,141.0,13.086439675352501,0.057577415323413705,0.19051772452777993,1.2353574998496903,227.2842502888617
737,2601.7111195070524,1620.570887024511,50.0,3.2631593755671737,0.0327564253128971,0.1890732278016103,1.2331569684017714,99.61890970692636
738,4655.560225703077,1625.8078382295168,33.0,2.2125286087556364,0.03039267245220504,0.3357095562284592,1.5053656264004827,72.7980934297574
739,774.1293007551465,1628.0445591237751,74.0,5.331429049637405,0.04614666451786137,0.2542357915398876,1.340906399979754,115.53227314129802
740,135.5315056759499,1631.2171468148886,139.0,12.85394945315695,0.06260664242331292,0.23165140980176602,1.301492594321023,205.31287025816462
741,743.1165504587356,1633.001121585685,131.0,12.21349740988809,0.06436332363823416,0.2775589857702321,1.3841960524156456,189.75865010539678
742,2725.0145803594546,1630.5673481259341,28.0,1.6353548774110649,0.024776846598828672,0.20870261466082163,1.2637473831300026,66.00334997789334
743,4283.574172684705,1633.3349806130473,89.0,7.038962835510491,0.04846842295813851,0.32260724303933963,1.4762484389216388,145.2278082492996
744,4699.936756517108,1636.5790251466995,56.0,4.084015744685678,0.03936982416310043,0.3203267188983462,1.4712951469552285,103.73467069008257
745,4219.657487327,1648.5772742791196,201.0,19.210071395050164,0.0726584020708108,0.4793838865209199,1.920801093376421,264.3888503951488
746,1932.4241018966607,1644.4528544893872,51.0,3.216400402462235,0.03390315766016397,0.08105825254566923,1.0882082599579552,94.87023110657
747,1901.1092684350594,1650.1739791267405,216.0,33.53479749709105,0.06992440542526357,0.23074432327443595,1.299957907696735,479.58645187099415
748,2069.923958964169,1650.9738979894912,251.0,45.255861277843714,0.07442603230323962,0.2428934894031367,1.320818122686136,608.0649455214049
749,3920.1335743683735,1647.4292347420503,76.0,5.840516960189767,0.04394394827489014,0.24222635414315707,1.3196552895017386,132.90833412725175
750,4807.9389969069125,1650.7466682163736,53.0,3.8431359715270252,0.03816006922273729,0.323092014939549,1.477305663502692,100.71092767402874
751,1561.553949791324,1662.9691052380356,164.0,17.465503203675073,0.061766762839856076,0.1401010652967698,1.1629273623244127,282.765396803427
752,2372.6377780284406,1663.2073111455509,42.0,2.5965785872321545,0.029562824254270224,0.31231379643798707,1.4541516098771405,87.83256176402327
753,1922.542663829137,1664.5975886930382,71.0,5.031913644107684,0.03976011596582917,0.15172931368873677,1.1788689814904927,126.5568150865615
754,2956.197981282605,1668.4638348759431,54.0,3.6388485750142037,0.034229632105777744,0.058784916986265534,1.0624564119797555,106.30697296918915
755,5216.591429589335,1672.8067383489322,133.0,12.301832000783719,0.05722209132411648,0.16897006008717008,1.2033260800506105,214.98396364271053
756,3699.347826979776,1679.9413917798367,161.0,19.906948497564848,0.0647659505124699,0.17563551921472897,1.2130556608254428,307.3675031408982
757,4555.4767354419855,1678.3197732297626,48.0,3.4773364436183285,0.03642847879119125,0.4431406467025062,1.7957855858546832,95.45653727542367
758,3343.336964955375,1683.3430387709905,196.0,29.11656717265661,0.06967921870335901,0.21353162617816202,1.271506945842598,417.86586753523676
759,3826.7643758930653,1679.3940447551172,20.0,1.2764966263126285,0.022699481104901192,0.39791398844470216,1.6608922659020393,56.23461701232509
760,4496.466520178245,1694.403156567877,94.0,7.996724163410958,0.05076536346810582,0.34529660446862664,1.5274092158761075,157.52323271427048
761,1950.275681399759,1702.055751098532,105.0,8.86641239637747,0.04779467547113531,0.22312526341085637,1.2872088033013975,185.51046343503623
762,42.92817231991241,1704.2562034320367,160.0,16.9925030107884,0.06668981651058588,0.35144827927614186,1.5418970731954658,254.7990667824244
763,1249.8982268652194,1706.7162920957082,228.0,26.248443578330903,0.07226129476840168,0.24990408093689376,1.3331628323602027,363.2434716601395
764,3265.4598618053215,1705.4229490436499,30.0,1.9927514120304228,0.02716057160485416,0.4752537505679343,1.9056829869337852,73.36927370388172
765,219.928069596159,1710.7739078625552,200.0,21.30967515885594,0.0729022822719262,0.3046345218846489,1.438092674244197,292.3046370396286
766,2762.015754158615,1708.443447357051,53.0,3.451547175474081,0.034145502757108565,0.10744063694349115,1.120373659602391,101.08350724915077
767,3739.267688817476,1721.0700071583412,162.0,20.394486788897897,0.06559819610480601,0.22635878586414493,1.2925888405738364,310.9001161604154
768,2849.3971088609146,1722.5227364441112,171.0,23.75535665417555,0.061527241022294905,0.21879930613794063,1.2800807882751,386.0949436294015
769,3043.4426511941097,1720.6813335332008,31.0,1.8446821535054492,0.026313878010836466,0.17166215102535476,1.2072368795387607,70.10301380685053
770,4216.144882369744,1735.2138067492144,178.0,21.502308933280215,0.06747811087605983,0.25226351240808653,1.3373695367207525,318.65605978173426
771,3343.513197362936,1736.8047454448028,32.0,2.070576394666407,0.028106327465589106,0.3820490900957111,1.61825152123311,73.66940405862121
772,866.1390176773435,1743.9848061746275,131.0,9.593860389530153,0.053779613462561014,0.30112678038380436,1.4308746879000112,178.39214103331133
773,2664.098647125898,1746.6722953674384,188.0,29.14432300732488,0.0632379492104014,0.2374788129845894,1.311438969865358,460.86761780268495
774,5345.646787874493,1743.458614424283,40.0,2.6990230383620477,0.03250883735957172,0.2764249766082906,1.382026697539347,83.02428685802762
775,1070.8512445106628,1751.167283797484,190.0,16.80736788182705,0.06599590686218902,0.3193189580154556,1.469116867254702,254.67288322780033
776,3537.011068822821,1750.4531661124788,119.0,10.245499057016856,0.05431466741930651,0.13811026033569063,1.1602412164570866,188.63227087302434
777,3586.4921327994552,1749.481148604072,22.0,1.3823711987434353,0.02349156121133218,0.36720400822982835,1.5802881386821346,58.84543757256066
778,4288.276625843301,1755.022776502776,158.0,15.996185287016864,0.06354334930634083,0.22804126366796307,1.2954060274665735,251.73657765346414
779,3335.171814286112,1754.5023268915747,33.0,2.0957467745765044,0.028548082998545225,0.14993156144753828,1.1763758712214385,73.41112097380763
780,3142.5007408635543,1766.4241547445595,115.0,10.307106202423537,0.051645839079707795,0.1761486193755064,1.2138111600201273,199.57282882975386
781,1463.6757885957684,1767.5548875688064,132.0,11.0515418933575,0.054808252005230526,0.17486630351646038,1.2119248120173562,201.64010872492005
782,2069.4403332336497,1769.7921291689295,74.0,5.35436184005402,0.03905896104303197,0.14397316901879842,1.168187682684867,137.08408255291332
783,796.355072636797,1773.4827054642112,203.0,20.8667359091395,0.07436686299000576,0.3324944286359506,1.4981148366394865,280.59185328207
784,4806.296465676625,1783.2127823600276,198.0,24.85071352916003,0.07247485901165426,0.1414729608634515,1.1647856787431365,342.8873662957237
785,2269.5718012799316,1780.1804466169863,39.0,2.091059962727534,0.02816870338454314,0.24589234985910557,1.32607062110186,74.23344746052281
786,3389.4107938391626,1791.4009053861255,170.0,22.673903011188973,0.06471103674355404,0.21436571817768157,1.2728568790053933,350.38695332674536
787,4405.112220612281,1788.8096435107595,29.0,1.876375074710005,0.027140625467356454,0.2698704153667938,1.3696198880947523,69.13529229334918
788,88.1644570320401,1791.0017895475426,22.0,1.3930236583802535,0.02455383416218784,0.32985358211993476,1.4922112143244612,56.7334473784737
789,2986.6317158207207,1802.2650893158211,206.0,31.65071814102977,0.06707728158950688,0.2350220012945352,1.307227138155936,471.85451453925646
790,2457.6873243800774,1807.300268390152,185.0,23.227274885632653,0.0600554983598771,0.2238464205724099,1.2884048035151698,386.76350242646106
791,2872.983784646809,1806.8274469956066,89.0,6.545564229046957,0.044253187435213726,0.16599287803507512,1.1990305282333742,147.911701018816
792,2793.88128189255,1811.920938330645,113.0,9.591414430887367,0.050325018885715125,0.17717829488369274,1.2153301180340743,190.58938562286187
793,2769.0256948343495,1812.624239143323,63.0,4.2295742189668495,0.03753142466272645,0.09195654209823179,1.1012688779353328,112.69420910545297
794,3831.5596561905586,1818.1387012848372,252.0,42.595358743219336,0.08237892831004084,0.19560694263948275,1.2431733352862773,517.0661917682116
795,1764.942964780524,1832.4969841073591,175.0,18.792821342140517,0.062023383653326936,0.20883010144677994,1.2639510196591894,302.9957450754538
796,2735.4190629745253,1832.589189801059,21.0,1.177008934796805,0.021456132639609993,0.4068616863512263,1.685947403816084,54.85652771478203
797,2936.3094942784955,1840.658269864549,32.0,1.916577674077664,0.026413645155612422,0.19033075996554183,1.2350722375935161,72.56013559606808
798,4740.782518573596,1842.7409025224074,84.0,6.468012858954615,0.04675580370100951,0.2808833254397407,1.390594927605456,138.33604273633657
799,4131.637395496999,1843.223422650765,43.0,2.811572811073343,0.03386061985526723,0.3666028267821865,1.578788226855756,83.0337076843555
800,2251.822711853173,1845.6057536110677,76.0,5.129218147621834,0.03937607341385996,0.2552355390087989,1.3427063889019462,130.26230659699053
801,3306.2289240467276,1853.8414032815663,113.0,10.167595005999997,0.05284464941109586,0.1452305981423596,1.169906173321992,192.40538293485383
802,4499.159426959609,1852.685395919916,27.0,1.7257581243852076,0.026155726654668813,0.14593842466930884,1.170875764563933,65.98012539166672
803,584.0044697026357,1861.1637259558256,96.0,9.260775900516453,0.06312289057264842,0.30511795182125634,1.4390931563435228,146.71026336885166
804,2494.600100214226,1864.3254341253808,94.0,7.058117517505942,0.042121033981291356,0.22214202826191942,1.285581733855032,167.56752744106194
805,2539.117213941089,1862.7096850472935,54.0,3.2040367703552226,0.031767527556061076,0.24673117455666005,1.3275473061180318,100.85886491169217
806,3023.811455999401,1868.2202429450263,136.0,13.385539572025865,0.055201407975897135,0.20583281645557994,1.2591807124753438,242.48547388266726
807,1721.4435366595503,1870.623933663246,219.0,25.342140616757924,0.06933014081541913,0.24103817779256254,1.317589331557553,365.52847461001824
808,1946.271599497732,1865.7916804181057,37.0,2.252931588876746,0.02807215513751758,0.15181056095682977,1.178981904240738,80.25502772552619
809,2072.2549315311753,1871.0712357077591,88.0,6.367604786040935,0.042544012855268674,0.14215800552478386,1.1657158386280084,149.67099619170895
810,2930.865498402235,1871.5475540612929,87.0,7.093314228228832,0.043871543164546875,0.05430188718647955,1.0574198958956653,161.68371834162025
811,2748.3130583755797,1874.8836721139319,143.0,14.89616746539919,0.05576369295403721,0.21514682804058205,1.2741236650715946,267.1302181811603
812,4073.054765604755,1873.5776076977063,24.0,1.5422628786512556,0.02569160985304778,0.3854785873707769,1.627282596584407,60.02982637027309
813,1826.2876062941186,1883.2315816901246,141.0,12.234397997751094,0.055314264955289495,0.12004410619290584,1.1364205945295052,221.17979887539235
814,2483.6285666301656,1887.2496109450678,129.0,11.420384569714342,0.049389388841449854,0.1418236181992274,1.1652616189478773,231.23154259665242
815,2657.7444713257037,1887.2654528415896,111.0,9.186634161432885,0.04670636237290498,0.17379794816126037,1.2103576816039943,196.68913815395268
816,3929.5568058334984,1890.0200411081998,238.0,41.88562065347633,0.08001964250949702,0.22425285945400486,1.2890798402378496,523.4417368023757
817,4193.609174745885,1889.6314615566548,65.0,4.492447010770138,0.04129390683031509,0.2669151630295411,1.3640986002828714,108.79200723802907
818,4246.816020244157,1891.208570926576,31.0,1.8688858734727025,0.028465045656185343,0.5918705581374449,2.450203042045587,65.65546727189601
819,3874.766702208277,1895.4353274421512,75.0,5.576325244295255,0.04458022241216502,0.18866764879049258,1.232540522400263,125.08518223035135
820,1509.1622535428146,1895.3344661170838,50.0,3.014713527990977,0.033308265991143476,0.017243473604809822,1.0175460280768218,90.5094707960053
821,5174.884703418085,1894.6391488036081,26.0,1.6417574479446149,0.025906452513812787,0.28954601907716326,1.4075507025818343,63.372530340434054
822,1848.2930736959204,1906.2367718375667,286.0,46.116771359626696,0.07865655267034682,0.2444162834171294,1.3234800830839801,586.3055243840164
823,4223.722014404661,1909.095106765435,247.0,40.08021169577842,0.0804960149439482,0.20275534194055145,1.2543201009763711,497.9154772281271
824,2241.520809285627,1918.5757993238228,411.0,127.76166840814376,0.09107829454221647,0.25863823279601184,1.348869127378195,1402.7674656218323
825,3840.246780072195,1914.4477240018255,75.0,5.599449410947407,0.044485992543518545,0.24763026382541564,1.3291337382660937,125.86994446554677
826,1625.672281897279,1915.2205858679529,86.0,5.417765188781647,0.043437701584955024,0.1876951669447251,1.231064939302107,124.7249507017685
827,1675.3235757066243,1913.7977128204218,27.0,1.6029143808071735,0.024266067540041444,0.15386182138885074,1.1818400649896208,66.05579491453257
828,4468.175049682695,1917.223883710566,129.0,10.695231197966146,0.055992821212694846,0.20026119107171125,1.2504082443367686,191.0107575637088
829,2125.0062480918164,1914.510305230753,26.0,1.4752171047724791,0.023036319000783803,0.1616849520085859,1.192868960656235,64.03875136137356
830,3526.936211241123,1921.6999995606486,325.0,77.14546120145846,0.0918310150481032,0.3309821255924277,1.4947283746125894,840.0806760226693
831,3125.4232015945786,1922.861644504347,185.0,27.817375533010317,0.06775285079774689,0.2522088096992521,1.337271704949905,410.5712926537902
832,1565.7057462086798,1922.5860485482349,82.0,5.819068148726302,0.042517049719982214,0.17364007407505166,1.210126445665544,136.8643447052595
833,3975.6585346469146,1929.8205181123274,86.0,6.617224200937516,0.04828690298263825,0.18472928990276993,1.226586442533596,137.03973111128633
834,105.05607096429401,1931.742814590459,167.0,16.634293233653768,0.06757088964783772,0.2997753246638585,1.428113054599157,246.1754362025936
835,1207.1364899359855,1930.5044003489559,113.0,8.113462496939785,0.0505009228673073,0.29083130332959684,1.410101721487525,160.65968771022568
836,4889.237309822734,1934.0437839902481,121.0,9.447331482671345,0.05533717770010409,0.17733782760593053,1.215565797914168,170.723045072347
837,2630.0599906123357,1934.684829847861,116.0,9.298432015507842,0.047039508513523315,0.14885552225866217,1.174888665968528,197.67281396731963
838,3181.99940773012,1941.3627927276655,51.0,3.274358817513338,0.0361631181272086,0.36110561741866165,1.5652039323928302,90.54415070059343
839,3355.8368995469214,1942.497565569657,114.0,9.187423696060739,0.05293600664254848,0.12216474858538728,1.139165917965269,173.55717362850987
840,3452.778978176113,1944.1767388531682,95.0,7.2946729386848,0.048818335011067276,0.1219850101643346,1.1389327193459031,149.4248613155503
841,2803.272482491105,1948.4685731140767,148.0,14.091544833966804,0.056653927899491655,0.20700550240900828,1.2610427979486143,248.73023559754353
842,2782.419534116908,1949.8310139694897,146.0,14.625236757117154,0.055600933392137925,0.16762526722909366,1.2013819745237617,263.0394107589782
843,4061.1607717080365,1950.826169596879,125.0,9.845059015875457,0.05877552038818481,0.41679905310179377,1.7146748566142902,167.50271117726305
844,1865.1312493660216,1950.5952665182351,213.0,20.39982955456187,0.06727597643577808,0.22309597582457918,1.2871602783385832,303.2260642702916
845,2088.9403174826994,1955.0923092817711,182.0,18.484497597081074,0.060350638330126896,0.17850754169033556,1.2172966286965554,306.2850387094192
846,1703.452220592959,1955.5140926190657,151.0,13.443615337772494,0.05703858198856556,0.1588839242872001,1.188896549328884,235.69336524648378
847,3617.864328089838,1969.7480067920733,546.0,67.64171412737032,0.12114390861523877,0.32978635397230915,1.4920615328066351,558.3583599089985
848,2196.0862056562823,1956.7545377409767,38.0,2.2646624077348916,0.027650626693464356,0.1961045663769544,1.2439428788556968,81.90275153040848
849,695.828477814575,1959.2419957724737,60.0,5.010909471581053,0.04872311905504876,0.33582548039226323,1.5056283709748497,102.84459551777844
850,4389.206080311755,1964.6361401429865,83.0,5.989749756185003,0.04531380738661187,0.29135340411991706,1.4111406246975324,132.18376697153673
851,1913.8187020726177,1978.560672120877,241.0,26.428299426466094,0.06935140794360421,0.2651664853354456,1.3608524652777874,381.0780517672733
852,5313.859287430633,1986.9878524040107,199.0,23.2526369311164,0.07193280996839341,0.16039635001358377,1.1910381761872746,323.25495057586915
853,4139.514625756506,1987.1767356163527,115.0,8.633567375508411,0.05539326707085062,0.18479191232994896,1.226680666108335,155.85950842122506
854,2815.0346824813632,1993.1864249736736,148.0,14.463648441401073,0.05634583380868258,0.18952896339375558,1.2338503843238946,256.6941948274498
855,5162.751646904672,2001.5876692056047,255.0,34.80584463942122,0.07802962619853253,0.20909340749729166,1.2643718101219086,446.05935380061834
856,4023.5791714193983,2001.7310915342778,152.0,15.481998002066126,0.06470304505308005,0.23405294183298309,1.305573262978637,239.27773398246174
857,4084.8423788367777,1999.6133424835323,56.0,3.892364279505901,0.03930862526666251,0.35176644185320305,1.5426538589869534,99.02061578345248
858,4258.14036806598,2002.7780173145331,57.0,3.983657362671892,0.03884821525084487,0.4296814896003469,1.7534061787670996,102.54415388066651
859,4558.018434830415,2005.4025046422169,115.0,9.580691545776656,0.05319236167145236,0.22319174826159616,1.287318971911176,180.11404729409648
860,5070.598669745508,2007.5917954793576,243.0,30.63629900969763,0.07715095762312688,0.2042983672837625,1.2567524796780443,397.0955118840165
861,3327.3363224627956,2012.9308096479447,328.0,104.93935682636044,0.09110410709802758,0.2736519374165456,1.3767504196861597,1151.8619760297547
862,3602.4090961931674,2010.8873793147864,47.0,3.042910118819341,0.03565069511391067,0.2979145447802616,1.4243280395076985,85.35345830135068
863,2394.4159310108066,2025.1935848612493,179.0,19.152044970209285,0.058580920274501756,0.21561926761342798,1.2748910812194234,326.933152986767
864,5032.1850142280055,2029.8370849873015,177.0,16.070097932789896,0.06592340677993758,0.1880378040679842,1.231584432144829,243.7692273160934
865,1784.7883885959482,2026.3259736398857,25.0,1.3355117037246729,0.02268980930334168,0.34105358784630047,1.5175740872942935,58.859538476948906
866,4044.9413910787694,2032.3902944326044,154.0,15.798550972504703,0.06559379029183465,0.1420378718708304,1.1655526126550029,240.85436902205302
867,4317.895764882834,2031.773290062939,96.0,7.762263674029176,0.04951721708308137,0.27671076103364933,1.3825727608350642,156.7588837031256
868,5237.027075554796,2033.5648155710016,100.0,7.8621921520167835,0.049229530842850616,0.16802351581893138,1.2019570492840557,159.70479542277772
869,1054.6279962598683,2039.069442171415,70.0,4.011005120198325,0.038399712244103615,0.3779261767580214,1.6075262495188019,104.4540410798059
870,4563.262612994283,2045.0783940934884,249.0,34.132205566847894,0.0794181188517773,0.15440692046631366,1.1826019207151783,429.77857018435344
871,3375.180654549568,2045.043763837312,106.0,8.177969560735887,0.052176662521065176,0.13249988364799103,1.1527375975523513,156.73615684855682
872,5432.317383006685,2047.7401940045884,148.0,13.197657886653023,0.06049132002185752,0.15046394176439548,1.177113072842244,218.17440720229402
873,3042.429453633704,2056.1559111131755,555.0,220.1238701074062,0.1166424740778136,0.24628651803466128,1.3267641138545898,1887.1673620413685
874,5023.163411217207,2047.8758044980655,24.0,1.353971017970287,0.024245314419198347,0.3014007556643785,1.4314358455268803,55.84464670411377
875,1728.1264652469608,2063.4861332218975,700.0,244.46704572855276,0.11927253621837497,0.24043439364823582,1.3165419703546817,2049.6507702406893
876,735.7513763074203,2070.711260158863,40.0,2.7951181726381384,0.03913147102105808,0.49412192898186047,1.9767609178776646,71.42890618995598
877,3641.964813979915,2072.881952256072,74.0,4.923579865958572,0.04473033771842411,0.2043271709640604,1.2567979746293827,110.07249480100805
878,2653.1822702313807,2075.8671665466773,86.0,5.671414927545466,0.03943438857072157,0.1866798658037666,1.229528150054042,143.81901515664075
879,2936.2411811879538,2077.827705953785,53.0,3.4002924264748953,0.03493213133660326,0.18803886686142612,1.2315860441922586,97.33996456471397
880,4686.20639885779,2094.9441291190055,346.0,83.82928067512348,0.09757699801414704,0.18544291220402687,1.227661038105749,859.1090357480524
881,3558.730401775589,2095.192950984913,268.0,43.06137507495596,0.08589614651795685,0.22147694770574144,1.2844834806792975,501.3190558665382
882,1368.7357998419325,2104.946330553127,230.0,22.218302915045722,0.06891993905859523,0.2697915865931876,1.369472032422176,322.3784469129592
883,1519.5087814191918,2108.1110457857208,273.0,32.226472447900846,0.07537894860121613,0.30086355719876035,1.4303359670299636,427.52616010063207
884,3316.8490957381364,2107.121650085273,172.0,18.84750126643533,0.06676163309281528,0.2027062529907211,1.2542428731582187,282.3103688945508
885,468.3302633965403,2108.270364850073,216.0,23.14328216492913,0.07663053594385864,0.32943418337400376,1.491277925605539,302.01122672408883
886,2927.6320584089062,2108.0407873010017,114.0,8.97555680088496,0.05097239401085647,0.21427059559340977,1.2727027834159195,176.0866244377943
887,1684.843826150241,2114.5461740185046,298.0,41.69671801057184,0.07777860833357593,0.26722772177472964,1.3646804467302431,536.0949354061913
888,729.3319566982594,2139.0630872355327,227.0,16.714047153384193,0.09726867022343745,0.8208542405214279,5.582046725027901,171.83381982081264
889,2109.462246025336,2125.773957653139,59.0,3.5156535166340666,0.0322234883345832,0.1680360321908465,1.2019751319679661,109.10220147894302
890,2843.407442984174,2131.989062260678,173.0,18.01554973645213,0.06078959079757577,0.19089824565585023,1.2359384893567442,296.3591216865137
891,5395.276366790496,2134.1399492070623,157.0,13.952800932337212,0.06129183412236773,0.15452233224932888,1.1827633515861202,227.6453483914475
892,76.69956545073072,2137.533571535641,62.0,4.400174889714204,0.04193005854227905,0.4198881586009521,1.7238055296170365,104.94082390267607
893,1788.518819879113,2139.611129058379,64.0,4.064017875443436,0.034517558155483415,0.0826428165093045,1.0900879373886134,117.73769909033473
894,2574.379104968021,2147.3380151649903,59.0,3.5352655915452846,0.032694665573075175,0.31118614332706984,1.4517710268346569,108.12973705584128
895,2958.8895342750616,2154.7006593584933,106.0,6.437789625830648,0.049956936287108136,0.49615190815424826,1.9847251903578516,128.86678215877663
896,834.8134190713859,2153.9041908981176,80.0,4.781080735935421,0.04204238538841139,0.4282095415956374,1.7488924225678724,113.72049163635906
897,725.1886792035285,2168.365821899433,66.0,4.716172694543899,0.05311627859574372,0.6938888787011532,3.2667875500796697,88.78959180174593
898,1845.9415762620285,2175.108832897471,349.0,56.82823368302565,0.07923953855528759,0.23290097644334995,1.303612661848409,717.1701743741862
899,4567.867448755164,2173.300443106216,23.0,1.3287812252544364,0.02551740506470214,0.33672884629756994,1.507679015464375,52.07352479161451
900,2299.085929179513,2177.3249703218794,20.0,0.9634449126477465,0.018791918424376795,0.3229577148328774,1.4770126207894945,51.26910892705717
901,723.3122721061507,2227.3438259722893,4543.0,1241.1159608042854,0.43734804299228425,0.23099991880230675,1.3003899797286518,2837.82214346431
902,4188.744118162114,2189.4519087285316,28.0,1.7704645032406283,0.027219160798340098,0.259804494749458,1.3509944236442224,65.04478651482144
903,2368.930929628565,2190.6911581048216,50.0,2.7823741371322455,0.02942867248417949,0.2814838740296246,1.3917572116415244,94.54636931475646
904,3884.8723949997006,2195.523864101113,117.0,8.758537272797899,0.05484333885647298,0.13102826484680263,1.1507854163101205,159.70102213724277
905,2763.788498590152,2198.529076721585,162.0,14.03014866069415,0.056832259524713075,0.2611415664618164,1.3534392443912204,246.86945016840738
906,1869.02409513411,2202.731163727232,191.0,17.578795381073434,0.05863802034966629,0.1688011688053329,1.2030815762369613,299.7849394684327
907,3183.0207961126193,2211.2693253658044,60.0,3.766395365377454,0.03986024751583425,0.25228694133409624,1.3374114420099008,94.49001449078496
908,3977.0098156951603,2224.3452172827347,272.0,28.299853483062236,0.08630309898940941,0.47189467095311777,1.8935616533254593,327.91236716233124
909,1943.5012503080402,2219.452279895904,50.0,2.683116896730248,0.029936293208820824,0.24513238346444344,1.324735593493163,89.62755936461963
910,4142.778898289175,2223.6998445930803,141.0,12.55489427043194,0.06149747324736625,0.20757496072953185,1.2619490178157824,204.1530099932948
911,4192.9837585363275,2226.0767719374435,101.0,7.677543007113913,0.05119166989456103,0.185479638546436,1.2277163927681753,149.97641262586805
912,4697.053623689667,2223.834764003908,44.0,2.8137137076709213,0.035314638166253506,0.3569132313884861,1.5550001163281528,79.6755638391247
913,2833.2448327495135,2226.5518108765364,104.0,7.681521773737441,0.048274036369550494,0.08850451707751816,1.0970981411709804,159.12325447437965
914,1437.0024637152214,2229.7436316174767,193.0,15.399674504371127,0.06315005800353742,0.24770228386998794,1.3292609808045464,243.85843800030236
915,4570.073153642094,2234.9228784825027,321.0,64.464906834762,0.0957793705147246,0.20204182563754736,1.2531985160738197,673.056280160575
916,279.16031136916945,2241.234262968352,388.0,73.67719684479741,0.09687485426573125,0.26227432342360935,1.3555174121643183,760.5399502609642
917,4269.22133420856,2240.6051424888446,144.0,11.789485988529329,0.059965178921146126,0.13897975378263072,1.1614128754732493,196.605533421862
918,585.7245587585098,2240.8922044893666,71.0,5.592248062185939,0.046819443658365975,0.3138367227974175,1.457379071752277,119.4428558996062
919,365.27303981467645,2245.4533372173933,73.0,5.3628142284901195,0.042341395144260344,0.3503219117742974,1.5392238373484948,126.6565310429334
920,4617.4698103416185,2247.277610183378,130.0,11.46209019633797,0.06122341788358702,0.1849922758603243,1.2269822363408918,187.21741765761115
921,2166.604611542105,2263.1498269749736,156.0,12.86076699580757,0.05130147089440219,0.16230861622356174,1.193757055840601,250.69002450787204
922,3099.8434935132645,2267.0183617427238,181.0,19.47872725202709,0.0669621157648676,0.17378876480080285,1.2103442284452872,290.8917531881037
923,355.65642555530565,2264.994725247679,33.0,2.0487379634198644,0.028345745100349366,0.3120117061711015,1.4535131033039035,72.27673699057617
924,5156.661030022446,2273.822706611852,188.0,16.284239665960353,0.06499065825892976,0.19469943086606523,1.2417723745997793,250.56277474652117
925,4033.248986332222,2275.428086827027,75.0,5.123562427207197,0.04595021925607017,0.2365775040939555,1.3098906639018815,111.50245875117034
926,2823.44552011206,2282.954886276332,271.0,45.26584331400415,0.0759752781348592,0.2181805928246131,1.2790677627367573,595.7970069376441
927,2888.4458872576447,2281.1940939768187,156.0,14.888659411008211,0.059481723353048285,0.18152215663105042,1.2217801716951606,250.30645670163162
928,2919.637622149031,2290.688231197604,162.0,14.315454528399176,0.060584398494245316,0.16995107088065997,1.2047482562997505,236.2894554405611
929,1672.969493489078,2292.2312470701218,180.0,14.955537382343802,0.059170294892755236,0.16729912372003397,1.2009114298851604,252.7541464758687
930,2508.637898622751,2294.9478858993916,33.0,1.83338779319842,0.024383961328610395,0.4396209148116633,1.7845062858902239,75.18826693049476
931,3761.671951868295,2295.5354804404005,24.0,1.5387116165047394,0.025338964335942363,0.4411718921294737,1.7894590231164391,60.72511867906674
932,2568.7036850459467,2328.372914214717,278.0,40.56842640817582,0.07060177164856452,0.18788514557850544,1.2313529232418048,574.6091841733643
933,4567.350496004615,2329.7286816001733,333.0,57.63508183839557,0.09347354500367666,0.17379448466101477,1.2103526077161424,616.5924469445185
934,4057.234522285467,2327.62353272067,34.0,2.059525677164344,0.030863656283152716,0.13542949045390884,1.1566436617471614,66.72980214235213
935,4024.3022950479094,2334.2600518375975,72.0,5.168336195219532,0.04513511151447001,0.10591051513533623,1.1184562808624996,114.5081073647641
936,3173.755617258503,2334.900493165637,33.0,1.8790561997664632,0.02755951770094064,0.48954891378843846,1.9590515663738641,68.18175195070009
937,2733.8000637083483,2341.8609394103123,151.0,10.670097129475492,0.05350605524571578,0.1845459319627386,1.2263106399198267,199.418497223823
938,3016.6294463103663,2342.57564424248,105.0,7.003543523941096,0.048060150722494734,0.22551871087780107,1.2911867775829744,145.724543486774
939,2943.0735322587593,2347.459916461771,239.0,34.87960137270894,0.07082089669546572,0.2137128569607084,1.2718000146036077,492.5043737118072
940,1862.842122873784,2346.972665668035,193.0,17.393646308815676,0.059296483001501754,0.18605465247098563,1.2285837163831856,293.33352381751143
941,3835.315232322138,2351.952793681619,317.0,64.37353319768899,0.09317462506606457,0.25195256906115926,1.3368136279071834,690.8912501879729
942,2751.651662190673,2354.3818742982626,346.0,71.36120503374363,0.08111051586564691,0.2403055569242588,1.3163186977534604,879.8021350517332
943,2422.1063041997813,2350.325642386801,68.0,3.8375485005550014,0.0341533999204888,0.21326768420541364,1.2710803661217562,112.36212235060196
944,2710.0469546480285,2355.206363341038,94.0,5.947239406762218,0.04192970876171641,0.2842493685040084,1.3971346387915835,141.83831899620296
945,3751.911139664978,2364.4097629237986,259.0,40.434929895481005,0.08349875567772551,0.2150840116191275,1.2740216976122547,484.25787387233606
946,1721.9946440794088,2370.6068651481582,606.0,193.15034284850847,0.10650809865910323,0.21646796808150226,1.2762720083714703,1813.4803388681087
947,3603.216985322563,2364.5128873900335,137.0,11.268444733443578,0.06162734355465726,0.09186081968611859,1.1011527986870566,182.84813336874728
948,1303.280157890415,2374.5565592762214,32.0,1.6720203412462098,0.025501567408841127,0.2617922320950503,1.3546321828040668,65.5653950378963
949,3428.7323697879187,2381.5181133957835,248.0,35.48990172039279,0.08197156038542217,0.22847326569265491,1.2961313659438798,432.9538385450122
950,4872.017951168258,2380.6355859812143,48.0,2.814939607590352,0.03331659981002582,0.13985620591351677,1.1625963087509703,84.4906029919435
951,1446.150046230495,2394.1095484012735,110.0,6.694790494261896,0.04685759183549853,0.2794458558788717,1.3878207601175017,142.87525739190963
952,2643.5116014332625,2419.164965753369,134.0,9.707876043457594,0.049155781790044095,0.21769442661435834,1.2782728821325229,197.49204854318492
953,2514.3343623632395,2432.015720098957,321.0,58.17825858934004,0.0739844032213189,0.22266190627284466,1.2864415214816407,786.3584222650828
954,4729.450763488863,2432.0694913934403,128.0,9.511497162738726,0.05560594644970162,0.23791873268257102,1.3121960122705272,171.05179877375804
955,2285.4120171124805,2431.882229525697,75.0,4.1240891580016825,0.03542745407063009,0.18168016990490177,1.2220160910481521,116.40941372133813
956,1124.196471915731,2433.8378749838507,167.0,11.016468180622322,0.05835879622295378,0.40598369015591573,1.683455459770923,188.77134028836096
957,1744.9299919310415,2433.352872850711,35.0,1.7648733505983405,0.02542937638912353,0.30615625819958303,1.4412466954089043,69.40293476300896
958,3250.7584708846816,2450.5631150237564,38.0,2.364671765509393,0.02966056314709783,0.44751185785268965,1.809993597533844,79.72443927588634
959,2819.650420355141,2457.20046343954,179.0,16.234993473224392,0.05910618570693949,0.18297094249131052,1.2239466770609495,274.675032385287
960,3478.323499867321,2456.4671422051993,60.0,3.873695930500713,0.039697080560357846,0.3220621145379955,1.475061390496734,97.58138069148211
961,3855.8098212522154,2456.026999553034,29.0,1.750408017009533,0.028015164543669955,0.278365291131071,1.3857426585915933,62.48073304302755
962,3741.5478198741425,2466.8168624472755,338.0,69.66104478284409,0.09495319419904716,0.24495228368853206,1.3244196073927144,733.6356124767747
963,2732.7218613339332,2463.7253409228656,70.0,3.8538364835230166,0.03634519430478075,0.24475032803547558,1.3240654542740031,106.03427928341254
964,1644.0026363626016,2471.201283052345,473.0,100.79221869479538,0.0975677657684903,0.21989921736567142,1.2818856515219634,1033.0483423588494
965,3361.998778452718,2491.647698186196,351.0,86.86376237209653,0.09220331040821624,0.25372114175161564,1.3399816823796038,942.0894107545633
966,5357.505646615924,2486.471916196537,30.0,1.7065177457210348,0.025775736937061856,0.31390080181169755,1.457515185326811,66.20636103976155
967,5028.1182213777065,2489.632768047709,67.0,4.192792555692808,0.04086633703996017,0.32800878894325436,1.4881147008268774,102.59770900418567
968,178.92883581950028,2501.364151945349,73.0,5.46070668789146,0.044631368010366226,0.3915329171332852,1.6434742784911682,122.35131772396353
969,1501.96555156317,2505.8267411542056,315.0,36.73075592582484,0.08119154694965329,0.2216860213660642,1.2848285235158672,452.3963060908484
970,4187.006364405009,2503.6290122982496,24.0,1.2680902620771062,0.023065838952472703,0.3241755382822351,1.4796741708020862,54.97698413181561
971,205.47973805248333,2522.8833684305832,177.0,16.17900451796299,0.0688207291690177,0.2654902082433659,1.361452238245084,235.08911796369912
972,461.30366171600673,2523.771792450314,64.0,4.4318917161946185,0.040661765187804955,0.3672608608568866,1.580430130107408,108.99408069780026
973,615.1604731095674,2534.2581385208327,110.0,8.59513965100159,0.05425505012331017,0.2665571480711697,1.3634327437647933,158.42100655084954
974,1799.4649663234352,2538.487154380373,107.0,6.83633741822822,0.04399947461981996,0.16162949336323773,1.1927900517536532,155.3731601865248
975,1955.0690667352678,2543.3478347174923,45.0,2.3599642445624966,0.02803096182387521,0.43660782543708276,1.7749625308086778,84.19134025406187
976,4822.752623594656,2546.6358518350776,98.0,6.029384452725651,0.04731777565655204,0.2664683807384728,1.3632677498029822,127.423243571061
977,3428.957288178967,2554.1689674714585,209.0,21.17593516544363,0.07080701243463003,0.18136452574864204,1.2215449140101091,299.0655083067307
978,1842.627426432177,2559.393352303338,280.0,32.5141620404407,0.07078060638043128,0.19385606039071324,1.240473259012118,459.3654067568132
979,2478.349505693615,2558.9171464973097,84.0,4.569064664274555,0.03764681941979379,0.20371938741465612,1.2558386882649637,121.36655193432493
980,205.99629122345496,2564.5566479275526,103.0,8.2681435369069,0.05264438929997289,0.32842817597771123,1.4890440072524709,157.0565001674577
981,3871.656467669959,2564.627324779858,100.0,7.309637155030587,0.0517070882758905,0.06183806557893812,1.0659140637773779,141.36624974953108
982,6.2787711180279295,2564.4164874392472,75.0,6.305986420761733,0.04982654588632662,0.41827905473264826,1.719037294660952,126.55877120497367
983,2872.8646194111593,2569.1390530827234,257.0,32.38164033693569,0.07167743637691686,0.21943463098995664,1.2811226832523406,451.76895231933736
984,3111.934374230672,2570.2999930777623,112.0,7.245667373390306,0.04931929930639663,0.17056893070673473,1.2056456974201264,146.91342892721423
985,2149.409933678698,2570.5762505593984,55.0,3.0284466541342625,0.029684197421152497,0.1852524166672952,1.2273739995760709,102.02218409908022
986,2239.4619334653207,2579.763935559086,150.0,11.263255693944279,0.048341387601008215,0.23400420316646897,1.3054901921574429,232.99405029303236
987,4520.335893372511,2583.177413001255,173.0,12.920884784051372,0.06205291226512985,0.10755582973074385,1.120518272530475,208.22366448886498
988,141.34871801892757,2582.683526199537,167.0,16.092047469467733,0.0699239235760753,0.26778456837834475,1.365718280186032,230.13650616959487
989,2950.678224600967,2584.9118130015827,73.0,4.163501500128831,0.03884915454181248,0.13952598865215082,1.1621501484206325,107.17096804893777
990,2749.716880842509,2595.5146533895895,21.0,1.1643557418133899,0.019375689264617264,0.5202368178659652,2.0843616960182305,60.093642394423995
991,5144.1555825457435,2603.9572911264004,201.0,18.01486217597433,0.0701145154530391,0.1950294838162906,1.2422815244723588,256.93484522531173
992,396.4878176938592,2614.643384003162,374.0,64.85748489262937,0.09845383737061554,0.24395792719412068,1.3226777132768894,658.76035535804
993,5353.388496066968,2620.295698545214,165.0,13.388898805460158,0.06318396326564012,0.1764584917524452,1.214267878407171,211.90343424913226
994,5143.555145738341,2644.000138559631,340.0,55.626548754714065,0.09060393244656606,0.22190507714331686,1.2851902391659602,613.952918517306
995,3203.9618824784047,2648.293652534075,514.0,169.11867111223168,0.11010372369657573,0.2269430852175195,1.2935658175716283,1535.9941102290925
996,2537.6203725008572,2644.0741650911186,216.0,19.673086384543694,0.0599465395343747,0.22774194798431235,1.2949039474433166,328.1771814912303
997,2449.435342538942,2656.6662430062406,360.0,58.6805599643271,0.07826222697108638,0.20349507146000956,1.2554850122936718,749.7941501972128
998,1934.1288421256709,2663.8439319974973,38.0,2.0678308143511273,0.025635461412581117,0.4795126724075066,1.9212763634908951,80.66290600629867
999,31.863951437433332,2671.542865501446,284.0,43.049237395475416,0.10173402357237546,0.255865076130234,1.3438423166589801,423.15477048688035
1000,1616.2340695640805,2674.6454145841826,54.0,2.9060633684679007,0.03186711741871424,0.18321856865286412,1.2243177447737488,91.19316724773137
1001,1568.039314572711,2679.947146003918,232.0,19.8247536557815,0.06645958194104387,0.11817983775516505,1.1340180717282724,298.29789891498245
1002,4541.314764103045,2684.4964565702653,221.0,17.148014605222,0.07062760639327646,0.14950280149570183,1.175782826514444,242.79478635785168
1003,2360.673905977379,2685.2093876865733,95.0,5.7432447524579135,0.04035754804109385,0.2488410723111697,1.3312761962063144,142.30906066468376
1004,1142.7471768318742,2692.43885045564,80.0,4.329519716374833,0.04093845921072323,0.28486761042192543,1.3983424811593224,105.75678224941056
1005,3549.010272123866,2700.9730782839333,270.0,29.417758715181616,0.08301410694891143,0.18422120447954227,1.2258224968473361,354.370597918808
1006,2812.286383791088,2699.5661435542875,176.0,15.357321665455364,0.058919724759683004,0.1713512019193818,1.2067838658745165,260.6482248193379
1007,2917.4472900782434,2735.6095972305657,248.0,28.999255803408573,0.0734267516113076,0.22563596357867977,1.2913822865811844,394.9412872970229
1008,3850.0123599187,2735.5273750232136,85.0,5.852370321058224,0.04676381874148806,0.1242252480411864,1.1418461171246788,125.14739981801576
1009,5229.652632500788,2740.9017106737874,66.0,3.682899646480839,0.03952458355627396,0.27196668491274134,1.373563515950015,93.17997345214866
1010,4148.94933134902,2744.4468125492144,93.0,5.825730834405779,0.04699983788638316,0.23557948380992133,1.3081804828892671,123.95214741993006
1011,3657.722636446647,2748.6276343410677,113.0,8.21337546761316,0.054380172198179866,0.08966585919091397,1.0984977440384922,151.0362166136735
1012,3145.379860902816,2756.3238779925127,392.0,81.77180684464564,0.09859682232274268,0.23723374278165976,1.3110176158641376,829.3553982599688
1013,2460.517205632123,2753.442615647938,75.0,4.114688680747219,0.035652739959329965,0.21303340734408704,1.270701970492961,115.41016722532277
1014,2640.380811932113,2755.589917631324,40.0,2.34920954009516,0.02653197641380715,0.5543163472816897,2.243743951344878,88.54257607709312
1015,1835.9041659907664,2767.3523091083534,157.0,12.0563779536167,0.05340605120745944,0.29912245064023724,1.4267827538683175,225.74928647659942
1016,3428.714124665945,2766.856737130345,31.0,1.7491155457710217,0.02845468245808274,0.34031997382344126,1.5158864302681752,61.47021842003279
1017,2039.0942535552078,2777.2223971785556,68.0,3.959585198095171,0.03361497314525616,0.4207544987563614,1.726383714423336,117.79230585683091
1018,2102.4100520801694,2789.7324883106394,186.0,13.399332006815744,0.05561502025060475,0.15377804921263505,1.1817230681259836,240.93009310142327
1019,5471.860755653439,2797.94005770178,65.0,3.8439962258343185,0.04102578196930443,0.10531301017444672,1.1177093345181879,93.69708610820395
1020,3282.3394185828915,2816.9960902698385,289.0,38.500413237329255,0.08502982340529983,0.2365862932945184,1.3099057447049367,452.78717155291145
1021,1105.398524539929,2812.22037820366,71.0,3.941748134664927,0.039561454127041935,0.4623396001159319,1.859910084907914,99.63607813825465
1022,1760.2371968930088,2816.062155913985,157.0,11.832430567891484,0.05327660029812821,0.27533425645177056,1.3799465600562724,222.09432474442627
1023,3521.729630150907,2817.4446830335814,180.0,15.815716834698446,0.06856344467884197,0.127097537151716,1.1456033664253806,230.6727281393291
1024,1991.5275609000246,2829.10219128656,456.0,55.11860862090172,0.08854160003223975,0.34685565320688716,1.5310551257312737,622.5165187983043
1025,657.6297265821082,2829.1574230770034,344.0,39.257881346961156,0.09485240497856035,0.37277936031924896,1.5943352892675693,413.883879442326
1026,1646.8397811468615,2829.558145465223,135.0,9.306802253971771,0.05029776433236134,0.2596777647554961,1.3507631574374273,185.03411389169477
1027,3471.5746780027243,2838.2419788877455,217.0,21.359900067108406,0.07516598634163923,0.17024890073320986,1.2051806871767334,284.1697569167105
1028,1895.644613731138,2837.885196225469,152.0,11.673747829467956,0.05262543025061928,0.29226646914350074,1.4129611730982985,221.82712376647186
1029,3896.518138106603,2851.6815956556866,143.0,9.947007559183627,0.05895024406849251,0.12979270723916325,1.1491514818582826,168.73564675366737
1030,3574.1902567665147,2853.347492250456,33.0,1.9256784044365598,0.029244414933826485,0.3056203922157702,1.4401344578522504,65.84773225225862
1031,657.1270501335343,2873.596297214345,74.0,4.874092200140818,0.04401664131682973,0.5424725464020322,2.1856611928662675,110.7329422310378
1032,2692.9948080227728,2875.233345532099,133.0,8.281153768717441,0.05131263748227655,0.1919990688466714,1.2376223361186167,161.3862427472718
1033,3179.4541878070504,2887.0769571484598,125.0,8.652173036048428,0.0560778577295306,0.0770888734472629,1.083527948931774,154.28857995572454
1034,2204.2469814170604,2889.53071223427,31.0,1.4833383436361471,0.022932600177536653,0.5967994615715749,2.480155418189048,64.68251886627026
1035,2294.0670989734053,2903.543846923132,383.0,54.503441775281644,0.08121031747709728,0.2038917311877555,1.2561105557815047,671.1393757406817
1036,3083.445788183261,2916.2051857205042,83.0,4.896046555328237,0.043973794459442786,0.21782611004015207,1.278488086646991,111.34009733555928
1037,2611.277345166387,2924.400704078736,406.0,68.68277216102761,0.08955029661260082,0.21255774102618596,1.2699343838914472,766.9742564689966
1038,2651.8030863354097,2937.904226342865,247.0,24.519366719326804,0.0703744399046124,0.24791056417779667,1.3296291004364056,348.41295721232143
1039,1839.595759432211,2937.974395374162,33.0,1.7615366652969255,0.02525780383642005,0.44686187784776465,1.8078667152953505,69.74227358424997
1040,2395.685035109617,2946.7944236701996,388.0,55.6076214274102,0.08368603074128583,0.19389420498037224,1.240531957688818,664.4791363007809
1041,1944.7039127120302,2950.8889361209017,34.0,1.811248340901745,0.025364250762228775,0.2837093405436655,1.396081306936211,71.40949511502895
1042,2325.3656971922937,2966.3376661491534,229.0,21.873328468029584,0.06444953866907305,0.29268406448661344,1.41379537741388,339.38688964620604
1043,2790.29465069075,2985.5812944524564,459.0,80.88912703960038,0.09986294677472288,0.19624286999002494,1.2441569258459821,810.001403444214
1044,1591.106143910759,2994.2760338678627,85.0,5.189272206709573,0.040137158968960925,0.3196901152512647,1.4699183745791649,129.28847830815747
1045,1695.988145054702,3007.944372177891,547.0,113.63120715653993,0.1026773761638214,0.1124559251665932,1.1267046092192112,1106.6820306670256
1046,2241.528183646084,3012.342388321199,215.0,18.34929270191669,0.0633701398646882,0.21631688534920124,1.276025961648529,289.5573962925949
1047,1140.735102553297,3019.0006113550876,101.0,6.668416076169921,0.048009127037084376,0.23819585258217724,1.3126733470663756,138.8989237612869
1048,2887.717385400771,3030.042182222872,119.0,7.816209474954807,0.05216838634836,0.2101395554879263,1.2660464350987184,149.8265524787604
1049,2491.853205508878,3043.7708417494077,38.0,2.233691992678996,0.027456919695977286,0.5483164897115295,2.2139395776510495,81.35260682596724
1050,5330.50817932529,3108.9191108925797,27361.0,14241.789412220203,1.2723377518028107,0.9042863617055967,10.447831864087371,11193.403160474187
1051,3576.7225189506357,3090.90969962754,723.0,194.3926866579109,0.13222503010673545,0.2799949287950674,1.3888791065408668,1470.1655692647007
1052,2923.41765222548,3125.618324505955,55.0,3.031853180497956,0.03525960133570789,0.39393347214336916,1.6499838780678493,85.98659841986235
1053,2747.2424793736304,9.015616851043196,7529.0,4815.576189529875,2.444238364552405,0.9382655132003337,16.198401442051104,1970.1745375442197
1054,3141.4578717496984,5.839723955314413,9747.0,3629.0530663286404,0.8027558896062214,0.9721128678226552,35.858832440733636,4520.742997113123
1055,179.25334825262794,219.9071334989943,141.0,11.200857384745843,0.046214692331510085,0.4316961437755491,1.7596220561365525,242.36572439775563
1056,193.39842478920818,230.65090518380927,223.0,32.61272886005513,0.058119643446739755,0.45720015907700706,1.8422997293064243,561.130917637874
1057,3578.915707106913,222.75184561444993,68.0,8.041143721965863,0.07126490376877936,0.19824732704136616,1.2472674351178554,112.83455525395138
1058,3571.4879944538534,227.1114710738413,73.0,8.32259205606078,0.07353319263689445,0.25846871491232604,1.3485607689253007,113.18143218882913
1059,639.1776768824408,506.8153335623923,206.0,23.241747806020584,0.06109553247452615,0.4170431662880494,1.7153928767462017,380.4164865198819
1060,626.3646501686186,515.9803048705236,296.0,67.87326267324083,0.07426816490911747,0.3053297401357544,1.4395319013591037,913.8944358770392
1061,641.3083301355437,523.0266515074824,269.0,53.594775670877986,0.07181121013487937,0.37674150040619203,1.6044706981962111,746.3288192778484
1062,631.3690872266712,537.1460525228679,178.0,17.979270436473,0.06089444104162544,0.37214268553987184,1.5927185635479357,295.25306627222284
1063,616.8140840474908,543.0056348576172,297.0,70.59858180795192,0.08042984411465094,0.3800747388189115,1.6130976790569704,877.7659907846547
1064,3404.573174610577,1075.3932245992219,331.0,105.49064560843203,0.09475134531762261,0.23475335343804826,1.306768222366909,1113.3419293922368
1065,3422.760187929101,1082.5374541613614,143.0,16.49278872450552,0.06192146598043992,0.3090370679958828,1.4472556394588783,266.3501011057353
1066,4884.899748103837,1172.125937250171,255.0,54.56256772110161,0.09337326873941841,0.1485620748865969,1.174483741567901,584.3489090370412
1067,4869.25406247561,1173.1018309510494,97.0,9.632118362026063,0.05737034267958757,0.2807882702597385,1.3904111385407234,167.89368708883762
1068,3520.2291146754715,2309.9637486728643,52.0,3.730115327728608,0.037551454996727435,0.3811934647413555,1.6160139607802086,99.33344335269254
1069,3517.9871890170702,2314.4470654505417,48.0,3.4248014466080248,0.03610608436608543,0.5129723915868404,2.0532716887615763,94.8538593075729
