label,x,y,area,mean_probability,max_probability
1,1434.5021154042206,24.137826231012337,156944,0.9958116,0.99999964
2,5011.682692307692,4.384615384615385,104,0.9690279,0.99708664
3,4904.836956521739,6.206521739130435,92,0.95005417,0.99209577
4,4112.090909090909,3.909090909090909,22,0.9797371,0.9997992
5,4939.939393939394,16.984848484848484,66,0.86124825,0.9592294
6,5151.024,20.416,125,0.92473626,0.99025834
7,4746.291666666667,21.333333333333332,72,0.89409626,0.97289467
8,4500.391304347826,40.2536231884058,138,0.96830595,0.9976901
9,4670.029411764706,40.38235294117647,34,0.9631219,0.99863917
10,4185.8899082568805,60.711009174311926,218,0.98520726,0.9999994
11,4520.131578947368,60.86842105263158,76,0.854472,0.9665609
12,3312.2272727272725,61.27272727272727,22,0.7705202,0.8652117
13,5117.5,60.875,16,0.7995206,0.8940918
14,1411.8823529411766,63.588235294117645,17,0.74469835,0.8593929
15,3306.133333333333,64.4,15,0.82437897,0.9200947
16,3500.9,68.03333333333333,30,0.9173768,0.98695236
17,3672.6111111111113,70.88888888888889,18,0.7418033,0.8394875
18,1408.5,71.0,6,0.7919082,0.8575665
19,3008.2315789473682,76.88421052631578,190,0.96810156,0.9989242
20,340.9117647058824,73.6470588235294,34,0.8402163,0.96052307
21,354.0,73.5,6,0.71381944,0.78532314
22,3780.419811320755,88.22169811320755,212,0.9816097,0.9995937
23,4239.418326693227,91.75298804780877,251,0.9825933,0.9999051
24,3573.2549019607845,95.87745098039215,204,0.9854422,0.99933237
25,4364.146198830409,94.90058479532163,171,0.97117996,0.99885833
26,1143.9856459330144,97.23923444976077,209,0.990514,0.9999999
27,3398.4457831325303,99.63855421686748,166,0.9411794,0.99125695
28,1851.5,94.5,4,0.69727725,0.7233642
29,1583.6953125,105.265625,256,0.9774427,0.99955297
30,2770.936170212766,102.08510638297872,94,0.94686145,0.99999726
31,2644.244131455399,108.79342723004694,213,0.97317517,0.99868757
32,3543.2520547945205,113.83287671232877,365,0.9739255,0.998901
33,4445.612716763006,112.73410404624278,173,0.9781992,0.99906147
34,3711.0042918454938,115.40343347639485,233,0.95004827,0.9941236
35,2105.6363636363635,111.31818181818181,22,0.8133934,0.93977684
36,4017.4758620689654,114.79310344827586,145,0.9560379,0.99176276
37,1695.5735294117646,120.96323529411765,272,0.9862958,0.9996538
38,3567.5242718446602,119.83495145631068,206,0.9797269,0.99923563
39,4969.0,115.69811320754717,53,0.8161296,0.911862
40,4275.190476190476,120.5,42,0.8506933,0.9601104
41,5050.258064516129,121.16129032258064,62,0.8537953,0.96271634
42,4926.971698113208,127.40566037735849,106,0.9380248,0.9843662
43,5377.860082304527,131.23456790123456,243,0.9747361,0.99781656
44,3079.4821428571427,134.23928571428573,280,0.9800398,0.99999684
45,3337.9007633587785,129.75572519083968,131,0.95471555,0.995385
46,4087.3980582524273,130.74757281553397,103,0.9332324,0.9920355
47,1283.2538226299694,137.4954128440367,327,0.9852427,0.99991333
48,3106.5253333333335,139.38133333333334,375,0.97965217,0.9997047
49,2006.5027932960893,135.64804469273744,179,0.96707374,0.996689
50,3305.223140495868,136.30165289256198,242,0.9824376,0.99994886
51,2619.185520361991,139.31221719457014,221,0.9810504,0.99928707
52,5179.0526315789475,139.53508771929825,114,0.9691778,0.9955142
53,3621.912408759124,139.63503649635035,137,0.9597964,0.99448293
54,3417.0157894736844,142.33684210526314,190,0.97415715,0.99834716
55,3196.7258883248733,144.46700507614213,197,0.97748625,0.99884784
56,3683.54,140.08,50,0.87954307,0.96281934
57,4550.0,143.63829787234042,94,0.93492126,0.9915712
58,1336.375,148.23214285714286,224,0.985851,0.9986524
59,3213.695652173913,149.04891304347825,184,0.9804672,0.9992028
60,1924.4249084249084,153.99267399267399,273,0.9830284,0.9996686
61,2001.328,153.168,250,0.96951807,0.9983612
62,3399.08813559322,155.6271186440678,295,0.979053,0.9989901
63,4019.169373549884,157.9767981438515,431,0.98354924,0.99995244
64,4952.275862068966,151.33333333333334,87,0.9229737,0.98537934
65,5524.288043478261,153.45652173913044,184,0.95893395,0.9960089
66,1106.715909090909,158.22727272727272,264,0.9798563,0.99920434
67,3578.3489583333335,156.89583333333334,192,0.9751249,0.99930894
68,2549.401785714286,160.78571428571428,224,0.97301024,0.99829507
69,4917.416666666667,157.97222222222223,108,0.9357402,0.98553365
70,5298.158878504673,158.89719626168224,107,0.9010928,0.96853405
71,377.96,165.76,200,0.9870158,0.99978167
72,3833.305,165.495,200,0.98612046,0.9997192
73,5007.866666666667,164.17435897435897,195,0.9813403,0.99938357
74,5388.875,158.125,8,0.75419354,0.83523893
75,3626.976331360947,165.27810650887574,169,0.9639277,0.99799937
76,3541.5971223021584,165.3021582733813,139,0.94584966,0.9932748
77,3473.5384615384614,161.84615384615384,13,0.8064245,0.9129292
78,5386.333333333333,161.66666666666666,12,0.7468203,0.8327776
79,3858.887323943662,164.66197183098592,71,0.83263576,0.93624085
80,2960.3755656108597,170.84615384615384,221,0.9913699,0.99993134
81,4500.868421052632,170.17543859649123,114,0.94467294,0.9923884
82,3774.56,168.88,25,0.7994515,0.91723055
83,1220.313725490196,171.80392156862746,102,0.8994988,0.9757346
84,1710.5,175.84653465346534,202,0.96161085,0.9953767
85,3788.8333333333335,169.58333333333334,24,0.8298971,0.9144757
86,3572.447963800905,178.1447963800905,221,0.90616095,0.9849199
87,5040.24,171.0,25,0.7892293,0.8866028
88,387.5,170.5,4,0.6740567,0.68726045
89,1817.7899159663866,178.05882352941177,238,0.9759116,0.9980154
90,1834.4716981132076,175.5566037735849,106,0.91901314,0.9843604
91,3605.153846153846,172.0,13,0.84963185,0.9174469
92,3929.096590909091,179.1931818181818,176,0.9708186,0.9970372
93,4974.733766233766,178.5974025974026,154,0.97116405,0.9981665
94,3489.3253968253966,179.23015873015873,126,0.9495438,0.9878566
95,2373.627551020408,182.21428571428572,196,0.9739894,0.997598
96,5311.324414715719,184.80267558528428,299,0.9706941,0.99854994
97,3550.936842105263,184.06842105263158,190,0.97374654,0.99888295
98,3762.6848484848483,185.4909090909091,165,0.9802882,0.99859697
99,4663.7338709677415,184.38709677419354,124,0.9754001,0.99885315
100,2432.5232067510547,189.0126582278481,237,0.9710305,0.999841
101,3702.5407407407406,185.6888888888889,135,0.9494233,0.9906602
102,3892.1103896103896,193.03896103896105,308,0.9646349,0.99743104
103,4111.513157894737,186.22368421052633,76,0.82676536,0.96553916
104,4891.773584905661,187.72641509433961,106,0.97593796,0.99943846
105,3622.2380952380954,188.3095238095238,84,0.96852803,0.99425596
106,3066.7704918032787,188.37704918032787,61,0.97631955,0.99836546
107,4282.25641025641,188.5,78,0.9740434,0.99859846
108,4740.3774509803925,192.59803921568627,204,0.9592928,0.99993515
109,2956.217391304348,189.45652173913044,46,0.9333449,0.99014246
110,4010.3677130044844,194.7443946188341,223,0.965131,0.9980782
111,1229.2190812720848,197.56183745583039,283,0.9847889,0.999606
112,2257.689969604863,199.01215805471125,329,0.98238164,0.9999778
113,2315.5380116959063,196.2748538011696,171,0.95130736,0.99443686
114,2530.3504273504273,197.17521367521368,234,0.97099197,0.9990686
115,3160.0,190.0,13,0.88331413,0.9485559
116,1774.5,190.5,8,0.8475758,0.9757927
117,4471.034782608695,200.26521739130436,230,0.9852167,0.9998438
118,1775.3881578947369,198.4078947368421,152,0.8905091,0.9781875
119,2954.0,194.0,15,0.75231445,0.8845245
120,4283.787234042553,194.87234042553192,47,0.75141937,0.96948165
121,2969.8693693693695,201.76126126126127,222,0.9854551,0.99986035
122,3065.5,194.5,4,0.6963074,0.7298177
123,4988.805970149254,201.92537313432837,67,0.9807308,0.99788225
124,1416.643216080402,205.07035175879398,199,0.95026225,0.9956285
125,4322.784386617101,205.39776951672863,269,0.9801992,0.9992747
126,4355.85294117647,199.7941176470588,34,0.8183964,0.9351716
127,3575.4253347064882,220.06900102986612,971,0.97523206,0.9996878
128,4190.285714285715,199.21428571428572,14,0.7626304,0.86781836
129,5283.265625,203.125,64,0.8790941,0.9784707
130,2214.7748691099478,206.6806282722513,191,0.96525216,0.99734694
131,3929.089108910891,204.44554455445544,101,0.9278836,0.9891211
132,4778.561643835616,205.9794520547945,146,0.9800017,0.9993249
133,4995.208333333333,202.625,24,0.86672956,0.9866203
134,2513.755656108597,209.19909502262445,221,0.983936,0.99925697
135,1499.044642857143,207.86607142857142,112,0.888951,0.9871374
136,1982.6234939759036,214.80421686746988,332,0.9762134,0.99828875
137,3200.0796812749004,212.75697211155378,251,0.987433,0.9999783
138,4201.5161290322585,209.16935483870967,124,0.9350242,0.98625624
139,1247.3125,214.08823529411765,272,0.9835003,0.99935734
140,2623.135265700483,213.4830917874396,207,0.9884164,0.9999208
141,3740.15,210.8375,80,0.913216,0.9859581
142,3714.519181585678,218.11764705882354,391,0.97538245,0.9999096
143,3910.6341463414633,210.78048780487805,41,0.8774505,0.9744749
144,2663.1428571428573,212.9591836734694,98,0.83876115,0.9648031
145,1889.549107142857,216.72767857142858,224,0.968104,0.99867404
146,3686.7908496732025,216.32679738562092,153,0.96253186,0.9973374
147,186.6832191780822,225.736301369863,584,0.9875671,0.9999617
148,2331.318181818182,220.08391608391608,286,0.9841765,0.99995816
149,4100.297872340426,215.87234042553192,94,0.91950357,0.99095476
150,3651.733695652174,221.04891304347825,368,0.973978,0.99996847
151,2967.1428571428573,219.5578231292517,147,0.9588569,0.99547696
152,3779.4,215.36,25,0.78012717,0.89106596
153,1788.7053140096618,221.05797101449275,207,0.96490014,0.9979015
154,3406.5733333333333,232.05037037037036,675,0.97268575,0.9998846
155,4270.063063063063,223.18018018018017,222,0.98339915,0.9997235
156,4558.657817109144,225.75221238938053,339,0.9794695,0.99994165
157,2085.400709219858,225.21985815602838,282,0.98178077,0.99953455
158,3736.0,217.0,7,0.75289375,0.80707365
159,1417.1005747126437,228.7528735632184,348,0.99023014,0.99996555
160,5112.79057591623,224.82198952879583,191,0.98368454,0.99983144
161,5504.127659574468,222.0,47,0.77976024,0.8929745
162,3516.990990990991,227.13963963963963,222,0.9785771,0.9998218
163,5203.423076923077,222.89743589743588,78,0.91803867,0.97188646
164,2486.222222222222,229.63888888888889,36,0.81087863,0.92785203
165,4315.151041666667,230.91145833333334,192,0.97398025,0.99741495
166,5320.898058252427,232.3106796116505,206,0.96848655,0.99828357
167,2062.771186440678,233.91525423728814,236,0.9808669,0.9985718
168,2683.055172413793,236.62758620689655,145,0.98756164,0.9997673
169,2512.8874458874457,238.04329004329006,231,0.9809762,0.9993508
170,3897.8190476190475,243.18333333333334,420,0.97029203,0.999048
171,845.709090909091,235.36363636363637,55,0.8474247,0.9796905
172,1802.7885462555066,239.2555066079295,227,0.969067,0.99859154
173,2863.8835616438355,238.14383561643837,146,0.97570854,0.99763465
174,3596.4222222222224,235.2,45,0.8075941,0.9502063
175,3941.476923076923,235.98461538461538,65,0.8721849,0.9801338
176,3391.206896551724,235.75862068965517,29,0.8305288,0.948004
177,4845.4358974358975,238.75213675213675,117,0.9784421,0.9981186
178,2097.9056603773583,237.71698113207546,53,0.8467988,0.95841223
179,3623.0544747081713,242.5214007782101,257,0.98363334,0.99994755
180,1258.0816326530612,237.79591836734693,49,0.8529597,0.98609495
181,5110.478260869565,240.40869565217392,115,0.95156956,0.994297
182,2318.691275167785,241.91275167785236,149,0.9358255,0.98997474
183,2691.9444444444443,239.05555555555554,18,0.7285857,0.79677546
184,4130.563786008231,245.80658436213992,243,0.97821367,0.9989355
185,3865.289655172414,244.64827586206897,145,0.9384463,0.99140906
186,3559.4031007751937,248.62790697674419,129,0.87724227,0.9735105
187,3773.878787878788,245.53787878787878,132,0.9532448,0.9941955
188,3402.108695652174,247.03804347826087,184,0.96944493,0.99763227
189,3478.6363636363635,246.36363636363637,132,0.96703756,0.9967022
190,3653.587837837838,247.86486486486487,148,0.94131756,0.9878436
191,3880.1710526315787,245.3684210526316,76,0.8955388,0.9813694
192,1001.3333333333334,245.87878787878788,33,0.85692066,0.9653178
193,3573.029411764706,248.59558823529412,136,0.9341702,0.99285513
194,3594.5316205533595,255.35177865612647,506,0.97128737,0.9998959
195,1272.1067708333333,255.7734375,384,0.9878399,0.9999843
196,2052.2357723577234,249.6260162601626,123,0.8964551,0.9836658
197,3932.711409395973,250.39597315436242,149,0.9558861,0.9961761
198,3035.897590361446,251.32530120481928,166,0.9714505,0.99825615
199,3536.285714285714,255.1238095238095,210,0.9552895,0.9978988
200,4529.78640776699,250.09708737864077,103,0.9225367,0.9892289
201,4203.021164021164,253.86243386243387,189,0.9763946,0.99964106
202,2094.5348837209303,252.2325581395349,43,0.7936478,0.92499256
203,1336.6009389671362,263.07042253521126,213,0.9892929,0.9993585
204,1447.8556701030927,261.08247422680415,194,0.9818258,0.99898285
205,3332.4307692307693,262.18461538461537,130,0.97342086,0.99769455
206,3616.413043478261,257.5652173913044,46,0.951472,0.990629
207,3776.2678571428573,258.25,56,0.86862475,0.97989494
208,4773.0,256.89473684210526,19,0.8752592,0.95719105
209,5501.597122302158,262.1438848920863,139,0.94031024,0.9953473
210,2444.3880597014927,264.3880597014925,201,0.9737336,0.99868053
211,342.40520446096656,267.8289962825279,269,0.9805585,0.9992812
212,2724.355670103093,265.72680412371136,194,0.9809223,0.99924064
213,4035.5,260.0,10,0.76956594,0.8114817
214,2014.086705202312,266.5606936416185,173,0.9433978,0.9901869
215,1768.2894736842106,265.1842105263158,76,0.91464466,0.98528504
216,4949.036363636364,268.0090909090909,220,0.9793638,0.9998808
217,4077.217391304348,270.18840579710144,276,0.96773493,0.9977987
218,3743.9514925373132,271.35074626865674,268,0.9849414,0.99997663
219,2169.9117647058824,267.94117647058823,34,0.80447173,0.91248953
220,3154.2571428571428,268.7142857142857,105,0.9051252,0.9712135
221,2161.5,266.5,8,0.7400203,0.80620265
222,2382.5220125786163,271.54088050314465,159,0.9681721,0.99507
223,4246.675126903553,272.01015228426394,197,0.9845237,0.99940085
224,1870.025,271.0875,80,0.8981522,0.9739475
225,2239.730941704036,274.47533632286996,223,0.97293746,0.9989392
226,3169.102857142857,273.4342857142857,175,0.9779051,0.9990343
227,2480.8155339805826,272.2621359223301,103,0.91213465,0.9808795
228,2709.965909090909,274.51704545454544,176,0.96974355,0.99734664
229,741.9705882352941,274.56617647058823,136,0.94576275,0.99137914
230,565.3333333333334,270.6666666666667,12,0.81823045,0.90562767
231,2348.3109243697477,276.9579831932773,238,0.98076725,0.9992579
232,3600.7292418772563,278.84115523465704,277,0.98404306,0.9998011
233,5253.711656441717,277.3558282208589,163,0.9817288,0.9988249
234,1545.4814814814815,277.9312169312169,189,0.9671571,0.9972526
235,5105.428571428572,274.98214285714283,56,0.92115635,0.98127455
236,2990.521126760563,277.6478873239437,142,0.9597844,0.9945539
237,2006.1467889908256,281.1605504587156,218,0.9688702,0.99708086
238,2592.8055555555557,276.625,72,0.89780796,0.9786331
239,2643.7056277056276,281.13419913419915,231,0.98541844,0.9998765
240,4107.824615384616,282.2523076923077,325,0.9825434,0.999943
241,3952.9245283018868,280.9559748427673,159,0.93646634,0.9931958
242,2790.828431372549,281.94117647058823,204,0.97449464,0.99883276
243,3852.5,275.5,4,0.7661414,0.8161051
244,3890.2885572139303,282.11442786069654,201,0.9876189,0.9999155
245,3389.470588235294,278.47058823529414,17,0.75954133,0.8812555
246,4853.403361344538,284.172268907563,238,0.98842174,0.99996614
247,452.6832298136646,288.51552795031057,161,0.9630785,0.99330163
248,4513.084548104956,290.1545189504373,343,0.98883706,0.99996173
249,3937.795918367347,285.7551020408163,49,0.8862926,0.97549313
250,4174.39705882353,285.7352941176471,68,0.9132877,0.9797493
251,495.46101694915257,292.2915254237288,295,0.9831123,0.99975115
252,2528.9085545722714,294.353982300885,339,0.9764065,0.9990249
253,3674.339366515837,291.0180995475113,221,0.98583156,0.9999584
254,3709.4275862068966,288.99310344827586,145,0.9201443,0.99525833
255,402.48854961832063,289.9083969465649,131,0.92219055,0.9866823
256,2448.6345177664975,295.83502538071065,394,0.9875609,0.9999964
257,3984.1844660194174,288.4757281553398,103,0.9348501,0.99179137
258,5296.08275862069,290.50344827586207,145,0.9483131,0.9925281
259,3492.619918699187,299.3638211382114,492,0.9868214,0.99997824
260,3578.230188679245,293.96603773584906,265,0.9671217,0.99928766
261,5494.304812834224,292.81283422459893,187,0.96173227,0.9980263
262,2357.567441860465,294.98604651162793,215,0.9750695,0.9980545
263,2851.5,287.5,4,0.7287079,0.8224969
264,4219.044642857143,294.4642857142857,112,0.964386,0.99443287
265,1544.1490384615386,296.6394230769231,208,0.967664,0.99636304
266,3849.235294117647,296.6617647058824,204,0.9597453,0.9959749
267,5070.688311688312,295.4805194805195,154,0.97697794,0.9996012
268,3428.3045977011493,298.0344827586207,174,0.9794466,0.9993174
269,4960.693467336683,298.46231155778895,199,0.9852533,0.9999651
270,5386.896551724138,295.91954022988506,87,0.9151351,0.98203063
271,4559.7791411042945,298.73006134969324,163,0.96937215,0.9978635
272,3555.4752475247524,298.08910891089107,101,0.9266453,0.9899442
273,2665.14,298.62,50,0.8422257,0.97586846
274,3635.9123711340208,302.6855670103093,194,0.98227733,0.9997943
275,4035.2023121387283,301.46242774566474,173,0.9532654,0.9963109
276,1495.3430656934306,304.9160583941606,274,0.9841568,0.9992286
277,3187.6428571428573,299.57142857142856,28,0.81971455,0.92746794
278,3444.982905982906,305.53846153846155,234,0.9859977,0.9999658
279,4009.072072072072,303.45045045045043,111,0.9069159,0.9882769
280,730.5,299.5,4,0.7229631,0.81228846
281,1694.0882352941176,304.2843137254902,102,0.8765705,0.96906036
282,2711.0,307.425,200,0.97596085,0.9984549
283,4841.557046979866,307.61073825503354,149,0.9810869,0.9997232
284,2673.966966966967,314.00600600600603,333,0.98361456,0.9999776
285,2775.2444444444445,313.6711111111111,225,0.9840739,0.9998461
286,4092.171806167401,313.10132158590307,227,0.9636011,0.99976456
287,1842.4271844660195,314.0485436893204,103,0.87663716,0.9678684
288,2986.286666666667,313.35333333333335,150,0.95847267,0.99686193
289,3351.817518248175,313.0875912408759,137,0.9487407,0.99147207
290,2248.904929577465,317.1901408450704,284,0.98597264,0.9999114
291,2284.942408376963,317.3979057591623,191,0.9624383,0.99512535
292,3904.875,311.125,8,0.8023037,0.88585526
293,647.1795774647887,323.1866197183099,284,0.9838451,0.99964
294,1617.539534883721,325.69612403100774,645,0.98123676,0.9999057
295,3885.0193548387097,322.36129032258066,155,0.9820194,0.999595
296,1719.4268292682927,324.1951219512195,164,0.960193,0.9941895
297,2755.5619047619048,323.43809523809523,105,0.941813,0.98478436
298,2869.4583333333335,319.875,24,0.81821233,0.94413465
299,2826.47,325.865,200,0.9789513,0.9997912
300,3307.2849162011175,325.340782122905,179,0.93083304,0.994744
301,3002.239436619718,322.80281690140845,71,0.9107305,0.98007697
302,2806.1814516129034,329.2459677419355,248,0.9849177,0.99996126
303,3466.483870967742,328.70506912442397,217,0.9823209,0.9996861
304,3803.4074074074074,328.1604938271605,162,0.9626979,0.9982235
305,5305.644444444444,324.68888888888887,45,0.79088867,0.9321814
306,5405.522088353414,329.3092369477912,249,0.9870787,0.99999547
307,3744.7699115044247,327.3185840707965,113,0.92953074,0.98166144
308,3091.8137254901962,328.2450980392157,102,0.9203644,0.98377013
309,4115.210526315789,330.2842105263158,190,0.9780198,0.9995987
310,2950.185185185185,329.0740740740741,108,0.95608026,0.9919922
311,3517.018292682927,331.3292682926829,164,0.96059835,0.9984346
312,3175.7191011235955,330.561797752809,89,0.92253995,0.9827055
313,4225.5,330.97777777777776,90,0.9316667,0.9953221
314,1867.0238095238096,332.0,42,0.861789,0.97379714
315,2769.246835443038,334.0886075949367,158,0.9684539,0.9982052
316,4052.4125,337.8275,400,0.9803014,0.9999661
317,4731.691176470588,331.75,68,0.9211447,0.9897015
318,2411.96,335.48,125,0.9169733,0.98558193
319,4102.462328767123,344.48972602739724,292,0.9439482,0.99443746
320,4745.858208955224,336.2835820895522,134,0.9777547,0.99972576
321,4369.090909090909,335.3246753246753,77,0.886767,0.983255
322,5222.544354838709,339.125,248,0.9891895,0.99999166
323,4642.122580645161,338.5483870967742,155,0.97725534,0.99971265
324,5036.9190751445085,338.8959537572254,173,0.98341346,0.99970675
325,4502.117647058823,336.47058823529414,17,0.8306418,0.93852216
326,4516.781065088758,342.0,169,0.9575576,0.9981225
327,388.1172161172161,346.05860805860806,273,0.985475,0.99968827
328,2875.53125,350.3375,160,0.97443026,0.99922144
329,3347.3289473684213,343.76973684210526,152,0.97731,0.99771047
330,3539.2638036809817,344.3680981595092,163,0.96422845,0.9957563
331,3645.1111111111113,341.44444444444446,18,0.7406091,0.8507759
332,5243.4689655172415,345.29655172413794,145,0.95850366,0.99616265
333,5506.8387096774195,340.9032258064516,31,0.82961893,0.9477711
334,2800.2894736842104,342.2631578947368,38,0.8934744,0.9740407
335,3493.5,340.5,4,0.72980225,0.80697054
336,4656.192307692308,346.15384615384613,130,0.960184,0.9988967
337,4459.657142857143,344.87142857142857,70,0.91190135,0.98751473
338,4198.378109452737,349.70646766169153,201,0.97777325,0.9994536
339,3140.455172413793,350.1448275862069,145,0.9866278,0.99968183
340,3196.5,345.0,6,0.7714401,0.81873906
341,5515.826086956522,351.4782608695652,184,0.97861964,0.99917537
342,2700.11306042885,356.906432748538,513,0.98321354,0.9998936
343,3255.8061224489797,349.64285714285717,98,0.8757396,0.95805097
344,5373.0,345.5,6,0.68533134,0.72941947
345,3687.475,352.55625,160,0.96645576,0.9959135
346,2567.9607843137255,354.2352941176471,102,0.9093617,0.9879736
347,2731.5,351.0,6,0.77353674,0.86525095
348,2924.487951807229,357.4096385542169,166,0.98117507,0.9982929
349,2261.486274509804,359.59215686274507,255,0.98725396,0.99995553
350,2842.6617647058824,355.86764705882354,68,0.88635844,0.97701687
351,4529.212121212121,354.2121212121212,33,0.88218075,0.97718984
352,2649.4897959183672,359.71938775510205,196,0.98227865,0.99914896
353,2445.2602040816328,360.8673469387755,196,0.9786563,0.9991732
354,3612.4066666666668,360.48,150,0.9415801,0.99406403
355,4187.522388059701,358.23880597014926,67,0.9227214,0.9885472
356,4500.238095238095,357.5238095238095,21,0.82932836,0.95428705
357,3367.44099378882,362.2670807453416,161,0.97742885,0.9987822
358,3655.8695652173915,358.1304347826087,23,0.8276602,0.92739606
359,976.4462365591398,363.86559139784947,186,0.9740742,0.99718285
360,3527.7023809523807,361.20238095238096,84,0.89883566,0.9701424
361,2094.2579365079364,366.4404761904762,252,0.9884759,0.99989986
362,4425.7441860465115,363.91472868217056,129,0.9520408,0.9939385
363,621.2878787878788,374.0822510822511,462,0.9748522,0.9991393
364,3985.326271186441,368.0381355932203,236,0.9497998,0.9979062
365,3185.481818181818,369.1090909090909,220,0.98953956,0.9999654
366,3515.3809523809523,367.7142857142857,147,0.9576032,0.99812305
367,4539.754385964912,366.29824561403507,57,0.8291235,0.96353656
368,67.6774193548387,373.2217741935484,248,0.97430396,0.99857414
369,2804.157894736842,376.0,266,0.95359176,0.99917394
370,3259.9444444444443,367.1111111111111,18,0.7784891,0.91062486
371,3578.2763819095476,372.76884422110555,199,0.9806221,0.9991055
372,329.57706093189967,375.0,279,0.9870216,0.99992096
373,3407.422110552764,373.89447236180905,199,0.9787383,0.9999268
374,1672.7292576419213,375.2227074235808,229,0.98218495,0.9991504
375,3595.074712643678,373.7068965517241,174,0.97575307,0.99912006
376,2877.346153846154,373.9423076923077,52,0.96634674,0.9950885
377,4411.5,374.23148148148147,108,0.98047364,0.9990264
378,4125.5822784810125,376.82911392405066,158,0.94909704,0.99622107
379,5240.54255319149,377.3936170212766,188,0.98646706,0.9998219
380,2884.0,374.05882352941177,17,0.71430933,0.8072499
381,3266.3658536585367,377.9390243902439,164,0.9788489,0.9992423
382,5097.223684210527,377.30263157894734,76,0.9315865,0.9867928
383,5207.474489795918,380.53061224489795,196,0.97531176,0.9999692
384,2710.2837209302324,383.7581395348837,215,0.9749498,0.99993855
385,4027.1911764705883,379.69117647058823,68,0.9643145,0.9943521
386,4167.292307692308,380.5076923076923,65,0.94979584,0.99287003
387,3776.5,380.74074074074076,54,0.9719816,0.9965522
388,675.1234567901234,388.81481481481484,324,0.9885496,0.99997175
389,2378.875,380.125,8,0.6863024,0.7351142
390,4549.194444444444,381.19444444444446,36,0.89360785,0.9766287
391,4949.054054054054,381.3243243243243,37,0.9053185,0.9690374
392,1545.5084745762713,387.84180790960454,177,0.9388548,0.9908333
393,2397.885462555066,388.0484581497797,227,0.9795012,0.9998565
394,3048.153846153846,381.96153846153845,26,0.88879716,0.962482
395,5512.801136363636,387.27272727272725,176,0.9771479,0.9991658
396,2373.875,382.125,8,0.8205533,0.91297084
397,3827.0,382.17391304347825,23,0.90981615,0.98099166
398,5256.0,382.5,10,0.8822762,0.9371137
399,2192.2631578947367,388.37719298245617,114,0.9125142,0.9889726
400,2831.7676056338028,388.88028169014086,142,0.9527644,0.99344075
401,5089.049504950495,388.48514851485146,101,0.9613577,0.9982835
402,1979.125,391.96875,224,0.97520554,0.99893224
403,4673.642611683848,393.106529209622,291,0.9824147,0.9999405
404,3045.0,386.5,12,0.7309406,0.8045212
405,3503.751724137931,391.04137931034484,145,0.9629083,0.994275
406,3994.592920353982,392.7699115044248,226,0.984289,0.999929
407,777.8888888888889,388.77777777777777,36,0.83090675,0.9609244
408,4581.520547945205,392.13698630136986,146,0.965261,0.9974787
409,4130.557275541796,396.1981424148607,323,0.9817652,0.9995125
410,5257.0,388.0,7,0.7395438,0.79383254
411,2437.0471698113206,392.87735849056605,106,0.87690455,0.9693297
412,2612.682926829268,395.219512195122,164,0.95906466,0.9937067
413,4157.473684210527,391.39473684210526,38,0.74717355,0.8743564
414,2268.2083333333335,393.3125,48,0.7905419,0.94773495
415,3939.806666666667,396.02666666666664,150,0.9711485,0.9992779
416,1455.7291666666667,398.5364583333333,192,0.9732847,0.9977839
417,3486.287804878049,398.42926829268293,205,0.9843573,0.9999225
418,4604.244897959184,394.2857142857143,49,0.90172863,0.98001635
419,2885.2083333333335,394.0833333333333,24,0.760006,0.8926934
420,2914.2507288629736,403.5276967930029,343,0.9896783,0.9999988
421,925.6990881458967,405.42857142857144,329,0.98308396,0.9998292
422,2009.128813559322,405.62033898305083,295,0.98421115,0.999967
423,5341.312138728324,403.05202312138726,173,0.97347325,0.9995277
424,3035.3350515463917,405.8453608247423,194,0.9863835,0.9999264
425,4637.55905511811,404.0787401574803,127,0.96733844,0.99691755
426,5107.232394366197,404.36619718309856,142,0.9752805,0.99956906
427,3607.4126984126983,404.6587301587302,126,0.9133165,0.98886883
428,3467.8214285714284,405.1357142857143,140,0.9093696,0.98669153
429,4083.700729927007,406.0,137,0.9336815,0.98885477
430,4899.95,402.825,40,0.92030936,0.9835966
431,5058.636363636364,402.59090909090907,22,0.7579089,0.88517606
432,3866.88785046729,405.7196261682243,107,0.92545885,0.9915571
433,222.0430769230769,412.5784615384615,325,0.9735776,0.9989391
434,3236.701986754967,408.7615894039735,151,0.9776864,0.99881434
435,1249.8690095846646,413.3450479233227,313,0.98010296,0.999539
436,3412.072222222222,411.19444444444446,180,0.9693431,0.9986438
437,5208.88679245283,416.11698113207547,265,0.970263,0.9993475
438,2775.1220338983053,416.51864406779663,295,0.97089595,0.99780834
439,4119.273885350319,411.22929936305735,157,0.9780172,0.99898756
440,2937.7980295566504,413.3152709359606,203,0.963539,0.99528146
441,4945.308333333333,412.81666666666666,120,0.9673187,0.9996333
442,1337.825,418.37,200,0.98427737,0.99981546
443,2184.9189189189187,415.0,74,0.8601932,0.9483403
444,3398.5882352941176,412.94117647058823,17,0.78613114,0.8895445
445,4444.435114503817,416.7480916030534,131,0.9223103,0.9934944
446,1309.3171641791046,421.36567164179104,268,0.9861414,0.99971616
447,4461.438016528926,420.1694214876033,242,0.9726445,0.9999081
448,4052.3125,414.1875,16,0.8134588,0.9058721
449,2094.878787878788,422.39772727272725,264,0.97767764,0.99967366
450,2706.5384615384614,425.3,260,0.9874694,0.9999843
451,4309.662068965517,422.86206896551727,145,0.96839243,0.99877656
452,4336.610465116279,422.7906976744186,172,0.9760184,0.99942493
453,4473.5,416.5,4,0.7778188,0.83893096
454,4640.966666666666,423.31111111111113,180,0.9832438,0.999782
455,3023.467741935484,424.23655913978496,186,0.9777886,0.99977434
456,5370.584415584415,425.17316017316017,231,0.98707646,0.99998975
457,581.0526315789474,424.8362573099415,171,0.9613913,0.9969937
458,1945.4434782608696,425.8565217391304,230,0.97915345,0.9992158
459,3883.3931034482757,425.02758620689656,145,0.978393,0.99932134
460,4741.269736842105,425.7631578947368,152,0.97867787,0.99955195
461,2961.353773584906,427.58962264150944,212,0.9871517,0.99995595
462,4965.029411764706,424.94117647058823,68,0.95358896,0.99381804
463,1964.2976744186046,430.30697674418604,215,0.9834535,0.9996109
464,2901.2340425531916,427.5,94,0.87814146,0.95525694
465,3451.22,429.29,100,0.97871435,0.998728
466,2314.125,425.875,8,0.8206495,0.9479717
467,1030.3670588235293,439.20235294117646,425,0.97759664,0.9994112
468,4524.708333333333,430.3958333333333,48,0.92447615,0.9872142
469,531.1836734693877,436.7755102040816,245,0.9746303,0.9982736
470,2746.0581039755352,436.1651376146789,327,0.98025185,0.9998435
471,2828.125,433.5,16,0.81482524,0.928892
472,3951.75,433.25,12,0.7564235,0.85830367
473,5188.0161290322585,438.81451612903226,248,0.9889282,0.99998295
474,4041.6491228070176,438.859649122807,171,0.9774907,0.99970716
475,2212.1923076923076,442.84615384615387,156,0.9518573,0.9948388
476,2239.1870503597124,442.8273381294964,139,0.9525959,0.98999494
477,3275.4876033057853,444.21487603305786,121,0.9512768,0.99721
478,4872.741758241758,445.4835164835165,182,0.98408777,0.999897
479,5104.2,442.8333333333333,90,0.9469309,0.99628735
480,1973.5575221238937,447.25221238938053,226,0.9737777,0.9995055
481,1909.8478260869565,447.6141304347826,184,0.9596735,0.9985043
482,589.40234375,459.98828125,512,0.9721848,0.99981225
483,4131.495798319328,446.672268907563,119,0.97166264,0.9990403
484,650.5991902834008,451.87854251012146,247,0.96986747,0.99946064
485,3978.8791946308725,450.1140939597315,149,0.97971934,0.99946374
486,318.8068181818182,452.8636363636364,176,0.9748861,0.9971635
487,1590.8852459016393,455.2581967213115,244,0.98555166,0.9998084
488,3749.806603773585,455.42452830188677,212,0.9735088,0.99890924
489,4013.4177215189875,451.0,79,0.95443696,0.9940375
490,4035.6147540983607,452.8360655737705,122,0.9580189,0.99783653
491,4346.563025210084,455.4453781512605,238,0.9856801,0.9999701
492,4483.716216216216,451.6756756756757,74,0.9883184,0.9994542
493,5386.948275862069,452.4741379310345,116,0.96390367,0.9954541
494,1535.543973941368,459.0097719869707,307,0.98249084,0.9999782
495,5155.317073170731,451.3414634146341,41,0.9037885,0.9761672
496,528.2573839662447,463.3185654008439,474,0.9814989,0.9998746
497,2295.5,450.5,4,0.6762828,0.73076487
498,2860.033195020747,458.4190871369295,241,0.9827327,0.9999639
499,3590.184210526316,457.2263157894737,190,0.9889011,0.9999571
500,3255.4305555555557,458.0138888888889,144,0.94413674,0.991804
501,4241.804511278196,458.22556390977445,133,0.97773147,0.99942493
502,563.5096153846154,464.80384615384617,520,0.9915969,0.9999796
503,3866.650442477876,462.37610619469024,226,0.9829955,0.9999477
504,3444.4523809523807,461.42857142857144,168,0.97139287,0.9974661
505,3779.26,461.14,200,0.9499716,0.9978282
506,3939.7276785714284,462.86160714285717,224,0.98570496,0.999977
507,3033.408163265306,463.34183673469386,196,0.9801245,0.99988794
508,2464.991150442478,462.1592920353982,113,0.8437588,0.959032
509,4123.2658959537575,464.0346820809249,173,0.97973156,0.9997123
510,4153.037037037037,459.74074074074076,27,0.8460645,0.96628743
511,403.93220338983053,463.1525423728813,59,0.8856622,0.9887666
512,1969.107142857143,463.10714285714283,28,0.7779488,0.9194175
513,2200.4626865671644,471.4577114427861,402,0.99346423,0.99999785
514,3017.0489130434785,466.95652173913044,184,0.9809397,0.99865746
515,2327.5546875,466.734375,128,0.9402477,0.98908716
516,4378.153846153846,463.15384615384613,26,0.832846,0.94075364
517,2692.4495412844035,467.23853211009174,109,0.906083,0.9772363
518,2031.58,470.8,50,0.8528789,0.9644598
519,4101.343023255814,474.1511627906977,172,0.981585,0.9998567
520,4160.924528301887,476.45822102425876,371,0.9952681,0.99999857
521,545.9652777777778,476.64930555555554,288,0.9819629,0.9994054
522,1174.6101694915253,474.5,118,0.90684,0.98432374
523,4615.007092198582,475.3404255319149,141,0.9538147,0.996913
524,812.9117647058823,477.61764705882354,204,0.96576124,0.99756485
525,3240.6596858638745,478.26701570680626,191,0.98434246,0.9999702
526,2085.2281690140844,483.056338028169,355,0.98905474,0.99999535
527,4911.551020408163,475.57142857142856,49,0.8803459,0.9585049
528,2024.4398340248963,481.6182572614108,241,0.97788197,0.9993279
529,1826.2272727272727,477.8636363636364,22,0.8589638,0.9780805
530,2402.311224489796,482.07142857142856,196,0.97556365,0.9990928
531,3060.142276422764,483.4227642276423,246,0.9835223,0.9998317
532,4039.2596153846152,486.19871794871796,312,0.98724514,0.9999939
533,3502.7380952380954,482.4166666666667,84,0.8941864,0.978614
534,3722.1711229946523,486.3475935828877,187,0.98181283,0.9999256
535,4364.450819672131,484.58196721311475,122,0.9639443,0.9976259
536,624.3168724279835,488.6296296296296,243,0.9762438,0.9987872
537,2429.1374045801526,489.10687022900765,262,0.9849299,0.99991953
538,3540.025316455696,486.8607594936709,158,0.9467132,0.9923632
539,3296.866310160428,488.57754010695186,187,0.981312,0.9998476
540,5134.044117647059,487.02941176470586,136,0.9783151,0.99955803
541,589.7401869158879,493.8822429906542,535,0.9807088,0.9999984
542,3904.35,487.87857142857143,140,0.97040296,0.99980944
543,356.7358490566038,494.53207547169814,265,0.97883326,0.9990833
544,1113.7148014440434,495.086642599278,277,0.98429394,0.99986565
545,4854.76,489.76,50,0.92331773,0.9848616
546,3575.4304347826087,493.1608695652174,230,0.9207114,0.9979845
547,3935.875,487.875,8,0.7182126,0.758128
548,5165.091603053435,495.00763358778624,131,0.9668699,0.99862885
549,5253.942857142857,491.34285714285716,35,0.8941781,0.96187645
550,1463.5567010309278,497.6958762886598,194,0.9735967,0.99833846
551,3003.723756906077,496.97237569060775,181,0.9777516,0.99875236
552,3976.9540229885056,496.7413793103448,174,0.9862878,0.99978834
553,3633.938223938224,502.4517374517375,259,0.96138597,0.9986111
554,4291.776744186047,502.34418604651165,215,0.97747123,0.9997745
555,2231.560538116592,499.6547085201794,223,0.9825865,0.9996909
556,4830.616666666667,497.3833333333333,60,0.9516799,0.9903064
557,517.4150943396227,505.062893081761,318,0.9876731,0.9999713
558,2584.448087431694,505.08469945355193,366,0.97720605,0.9999187
559,5076.392045454545,502.32954545454544,176,0.9767088,0.99972147
560,4048.3333333333335,498.25925925925924,27,0.86684525,0.9784398
561,635.8881036513545,515.5842167255595,849,0.98766685,0.99999386
562,2275.217213114754,505.97131147540983,244,0.97196186,0.99812526
563,5025.1866666666665,502.5733333333333,75,0.9674219,0.997182
564,424.4664536741214,511.09584664536743,313,0.91778225,0.9969468
565,2758.712121212121,506.1010101010101,198,0.9799378,0.9999454
566,673.4841772151899,510.34177215189874,316,0.98940885,0.99996495
567,3114.404255319149,509.2,235,0.98690313,0.99998957
568,3329.2837837837837,508.06756756756755,148,0.96773034,0.99958843
569,3538.4803921568628,506.5882352941176,102,0.945701,0.9931364
570,553.4951923076923,512.125,208,0.948604,0.997077
571,3444.443438914027,510.0452488687783,221,0.99061644,0.9999683
572,3763.84,507.672,125,0.9517691,0.9972193
573,4284.153846153846,504.53846153846155,26,0.8586987,0.9902889
574,606.5221238938053,512.2964601769911,226,0.9184427,0.9845036
575,2828.8920863309354,509.35971223021585,139,0.97468865,0.9990897
576,2780.4698795180725,515.7168674698795,332,0.97264594,0.9982992
577,4433.6,507.525,40,0.8795101,0.97037363
578,3859.288617886179,514.5487804878048,246,0.9874961,0.9999699
579,5128.077844311377,513.0479041916168,167,0.96923506,0.99915636
580,3496.6052631578946,512.953947368421,152,0.955279,0.9956099
581,4205.887640449439,511.3370786516854,89,0.932144,0.99269027
582,4408.028112449799,516.2289156626506,249,0.9919276,0.99997485
583,762.4071856287425,515.497005988024,167,0.98150194,0.9991658
584,397.2236842105263,519.5263157894736,304,0.9846529,0.99991477
585,3677.3727272727274,514.9181818181818,110,0.92733824,0.98611426
586,3705.8630136986303,515.013698630137,73,0.8815904,0.97848916
587,3371.371794871795,519.991452991453,234,0.9852239,0.99995685
588,586.4491017964071,523.1047904191616,334,0.9902637,0.999997
589,1706.7355371900826,518.8429752066115,121,0.90371096,0.9849124
590,2196.4944649446493,521.929889298893,271,0.9885934,0.99996364
591,1891.8372093023256,519.984496124031,129,0.9378137,0.9902795
592,4258.386075949367,521.1772151898734,158,0.95278335,0.996362
593,3544.9333333333334,521.8133333333334,150,0.94918466,0.99323446
594,3213.4939759036147,523.722891566265,166,0.9486218,0.99528414
595,4707.072916666667,521.71875,96,0.9718544,0.9985631
596,1551.9774193548387,528.6612903225806,310,0.9888067,0.99997896
597,1811.3765432098764,525.3827160493827,162,0.9649762,0.99705744
598,3828.3629242819843,533.2193211488251,383,0.97856504,0.9998776
599,2273.391304347826,528.2946859903382,207,0.9778695,0.9992243
600,5002.454545454545,523.5454545454545,11,0.7294726,0.8316208
601,3323.3769633507854,530.1675392670157,191,0.97501767,0.99973404
602,4008.93984962406,528.7518796992481,133,0.9525071,0.99572855
603,3932.0033333333336,534.36,300,0.98936766,0.9999902
604,706.5294117647059,530.4705882352941,34,0.8567081,0.9713424
605,622.9897959183673,541.204081632653,588,0.9902695,0.99999833
606,5047.768518518518,534.3981481481482,108,0.9503857,0.9951446
607,3205.264705882353,532.8823529411765,34,0.8315915,0.9465711
608,3199.5,532.5,4,0.72270805,0.785835
609,3408.3503184713377,543.2675159235669,314,0.97117966,0.99930155
610,3654.7741935483873,536.0967741935484,62,0.87436813,0.9755777
611,1979.8256880733945,541.3256880733945,218,0.97096574,0.99872565
612,3050.7155963302753,538.6422018348624,109,0.93978596,0.9938293
613,3122.8125,536.1875,16,0.8520534,0.95096684
614,2505.125,535.875,8,0.78159034,0.86017954
615,3541.2943037974683,545.3227848101266,316,0.98849195,0.99999666
616,4041.3802816901407,540.8591549295775,142,0.9688996,0.9990709
617,2184.4285714285716,544.8526785714286,224,0.9895224,0.99984574
618,3113.5246913580245,547.0648148148148,324,0.9906803,0.9999982
619,3258.9473684210525,543.4473684210526,114,0.97450644,0.9986143
620,3988.8870967741937,546.4225806451612,310,0.9852085,0.9999875
621,4656.042016806723,542.4285714285714,119,0.9742856,0.9983195
622,3812.453781512605,544.2605042016806,119,0.87729204,0.9750292
623,5103.791666666667,541.5,48,0.90900135,0.9772059
624,2008.7586206896551,548.320197044335,203,0.9798911,0.9992079
625,4289.785714285715,544.25,28,0.87503564,0.9735921
626,4623.043859649123,550.171052631579,228,0.9851103,0.9999155
627,1837.5502958579882,549.4733727810651,169,0.9650333,0.9957345
628,2352.3653846153848,550.4903846153846,208,0.9774414,0.9987196
629,3852.6747967479673,548.3333333333334,123,0.93815774,0.9925895
630,1545.3053892215569,551.6047904191616,167,0.9338715,0.98681617
631,3671.3301435406697,552.6698564593302,209,0.9888196,0.9999874
632,1943.95,555.7333333333333,240,0.98645693,0.9996419
633,2078.864197530864,553.9012345679013,162,0.9696003,0.9978702
634,2652.5,548.0,6,0.7122329,0.7760961
635,4385.802083333333,556.2083333333334,288,0.9869243,0.9999794
636,5469.730593607306,554.8949771689498,219,0.9801093,0.9998975
637,5164.388235294117,552.2588235294118,85,0.9442216,0.98739076
638,3280.4129032258065,556.1870967741935,155,0.98159266,0.9991343
639,3799.137931034483,558.1149425287356,87,0.8781042,0.9751188
640,523.8023255813954,561.8139534883721,258,0.97605306,0.99920195
641,2678.3684210526317,559.0921052631579,152,0.96372414,0.99327224
642,5199.571428571428,555.1428571428571,21,0.7607841,0.88292205
643,1517.8169014084508,560.5352112676056,71,0.89808196,0.9784857
644,4735.724137931034,563.8413793103448,145,0.9638144,0.99848086
645,3892.945652173913,561.4021739130435,92,0.9301185,0.98957026
646,1913.9883720930231,565.2151162790698,172,0.98432976,0.9996606
647,2243.776859504132,566.3099173553719,242,0.986552,0.99980575
648,3194.470588235294,565.3872549019608,204,0.9868565,0.99996066
649,4457.175,566.1791666666667,240,0.9850816,0.999929
650,1178.5454545454545,560.3636363636364,11,0.8050489,0.928634
651,2415.9791666666665,573.1901041666666,384,0.97371745,0.99969673
652,4350.138888888889,561.3888888888889,36,0.8723745,0.9732635
653,993.1760563380282,565.8732394366198,142,0.93983215,0.99226594
654,3253.373786407767,567.8737864077669,206,0.9820877,0.99955505
655,3995.5238095238096,562.9047619047619,21,0.72176164,0.78559303
656,4099.277227722772,567.8118811881188,101,0.9738529,0.999255
657,761.2588235294118,568.6470588235294,170,0.9947118,0.99992406
658,1240.25,569.2848837209302,172,0.9700584,0.9972494
659,3105.2,571.232,250,0.9762476,0.9999953
660,3739.407894736842,566.7236842105264,76,0.88872236,0.9769042
661,4529.714285714285,570.934693877551,245,0.9748713,0.9999646
662,4092.5,565.0,6,0.7860975,0.8786051
663,2272.334519572954,577.1387900355871,281,0.9832551,0.99996245
664,5516.673366834171,576.4623115577889,199,0.9714138,0.9996302
665,3397.5,570.5,4,0.70416903,0.71960557
666,3976.875,571.125,8,0.7515135,0.8453578
667,4218.238805970149,574.179104477612,67,0.93916786,0.9987827
668,4749.669616519174,579.542772861357,339,0.98798436,0.9999963
669,3663.6,573.3333333333334,45,0.9455468,0.9924766
670,1280.5755102040816,581.5877551020408,245,0.9798273,0.9995129
671,1413.3522727272727,583.3125,176,0.97641236,0.9986825
672,2968.62091503268,583.0718954248366,153,0.97059065,0.9964785
673,3662.3939393939395,580.0,33,0.81528544,0.9472864
674,3679.2608695652175,583.2869565217392,115,0.9107019,0.97982925
675,765.5,578.5,4,0.6952939,0.71673197
676,2573.306896551724,586.1620689655173,290,0.98669624,0.99992704
677,4457.741573033708,582.5168539325842,89,0.90177345,0.98566526
678,4711.181818181818,581.7272727272727,33,0.8681975,0.9612689
679,5059.09364548495,587.2943143812709,299,0.98300445,0.9999684
680,1654.4,589.6383561643836,365,0.99161994,0.9999927
681,5265.361344537815,587.40756302521,238,0.9843464,0.9999484
682,5351.394117647059,587.0705882352942,170,0.96866983,0.997668
683,2221.9134615384614,587.4326923076923,104,0.90999824,0.9929626
684,2899.3440860215055,587.9569892473119,186,0.94942564,0.99120533
685,3487.980132450331,588.7350993377484,151,0.97651196,0.99945307
686,3716.390625,586.390625,64,0.9241137,0.98853385
687,2350.8994413407822,590.7486033519554,179,0.96557295,0.9959043
688,2085.5578406169666,596.7480719794345,389,0.9928399,0.9999985
689,2489.3098591549297,591.330985915493,142,0.9312123,0.98475456
690,3662.0263157894738,595.4315789473684,380,0.9767505,0.9999924
691,1734.4444444444443,595.2824074074074,216,0.9738977,0.99784744
692,4295.5,589.5,24,0.78226024,0.9201462
693,2759.3841463414633,594.7378048780488,164,0.97173107,0.9982883
694,4717.940217391304,595.1195652173913,184,0.971283,0.99628085
695,3173.240963855422,595.8253012048193,166,0.9616319,0.9950596
696,1944.4586776859503,598.6900826446281,242,0.9801326,0.99975204
697,3145.4577777777777,605.6422222222222,450,0.9810427,0.9999901
698,4929.346405228758,597.6274509803922,153,0.9723684,0.998539
699,2323.6256983240223,600.0,179,0.9591059,0.9949767
700,4543.266666666666,601.3047619047619,105,0.92873937,0.98937887
701,3490.590163934426,604.8579234972677,183,0.9588318,0.99706954
702,2527.3253588516745,606.3444976076555,209,0.98282385,0.9997214
703,855.1096774193549,607.8645161290323,155,0.95527166,0.9935813
704,1476.5898876404494,607.8539325842696,178,0.9640815,0.9967339
705,1710.3142857142857,610.4642857142857,280,0.98989075,0.99995613
706,3648.177777777778,608.6888888888889,180,0.97853273,0.99995124
707,2970.3534031413615,617.8324607329843,382,0.98069227,0.9994916
708,4476.213855421687,612.4969879518072,332,0.98815423,0.99998844
709,5538.8125,608.6375,80,0.9667978,0.99771833
710,1996.5727272727272,608.6909090909091,110,0.9062207,0.986821
711,2926.512280701754,612.6105263157895,285,0.9809217,0.9998461
712,3997.506097560976,611.3536585365854,164,0.97620493,0.9987345
713,2756.4903846153848,610.7788461538462,104,0.92204535,0.9915582
714,4897.251968503937,610.488188976378,127,0.97666353,0.9985379
715,3763.5459459459457,615.4594594594595,185,0.978717,0.999923
716,4383.61320754717,615.1509433962265,212,0.982065,0.99962187
717,4422.829039812646,621.4168618266979,427,0.99497944,0.9999981
718,2663.5049019607845,618.5392156862745,204,0.9696974,0.99804556
719,4289.228571428572,619.1380952380953,210,0.9767895,0.9998437
720,2549.3793103448274,619.5689655172414,174,0.95473295,0.99566495
721,3061.4563758389263,619.9731543624162,149,0.9800337,0.9989349
722,3250.555172413793,623.9586206896552,290,0.98651683,0.9999939
723,3577.4268292682927,620.7621951219512,164,0.9804452,0.99952734
724,5355.125,614.875,8,0.743074,0.8221614
725,731.6868686868687,624.1414141414141,198,0.9713084,0.9986396
726,5352.363636363636,617.0909090909091,11,0.7426159,0.8132328
727,2603.7163120567375,626.2836879432624,282,0.9866399,0.9999945
728,4064.170731707317,625.7161862527716,451,0.9796423,0.9999424
729,2393.873949579832,625.8613445378152,238,0.987496,0.99987316
730,2520.418269230769,625.9567307692307,208,0.9773025,0.9991189
731,1929.5,621.5,4,0.7183317,0.7570753
732,3482.791907514451,627.635838150289,173,0.9558017,0.99629605
733,4002.4857142857145,623.8285714285714,35,0.7888914,0.9302461
734,3667.6315789473683,625.5,38,0.8111546,0.9285331
735,5039.1353383458645,629.3082706766917,133,0.9780462,0.99933827
736,3749.4285714285716,628.7714285714286,70,0.86225307,0.96940374
737,4740.029239766081,631.578947368421,171,0.97615236,0.9994591
738,1780.0,630.2115384615385,52,0.77096456,0.93268573
739,2069.2259615384614,634.5961538461538,208,0.9862018,0.99982905
740,2113.9525862068967,637.0215517241379,232,0.97622275,0.99987876
741,3896.4311926605506,633.9816513761468,109,0.9123121,0.9852036
742,5314.19341563786,637.283950617284,243,0.9809131,0.99976075
743,2042.5652173913043,640.2565217391304,230,0.9786557,0.9998436
744,4089.497175141243,645.8926553672317,354,0.9849015,0.9999011
745,537.5,643.5833333333334,96,0.92549855,0.9866165
746,1050.866255144033,647.3271604938271,486,0.98756975,0.9999373
747,1378.2466666666667,644.9533333333334,150,0.9743907,0.99532664
748,1417.8115942028985,644.2463768115942,69,0.8529688,0.98114187
749,2193.154605263158,647.9078947368421,304,0.9926023,0.9999914
750,2672.2056074766356,648.3644859813085,214,0.98117995,0.9987404
751,3561.525,642.4625,80,0.94577944,0.99067944
752,4170.181818181818,644.6103896103896,154,0.98228675,0.9994531
753,4401.955390334572,646.7695167286246,269,0.98839694,0.99995816
754,4449.777777777777,642.047619047619,63,0.9123402,0.9839195
755,5063.170588235294,645.135294117647,170,0.9914407,0.9999118
756,5261.976923076923,644.0692307692308,130,0.9777571,0.9984681
757,1538.1666666666667,644.8888888888889,18,0.8204632,0.9431828
758,3714.176470588235,645.2352941176471,34,0.8707017,0.9677328
759,3271.204419889503,650.2541436464088,181,0.97697896,0.999498
760,1913.733695652174,651.8532608695652,184,0.98440254,0.99953127
761,3483.7926829268295,652.1219512195122,164,0.9667788,0.99894124
762,3789.66,651.72,150,0.98303103,0.99955803
763,4488.491124260355,654.8579881656805,169,0.9318473,0.99604756
764,5246.670212765957,653.1063829787234,94,0.87934893,0.9903805
765,5202.384615384615,656.6307692307693,195,0.98404056,0.9998794
766,2775.511111111111,655.4222222222222,90,0.89451534,0.97369766
767,2839.175257731959,656.9639175257732,194,0.98883814,0.9998989
768,3151.6363636363635,656.1468531468531,143,0.9802743,0.99963164
769,3512.7540106951874,656.6524064171123,187,0.98139757,0.9998719
770,4209.089108910891,656.019801980198,101,0.9094639,0.9898531
771,3580.6484375,658.0390625,128,0.92502755,0.99443865
772,4990.818627450981,659.9117647058823,204,0.9805474,0.9999186
773,4735.78835978836,659.936507936508,189,0.9784721,0.9997098
774,5002.5,653.5,4,0.7016845,0.74306345
775,3375.190243902439,662.560975609756,205,0.9842626,0.99997985
776,2560.4679802955666,664.4975369458128,203,0.9878755,0.9999335
777,4913.6107382550335,663.5570469798657,149,0.9743552,0.99910307
778,2413.8255813953488,667.3662790697674,172,0.96396315,0.9974251
779,4386.040229885058,667.1609195402299,174,0.96012545,0.99476457
780,4807.244897959184,670.3367346938776,196,0.95744044,0.9974835
781,3702.165803108808,669.1088082901555,193,0.98013264,0.99979246
782,3837.455172413793,669.9448275862069,145,0.97151923,0.9999354
783,4940.470588235294,668.9632352941177,136,0.96358186,0.9986242
784,1945.8237704918033,672.6598360655738,244,0.9882243,0.99989825
785,4313.365217391304,669.1652173913044,115,0.936021,0.9889548
786,353.2119205298013,674.1622516556291,302,0.985362,0.99967015
787,2832.4467005076144,672.3654822335026,197,0.98161644,0.9999131
788,3079.8447653429603,674.3574007220217,277,0.98989207,0.9999818
789,2617.6153846153848,674.1483516483516,182,0.9836795,0.9997706
790,2815.3720930232557,674.4325581395349,215,0.97102183,0.99685127
791,3318.6027397260273,672.945205479452,73,0.8227384,0.96872276
792,3147.5,670.5,4,0.6752442,0.70380205
793,3296.5096153846152,675.0769230769231,104,0.91949093,0.98808396
794,1180.644599303136,680.7595818815331,287,0.9850617,0.9998326
795,3994.0058479532163,678.2748538011696,171,0.9810019,0.99855965
796,5198.105527638191,678.894472361809,199,0.98041207,0.9996583
797,5433.831818181819,679.6136363636364,220,0.9751752,0.9984144
798,5224.516853932584,679.876404494382,178,0.9768769,0.99934703
799,4925.8536585365855,678.8048780487804,82,0.945214,0.99510586
800,2446.2487562189053,682.7512437810946,201,0.9802992,0.9991462
801,4077.6652452025587,690.7505330490405,469,0.9808641,0.9998699
802,1827.9239130434783,682.9782608695652,184,0.9751725,0.99692863
803,1586.2299651567944,686.0696864111499,287,0.98597616,0.9999306
804,3362.25,684.4329268292682,164,0.9632917,0.99587375
805,4293.685534591195,683.6666666666666,159,0.97930676,0.99801576
806,3587.653846153846,681.2307692307693,26,0.8081345,0.93590176
807,2080.7252747252746,691.014652014652,273,0.98809636,0.9999702
808,3623.056603773585,691.37106918239,159,0.97252667,0.9995677
809,2106.5974842767296,695.6918238993711,159,0.9771554,0.9971661
810,3731.9891304347825,696.320652173913,184,0.9410717,0.9982084
811,2130.588850174216,699.2473867595819,287,0.9882421,0.99995416
812,2945.197278911565,696.9251700680272,147,0.9625236,0.9996332
813,1529.5434782608695,700.704347826087,230,0.98665804,0.9999455
814,3463.026905829596,698.7578475336323,223,0.98225355,0.99985546
815,4280.875,692.125,8,0.7197826,0.78284377
816,4846.75,698.8076923076923,208,0.98018116,0.99974364
817,5474.043859649123,696.8859649122807,114,0.91496754,0.9854455
818,3842.5767195767194,698.3915343915344,189,0.9762799,0.9994742
819,4767.64367816092,701.9971264367816,348,0.98723507,0.9999695
820,4263.972222222223,703.7453703703703,216,0.98964226,0.99984306
821,4483.37,703.41,100,0.9752468,0.99819726
822,2822.4242424242425,706.012987012987,231,0.9865673,0.9999428
823,3096.1447368421054,704.2105263157895,152,0.9287982,0.9860457
824,2691.592391304348,706.570652173913,184,0.97212034,0.99950707
825,4827.434782608696,702.6086956521739,23,0.8175364,0.9355844
826,4039.482269503546,708.0425531914893,141,0.9704749,0.99894136
827,1194.5398230088495,711.6991150442478,226,0.97571516,0.9985837
828,3526.3720930232557,707.8139534883721,86,0.8707893,0.9662084
829,5070.079710144928,709.5289855072464,138,0.9543271,0.99463344
830,569.6157894736842,712.2789473684211,190,0.98219043,0.9992797
831,2435.2258064516127,706.8709677419355,31,0.833175,0.94321895
832,3492.3584905660377,710.6603773584906,159,0.9590423,0.9972974
833,2519.4956369982547,716.4607329842931,573,0.980159,0.9988402
834,3766.7565789473683,711.6907894736842,152,0.96651137,0.9988199
835,5306.894273127753,712.7356828193832,227,0.98227733,0.99984336
836,768.0969899665552,715.8795986622074,299,0.982646,0.9999213
837,3152.8588957055213,712.5889570552147,163,0.967801,0.9971239
838,1939.423076923077,714.7259615384615,208,0.9648104,0.99787915
839,3174.5798319327732,712.09243697479,119,0.9384285,0.99373287
840,4809.989010989011,714.1978021978022,182,0.98148,0.9997027
841,3126.2216748768474,715.0541871921182,203,0.979907,0.99927914
842,4185.660899653979,717.6505190311418,289,0.9882469,0.99996495
843,3415.5424836601305,717.0457516339869,153,0.9754489,0.99869066
844,637.2301255230126,720.7322175732218,239,0.9780327,0.99858874
845,3287.5,720.5,206,0.9820465,0.99994254
846,1446.4586466165413,726.3045112781955,266,0.9863395,0.9998803
847,3040.801801801802,724.4504504504505,222,0.9817168,0.9998621
848,3252.5,718.0,6,0.702388,0.76510626
849,3104.096618357488,725.6763285024155,207,0.984527,0.9999383
850,3724.8295454545455,724.7784090909091,176,0.9776102,0.99949753
851,4790.942857142857,724.44,175,0.979789,0.9993612
852,2780.895,726.6,200,0.9840044,0.999655
853,4338.171511627907,729.0319767441861,344,0.99166864,0.9999937
854,3708.852760736196,726.5276073619632,163,0.9798307,0.9992986
855,5449.79679144385,727.903743315508,187,0.97020847,0.99726427
856,4108.960674157303,728.8258426966293,178,0.9742257,0.99901056
857,4420.423076923077,728.1410256410256,156,0.9667981,0.9990001
858,2323.0729166666665,730.40625,192,0.9647077,0.9980869
859,2580.5859375,731.28125,256,0.97061473,0.99704033
860,3574.5,726.9148936170212,94,0.9174318,0.9872414
861,5225.055555555556,728.7685185185185,108,0.93915623,0.98838055
862,4889.529914529914,734.7136752136752,234,0.9846277,0.9999299
863,4049.8863636363635,734.2784090909091,176,0.97507197,0.9971646
864,252.58555133079847,737.4942965779468,263,0.9787519,0.9995233
865,4825.093023255814,736.9418604651163,172,0.9625947,0.9984119
866,2801.0,732.0,9,0.75102824,0.81970733
867,2980.107279693487,747.264367816092,522,0.9869788,0.9999964
868,4164.4390243902435,737.1219512195122,82,0.9111769,0.98427594
869,2756.3643410852715,740.3488372093024,129,0.9456022,0.991634
870,5478.151785714285,742.0803571428571,224,0.9783308,0.9994111
871,3290.078125,740.5859375,128,0.91589,0.9841159
872,3752.8947368421054,741.4561403508771,171,0.97575355,0.99948895
873,493.125,736.875,8,0.77976894,0.8658487
874,4562.971153846154,746.2692307692307,208,0.97535205,0.99980825
875,2483.4444444444443,744.1388888888889,36,0.8624333,0.9639873
876,3493.846153846154,747.5811965811965,117,0.93903226,0.9939526
877,3791.8,750.25,220,0.98240536,0.99984837
878,4341.5590778097985,753.2622478386168,347,0.9888888,0.9999919
879,4989.257627118644,752.8169491525424,295,0.9813669,0.9999727
880,3424.826530612245,751.2755102040817,196,0.9816897,0.9996464
881,2626.0650887573966,751.7869822485208,169,0.96091276,0.9947707
882,3694.8720930232557,749.9767441860465,86,0.8999256,0.97346246
883,2378.005128205128,753.5179487179487,195,0.97878885,0.99814165
884,2432.348717948718,752.9384615384615,195,0.97800416,0.99901545
885,3106.7486033519554,754.7597765363129,179,0.97483,0.99734545
886,4448.235741444867,757.1102661596958,263,0.9851109,0.9999325
887,4581.407079646017,758.6165191740413,339,0.98990524,0.9999672
888,4620.127819548872,754.8421052631579,133,0.96593094,0.9974326
889,2850.3733333333334,755.8866666666667,150,0.9642727,0.9972915
890,4827.851485148515,759.1980198019802,303,0.9874294,0.9999622
891,1940.01652892562,759.0330578512396,242,0.98131555,0.99869204
892,4509.831325301205,757.8313253012049,166,0.9766788,0.9994168
893,3675.746987951807,760.289156626506,249,0.9855663,0.9999665
894,4205.852678571428,760.0401785714286,224,0.98114026,0.9985846
895,4260.45,759.3,180,0.9860784,0.9997238
896,4016.7657342657344,763.1048951048951,286,0.96521634,0.9999114
897,3215.5,754.5,4,0.68849444,0.7158181
898,274.69950738916253,761.8768472906404,203,0.9899769,0.9997806
899,3038.3056994818653,761.7875647668394,193,0.9859086,0.99998045
900,2150.8766233766232,767.4415584415584,308,0.9838797,0.99998933
901,2976.225,760.925,40,0.85913324,0.9651621
902,1273.0966921119593,768.9770992366413,393,0.98923457,0.9999927
903,2357.922480620155,763.062015503876,129,0.9777574,0.9967344
904,3846.7634408602153,762.8064516129032,93,0.9353431,0.9881268
905,4178.46511627907,763.3333333333334,129,0.98694986,0.99974316
906,3967.7938144329896,763.4948453608248,97,0.97003645,0.997182
907,2876.753246753247,768.987012987013,77,0.9684855,0.999268
908,4126.6940639269405,769.8721461187215,219,0.97902215,0.9998832
909,3653.0824175824177,771.2032967032967,182,0.9648246,0.99868894
910,4733.271604938272,771.8230452674898,243,0.98589563,0.9998822
911,2883.3818181818183,769.3636363636364,55,0.82661045,0.9951198
912,2836.5673076923076,773.7836538461538,208,0.9840863,0.99953353
913,2911.3271028037384,774.2663551401869,214,0.9732586,0.99734414
914,5022.578313253012,773.5120481927711,166,0.98107195,0.99962234
915,422.42687747035575,776.695652173913,253,0.9800388,0.9987236
916,276.7916666666667,770.5,24,0.89590716,0.991439
917,693.3837209302326,777.5232558139535,258,0.97894436,0.9986895
918,3037.5,770.0,10,0.7743424,0.88012546
919,3332.3055555555557,772.25,36,0.845412,0.953017
920,2441.7066666666665,775.6266666666667,75,0.89409995,0.9879309
921,4687.542635658915,776.984496124031,129,0.97150373,0.9982292
922,3476.824074074074,781.675925925926,324,0.96677333,0.9999857
923,4533.7379912663755,781.6331877729258,229,0.98886204,0.99988574
924,1430.809667673716,785.1178247734139,331,0.9865227,0.9999738
925,1589.1553398058252,782.9223300970874,206,0.9623794,0.99778223
926,5359.163265306122,782.765306122449,196,0.96767145,0.99585235
927,5197.467532467533,783.4350649350649,154,0.9718195,0.9983069
928,4625.272727272727,784.6818181818181,88,0.9066048,0.98396575
929,3591.8125,789.0491071428571,224,0.9821059,0.99995154
930,4217.651741293533,789.3681592039801,201,0.99012065,0.9999131
931,2438.3,783.2,10,0.8095487,0.87700903
932,3436.4580152671756,790.4045801526718,262,0.98886853,0.9999674
933,3195.928909952607,790.4834123222748,211,0.97530305,0.99842525
934,4368.258278145695,791.4503311258278,151,0.9556024,0.9969479
935,1144.6730038022813,795.7376425855514,263,0.9906094,0.99995124
936,2707.1875,789.875,64,0.8641068,0.96457887
937,1487.1764705882354,796.6386554621848,238,0.9836343,0.9995083
938,2934.1,797.2615384615384,260,0.9872026,0.99997663
939,4502.076923076923,798.1046153846154,325,0.98678064,0.99961096
940,2547.402777777778,796.7638888888889,216,0.98810565,0.99995506
941,4082.972972972973,797.0918918918919,185,0.98245555,0.99966013
942,3034.8808664259927,799.8086642599278,277,0.98342377,0.9999851
943,728.8888888888889,793.5555555555555,9,0.7870577,0.8456055
944,5046.40606060606,800.2121212121212,165,0.9677662,0.99802107
945,4582.6875,799.575,80,0.8816372,0.97911775
946,4812.319852941177,804.7610294117648,272,0.98844504,0.9999181
947,2673.568306010929,804.4972677595629,183,0.97193867,0.99820614
948,2178.3960113960115,809.1111111111111,351,0.990223,0.99999547
949,2522.9484978540772,806.9484978540772,233,0.9830479,0.9995172
950,2598.4930875576038,810.3433179723502,434,0.9760567,0.99945873
951,3022.3333333333335,804.3333333333334,51,0.88182926,0.9767972
952,3981.464285714286,806.9642857142857,140,0.9545118,0.99683225
953,1083.3372093023256,809.6744186046511,172,0.9606,0.9957801
954,4704.542372881356,807.4152542372881,118,0.9681922,0.99760723
955,4279.328947368421,812.203947368421,304,0.9850675,0.9999455
956,4125.99645390071,814.2730496453901,282,0.9847696,0.99990344
957,5145.835135135135,813.7459459459459,370,0.9867734,0.99997276
958,4621.081699346405,815.3398692810457,306,0.98480415,0.9999378
959,3750.480662983425,814.9613259668508,181,0.96327186,0.99703646
960,3861.384105960265,814.9602649006622,151,0.9547006,0.9921727
961,3522.6129032258063,812.8064516129032,31,0.83706176,0.9374197
962,4160.192488262911,818.924882629108,213,0.9803813,0.99957436
963,3626.07960199005,818.5671641791045,201,0.9715957,0.99774134
964,2963.5,815.5,4,0.7776315,0.8253181
965,5069.894117647059,823.0529411764705,170,0.97574496,0.9991763
966,4015.7872340425533,822.3723404255319,94,0.9037384,0.9869696
967,4935.991044776119,826.9492537313433,335,0.9868631,0.9999667
968,2366.5205479452056,829.3671232876712,365,0.9841468,0.9999392
969,4810.25,822.175,40,0.8199285,0.93808293
970,1900.7142857142858,830.0466472303207,343,0.9871497,0.99998915
971,5096.670391061452,828.6983240223464,179,0.9777414,0.99849784
972,3685.1917098445597,829.0725388601036,193,0.9855962,0.9998311
973,2982.147619047619,831.6095238095238,210,0.9820878,0.9997161
974,4703.439393939394,829.0075757575758,132,0.96586615,0.99842465
975,3403.2678571428573,834.6642857142857,280,0.98144954,0.99990785
976,3265.068376068376,834.8717948717949,117,0.9607715,0.9985037
977,1280.875,833.125,8,0.7961614,0.88480437
978,2084.2948207171316,839.6215139442231,251,0.9865461,0.99968135
979,2646.357894736842,835.0526315789474,95,0.9546774,0.98823625
980,3037.8203125,837.0859375,128,0.9597269,0.99372923
981,3353.4010695187167,837.2299465240642,187,0.9796045,0.9994795
982,3951.27731092437,835.6722689075631,119,0.9771067,0.99845827
983,4443.763888888889,840.0243055555555,288,0.9862588,0.99991894
984,4512.689655172414,835.3103448275862,87,0.94845283,0.9939266
985,4819.720930232558,834.2790697674419,43,0.92073953,0.9845104
986,3288.312796208531,840.5023696682465,211,0.98377967,0.999856
987,4914.822695035461,839.0425531914893,141,0.9086204,0.9900802
988,4245.737704918033,838.0655737704918,61,0.883978,0.97927594
989,4751.333333333333,841.0277777777778,108,0.92058426,0.9863073
990,3900.7162790697676,844.2093023255813,215,0.9770688,0.99957865
991,4640.1270718232045,844.756906077348,181,0.96609247,0.99841833
992,3188.316384180791,845.9604519774011,177,0.97148573,0.99858993
993,4968.036253776435,848.3746223564955,331,0.9863722,0.999972
994,5064.989361702128,843.5212765957447,94,0.94676,0.9936651
995,2599.438596491228,846.359649122807,114,0.91779256,0.9866215
996,2913.2514285714287,847.6914285714286,175,0.9773328,0.9996717
997,4095.7011494252874,847.1954022988506,87,0.9424227,0.9983783
998,1131.539156626506,854.039156626506,332,0.98920673,0.9998542
999,2774.769230769231,851.554945054945,182,0.9550783,0.99602604
1000,2587.5,846.0,6,0.75953466,0.781202
1001,5254.37,852.925,200,0.9864023,0.9998423
1002,4435.090909090909,848.2272727272727,22,0.8145634,0.93158126
1003,5497.1769911504425,853.8761061946902,226,0.97209567,0.99826056
1004,3837.317073170732,853.2439024390244,41,0.89558774,0.97776264
1005,3957.098360655738,852.7868852459017,61,0.8897538,0.97437376
1006,4245.105454545454,859.6,275,0.9585664,0.9971434
1007,3256.4018987341774,859.9177215189874,316,0.956271,0.99998724
1008,3591.0575539568345,857.0719424460432,139,0.95057154,0.99054915
1009,4294.860465116279,854.2558139534884,43,0.8702374,0.9625974
1010,2803.68778280543,860.9954751131222,221,0.98525256,0.9999219
1011,3340.2868525896415,862.3625498007968,251,0.98362106,0.9997719
1012,3877.7865853658536,860.4939024390244,164,0.9769181,0.99948114
1013,2124.0189393939395,864.5037878787879,264,0.9882655,0.99990773
1014,2539.7115384615386,862.3846153846154,156,0.9524982,0.99410975
1015,4332.87969924812,867.874686716792,399,0.99120873,0.999998
1016,5348.939130434783,862.5304347826087,115,0.9545008,0.9906262
1017,2089.952,866.448,250,0.9890286,0.9999416
1018,3514.7355371900826,865.99173553719,242,0.97968656,0.99988467
1019,2170.3953488372094,870.3554817275748,301,0.9786947,0.9992138
1020,3733.2156862745096,869.3921568627451,51,0.87872493,0.9766957
1021,906.9774436090225,878.3609022556391,399,0.985408,0.99984515
1022,4954.994285714286,878.6628571428571,175,0.9799149,0.9992481
1023,5005.437007874016,880.0236220472441,254,0.9850356,0.99971366
1024,5194.280952380952,879.504761904762,210,0.9854745,0.9998683
1025,5416.585294117647,881.4882352941177,340,0.9889991,0.99995327
1026,4266.588832487309,882.5939086294417,197,0.97888434,0.9994076
1027,3343.050724637681,881.9420289855072,138,0.9246393,0.9877499
1028,4507.7192982456145,881.1578947368421,114,0.9407312,0.99376124
1029,4137.601851851852,884.9768518518518,216,0.98658794,0.9998097
1030,707.8338870431894,887.2259136212624,301,0.98294604,0.999729
1031,4938.805429864254,886.1131221719457,221,0.9822991,0.99983096
1032,5335.0,881.0,9,0.7961784,0.84201336
1033,3356.5757575757575,884.0909090909091,33,0.85598975,0.9612349
1034,4718.064814814815,887.425925925926,108,0.9639118,0.9959985
1035,4246.982352941176,889.6470588235294,170,0.966922,0.9987606
1036,4785.860335195531,890.4581005586592,179,0.97715795,0.99962103
1037,4885.952380952381,887.0,42,0.8170608,0.9576056
1038,3315.261467889908,892.6192660550458,218,0.9817965,0.9997787
1039,3617.638743455497,894.0942408376964,191,0.9678915,0.9983626
1040,2448.9638554216867,894.3192771084338,166,0.9529233,0.99670887
1041,2756.921686746988,895.8795180722891,166,0.96749246,0.99765056
1042,5464.725868725869,898.2779922779923,259,0.9828977,0.9994868
1043,2416.5963302752293,899.1788990825688,218,0.9773936,0.9994758
1044,2728.7760416666665,898.2708333333334,192,0.96787184,0.9969372
1045,3304.5,891.5,4,0.72688633,0.77906156
1046,3993.416445623342,902.5039787798408,377,0.9915001,0.9999957
1047,2389.5730769230768,901.4307692307692,260,0.9837037,0.9999552
1048,1021.2142857142857,903.0612244897959,294,0.9814652,0.99940336
1049,4083.0813953488373,900.6279069767442,86,0.913682,0.98550844
1050,5036.882211538462,915.4807692307693,416,0.9848468,0.99961424
1051,3062.1770833333335,907.984375,192,0.9850888,0.99921525
1052,3666.4307692307693,904.5076923076923,65,0.92075795,0.98513556
1053,4356.475609756098,905.329268292683,82,0.9067153,0.9714049
1054,1694.6561264822135,911.098814229249,253,0.98308074,0.999726
1055,3749.0,908.9152542372881,177,0.9604825,0.9966455
1056,2971.3931623931626,908.6410256410256,117,0.9192103,0.99152875
1057,3468.228494623656,913.7688172043011,372,0.9912177,0.9999986
1058,1513.0452261306532,912.0603015075377,199,0.9784768,0.99805033
1059,3587.462962962963,907.4629629629629,54,0.9021529,0.9787555
1060,2329.5737704918033,913.7950819672132,122,0.9117254,0.9872008
1061,4295.755980861244,915.4066985645933,209,0.97232044,0.9990951
1062,4933.9156118143455,917.1645569620254,237,0.9798952,0.9996575
1063,4019.813186813187,918.9010989010989,182,0.94731116,0.99331385
1064,4384.225,918.54375,160,0.97797567,0.9983936
1065,4456.7988826815645,919.4078212290502,179,0.9739445,0.99933505
1066,5460.077235772358,919.9959349593496,246,0.98506975,0.99970055
1067,3768.8333333333335,920.263440860215,186,0.96491086,0.9969644
1068,3240.9444444444443,917.5925925925926,54,0.8691893,0.9702259
1069,4238.298850574713,923.2413793103449,174,0.963225,0.9980122
1070,4520.790960451977,923.2146892655368,177,0.98085964,0.9996213
1071,4739.695238095238,923.9047619047619,105,0.92816806,0.99445045
1072,1990.2166666666667,929.2208333333333,240,0.98702705,0.99982774
1073,1386.3141993957704,932.1117824773414,331,0.98749655,0.9999326
1074,2978.8352272727275,928.3181818181819,176,0.97362417,0.99850464
1075,3867.703703703704,924.4814814814815,27,0.81530416,0.9502091
1076,4804.563218390805,931.5632183908046,261,0.9825815,0.99976796
1077,4950.0,925.3636363636364,22,0.82713264,0.9601653
1078,5505.2639593908625,930.0659898477157,197,0.9830849,0.99950147
1079,2392.113475177305,934.3723404255319,282,0.9807368,0.99994147
1080,4577.167597765363,931.7988826815642,179,0.9688321,0.9991405
1081,4690.660550458716,930.5321100917431,109,0.93828195,0.99272704
1082,1964.0656167979002,936.5905511811023,381,0.9899322,0.9999901
1083,3983.4541484716156,933.8122270742358,229,0.9786441,0.9995295
1084,4004.77207977208,935.7407407407408,351,0.99066895,0.9999721
1085,4206.6875,933.6490384615385,208,0.9711575,0.9992887
1086,2324.423469387755,937.3877551020408,196,0.95581114,0.9959472
1087,4258.141304347826,935.4239130434783,92,0.92254525,0.99053395
1088,2031.2,934.25,20,0.7978585,0.91662306
1089,2447.684375,952.78125,640,0.9763805,0.99986184
1090,4147.74213836478,942.2767295597484,159,0.96054673,0.9964694
1091,2573.1171875,942.2578125,128,0.93969184,0.9916967
1092,2999.9411764705883,939.5588235294117,34,0.8383317,0.95215267
1093,4700.992481203008,943.3007518796992,133,0.96368384,0.9976102
1094,2711.28640776699,945.3980582524272,206,0.9797738,0.9997403
1095,3094.372641509434,945.9952830188679,212,0.98263764,0.99982035
1096,4907.316901408451,945.3380281690141,142,0.9614074,0.9962203
1097,4417.691666666667,946.5,120,0.9405649,0.99613947
1098,34.41935483870968,950.8440860215054,186,0.95005816,0.9961438
1099,2636.3083333333334,951.9291666666667,240,0.9843363,0.9998746
1100,2795.6526315789474,951.5263157894736,190,0.97329634,0.9990408
1101,1729.155844155844,952.8181818181819,231,0.9798612,0.9997135
1102,2062.6899563318775,953.056768558952,229,0.9895399,0.9999038
1103,2084.4647887323945,951.943661971831,71,0.81305164,0.9421369
1104,2323.0827586206897,958.2793103448275,290,0.9844289,0.9999615
1105,2176.5,952.5,12,0.8016724,0.906515
1106,4311.788732394366,954.9929577464789,142,0.9829708,0.9996314
1107,4377.078740157481,954.9291338582677,127,0.98432654,0.9993113
1108,4958.553745928339,960.3811074918567,307,0.9820993,0.9998301
1109,3061.0758293838862,962.9478672985782,211,0.94831216,0.9952322
1110,1229.3231707317073,967.6798780487804,328,0.9883755,0.9998323
1111,2464.1889763779527,966.6102362204724,254,0.98204184,0.9996883
1112,2854.316923076923,968.4184615384615,325,0.98955286,0.9999681
1113,3408.96682464455,966.3696682464455,211,0.9720284,0.9993612
1114,5104.33962264151,966.6037735849056,212,0.9870332,0.99932516
1115,2270.453237410072,968.863309352518,278,0.9863513,0.99993753
1116,2035.7397260273972,972.5890410958904,292,0.9864415,0.99990463
1117,2408.2678571428573,970.5297619047619,168,0.9631313,0.9955039
1118,3145.657992565056,974.907063197026,269,0.986705,0.9999095
1119,1291.1888888888889,976.1333333333333,270,0.9839186,0.9997944
1120,3649.4491525423728,976.4237288135594,236,0.9757712,0.9995063
1121,4792.586466165413,979.203007518797,399,0.9869072,0.9999988
1122,3970.1770833333335,976.5885416666666,192,0.9745955,0.9995004
1123,4432.432835820896,974.7985074626865,134,0.9364382,0.9951707
1124,2735.0862068965516,980.4353448275862,232,0.9777058,0.9997418
1125,5355.925742574257,979.7772277227723,202,0.9844268,0.99959826
1126,3166.1451612903224,976.4677419354839,62,0.84399396,0.9601486
1127,4905.658307210031,984.7398119122257,319,0.98828375,0.99987364
1128,2907.1666666666665,981.9333333333333,120,0.9231393,0.98144305
1129,1620.7,977.8,10,0.744418,0.8447175
1130,4568.460317460317,984.3809523809524,189,0.9545868,0.99811864
1131,2249.8833922261483,986.8127208480565,283,0.9893764,0.9999376
1132,2546.831683168317,985.5445544554456,202,0.9697724,0.9988956
1133,1706.6587301587301,991.3650793650794,378,0.98661083,0.9999854
1134,4965.0,982.5,10,0.7732819,0.87607616
1135,2830.970588235294,986.3088235294117,68,0.81726897,0.93765485
1136,2347.537878787879,991.560606060606,264,0.9845249,0.99975616
1137,4326.2558139534885,986.7906976744187,43,0.8687717,0.9548247
1138,4144.5,984.5,4,0.72860706,0.78343785
1139,691.0,988.0,20,0.8305453,0.92399645
1140,1617.0,986.0,7,0.8094864,0.9060689
1141,2039.0,985.8461538461538,13,0.75988483,0.8891754
1142,5434.283505154639,992.1340206185567,194,0.969386,0.9985965
1143,223.6703910614525,995.2234636871508,179,0.9500292,0.9935906
1144,5051.691029900332,997.1960132890365,301,0.9844187,0.99986994
1145,2607.30790960452,998.7485875706215,354,0.9860902,0.9999115
1146,2719.6785714285716,998.3010204081633,196,0.9642734,0.99615836
1147,1665.736111111111,997.8611111111111,72,0.8540219,0.97888386
1148,4761.312796208531,1000.568720379147,211,0.98636717,0.9993658
1149,4486.222222222223,998.4333333333333,90,0.9547129,0.9957396
1150,4350.213675213675,1006.4508547008547,468,0.99280286,0.999997
1151,2906.617283950617,1006.1574074074074,324,0.9716495,0.99993145
1152,3406.902777777778,1000.9305555555555,72,0.9260942,0.98888963
1153,4006.228215767635,1007.2116182572614,241,0.97805053,0.99967855
1154,4110.702830188679,1006.6320754716982,212,0.98464936,0.9996603
1155,4235.461538461538,1003.1692307692308,65,0.92023283,0.9843217
1156,4605.708333333333,1002.2083333333334,24,0.8716936,0.96597064
1157,1223.5852842809365,1010.3478260869565,299,0.98690236,0.9996762
1158,3682.560975609756,1002.8048780487804,41,0.8791755,0.9700587
1159,1910.4439655172414,1010.6853448275862,232,0.9788081,0.9988193
1160,2739.3229166666665,1010.0833333333334,96,0.90827566,0.98060405
1161,5251.275590551181,1013.5511811023622,127,0.98050594,0.999058
1162,3265.8315789473686,1015.1754385964912,285,0.9820846,0.9999558
1163,4955.027624309392,1015.0,181,0.96849644,0.9979878
1164,2598.1176470588234,1010.8823529411765,17,0.85625046,0.95363927
1165,3751.304347826087,1017.5597826086956,184,0.97543335,0.99861765
1166,5244.666666666667,1014.0,18,0.7667345,0.86765033
1167,3734.517571884984,1026.88178913738,313,0.9553244,0.9960945
1168,4752.767326732674,1021.4108910891089,202,0.97379625,0.99901044
1169,2404.002512562814,1025.6532663316582,398,0.9747365,0.99935025
1170,3402.462068965517,1020.9586206896552,145,0.961278,0.99798316
1171,3223.1676300578033,1022.5549132947976,173,0.96906435,0.9985417
1172,3713.266666666667,1019.0666666666667,15,0.80384517,0.93268764
1173,4500.90625,1024.76875,160,0.96009797,0.9973469
1174,2034.4395604395604,1029.489010989011,182,0.9835881,0.9993062
1175,2727.7741935483873,1025.032258064516,31,0.83268523,0.93492305
1176,3009.5,1024.5,4,0.7278269,0.7850784
1177,3942.76,1032.34,300,0.98367256,0.9997923
1178,4483.837209302325,1028.9883720930231,86,0.9621453,0.9942978
1179,2241.5,1025.5,4,0.7444947,0.83712596
1180,3351.7897435897435,1038.176923076923,390,0.97997856,0.9994709
1181,3199.010582010582,1033.973544973545,189,0.9737098,0.9984339
1182,2249.712121212121,1038.2060606060606,330,0.9862386,0.9999558
1183,4726.423728813559,1037.7288135593221,236,0.9833275,0.99967825
1184,598.4876325088339,1040.9681978798587,283,0.9706738,0.9986143
1185,1977.0,1033.0,9,0.74694854,0.8664539
1186,3326.9155555555553,1042.0177777777778,225,0.97512287,0.9995619
1187,2162.4766355140187,1044.1635514018692,214,0.9719053,0.997749
1188,2230.9953703703704,1044.9537037037037,216,0.9520915,0.9952094
1189,3664.1875,1042.7291666666667,144,0.96843815,0.9984185
1190,4791.793548387097,1046.883870967742,310,0.9874142,0.9998859
1191,4813.133064516129,1045.2016129032259,248,0.9844024,0.9998845
1192,2331.6611570247933,1046.280991735537,242,0.9833896,0.9990961
1193,2516.3865546218485,1044.2857142857142,119,0.8871143,0.98260087
1194,3719.1929824561403,1046.828947368421,228,0.9832556,0.9995691
1195,3095.378205128205,1046.4935897435898,156,0.9596709,0.9956862
1196,1661.7426160337552,1050.2911392405063,237,0.9767018,0.99815315
1197,3228.9285714285716,1044.607142857143,28,0.8056802,0.91730213
1198,5396.5,1048.364406779661,118,0.9384383,0.9845705
1199,3055.884422110553,1050.3768844221106,199,0.9177016,0.98630446
1200,3485.296296296296,1050.3086419753085,81,0.9253217,0.9877293
1201,4236.819209039548,1062.4331450094162,531,0.9862474,0.9998658
1202,1722.049504950495,1055.930693069307,202,0.98765206,0.9998024
1203,1394.1406844106464,1057.0912547528517,263,0.9800763,0.99975914
1204,2501.2901785714284,1055.6160714285713,224,0.9781706,0.998569
1205,2408.427983539095,1057.0987654320988,243,0.98091775,0.99973446
1206,2640.089285714286,1051.625,56,0.849223,0.95978004
1207,3435.8622754491016,1056.497005988024,167,0.96605104,0.9966599
1208,4372.5,1053.0,24,0.8529323,0.95044804
1209,2871.0,1054.0,13,0.72673714,0.78719
1210,4533.661654135339,1065.360902255639,133,0.94726473,0.99271566
1211,2835.8701923076924,1068.3076923076924,208,0.95643264,0.9947753
1212,5400.159624413145,1067.4507042253522,213,0.9863021,0.9991443
1213,4500.819327731092,1073.376050420168,476,0.9842455,0.9998367
1214,616.0911458333334,1072.7838541666667,384,0.9834118,0.999469
1215,2274.620512820513,1069.2153846153847,195,0.9753455,0.9978362
1216,2805.5268292682927,1071.009756097561,205,0.9703545,0.9982311
1217,2361.421686746988,1072.5301204819277,249,0.97854257,0.9991145
1218,5367.114803625378,1073.6344410876134,331,0.9891214,0.9998678
1219,3032.1666666666665,1067.3333333333333,24,0.81828517,0.9324141
1220,3409.8114856429465,1080.661672908864,801,0.9823777,0.99999833
1221,3156.6511627906975,1071.9767441860465,86,0.92076385,0.98410034
1222,5006.644128113879,1077.8540925266905,281,0.983841,0.99978024
1223,3773.907894736842,1075.9013157894738,152,0.955566,0.9957534
1224,666.6760563380282,1081.2647887323944,355,0.98628944,0.99975854
1225,4220.559322033899,1075.3050847457628,59,0.93563163,0.9911645
1226,2473.3959731543623,1079.3020134228188,149,0.961758,0.99592066
1227,1775.6376811594203,1082.927536231884,276,0.9824622,0.99982965
1228,2294.7727272727275,1081.628787878788,132,0.92684764,0.9823644
1229,3373.5263157894738,1080.3947368421052,76,0.900303,0.9744957
1230,3965.057142857143,1080.3714285714286,35,0.83164835,0.9583856
1231,4704.45045045045,1087.3783783783783,222,0.9829781,0.99971634
1232,2001.4444444444443,1088.2681992337166,261,0.9803138,0.99923396
1233,2976.9198473282445,1089.4847328244275,262,0.9809061,0.9997961
1234,4409.128,1088.84,125,0.94877005,0.9955297
1235,3836.883333333333,1089.4666666666667,60,0.938289,0.991763
1236,4359.386666666666,1089.4133333333334,75,0.871019,0.97687256
1237,3505.8836363636365,1093.7636363636364,275,0.979373,0.9995159
1238,2600.361386138614,1093.3960396039604,202,0.96845114,0.9953759
1239,3842.909090909091,1090.6363636363637,11,0.7602777,0.87739986
1240,2579.1286307053942,1099.1203319502074,241,0.9827805,0.9996964
1241,4206.584905660377,1096.8490566037735,53,0.89885676,0.9780115
1242,2958.371951219512,1102.560975609756,164,0.9435287,0.99293524
1243,3399.153153153153,1100.954954954955,111,0.92481226,0.99279445
1244,3952.1626506024095,1103.1084337349398,166,0.9635078,0.9980374
1245,3791.3273542600896,1106.9058295964126,223,0.9538291,0.9981645
1246,4685.817987152034,1114.3169164882227,467,0.9693433,0.9997032
1247,2544.136546184739,1108.686746987952,249,0.9844188,0.9999027
1248,4605.425925925926,1106.2777777777778,54,0.943089,0.9931421
1249,2035.8301886792453,1104.8867924528302,53,0.88748467,0.9840279
1250,5016.773722627737,1111.905109489051,411,0.98844284,0.9999551
1251,3231.4102564102564,1106.974358974359,39,0.87448287,0.9638853
1252,4319.708029197081,1114.4014598540145,274,0.9750609,0.998901
1253,4611.166666666667,1107.4166666666667,24,0.79663175,0.9420978
1254,4026.5,1109.6290322580646,62,0.89640075,0.98532873
1255,4555.570342205323,1115.2091254752852,263,0.979336,0.999762
1256,2094.3214285714284,1109.9642857142858,28,0.82759094,0.9421116
1257,2310.1102362204724,1115.492125984252,254,0.9834693,0.9997703
1258,2764.6266666666666,1117.4377777777777,450,0.9651813,0.99910754
1259,3187.1087719298243,1116.1052631578948,285,0.98356783,0.9999293
1260,3549.7380952380954,1109.857142857143,42,0.8712066,0.97213846
1261,3920.386111111111,1116.888888888889,360,0.9837333,0.9998549
1262,4472.583333333333,1112.4469696969697,132,0.9255201,0.98911417
1263,3387.9493670886077,1113.1518987341772,79,0.92405313,0.9891155
1264,4405.992831541219,1118.1039426523298,279,0.9749727,0.9994412
1265,3824.7744360902257,1116.1203007518798,133,0.95007896,0.99641776
1266,4900.894117647059,1120.5647058823529,170,0.962146,0.99673164
1267,888.3258426966293,1119.9213483146068,89,0.8601178,0.9868356
1268,1529.8028846153845,1123.9807692307693,208,0.9835427,0.99952185
1269,3630.4701986754967,1124.1225165562914,302,0.98375654,0.9996699
1270,5225.505208333333,1126.125,192,0.9757561,0.99877036
1271,2649.1126213592233,1139.4174757281553,515,0.9795602,0.9987041
1272,2213.3360215053763,1134.5752688172042,372,0.9854808,0.9999856
1273,2040.3818181818183,1132.1818181818182,165,0.9293718,0.98777336
1274,4312.298850574713,1136.183908045977,261,0.96957123,0.9993292
1275,4680.29347826087,1132.554347826087,92,0.93475634,0.99182034
1276,2996.2894736842104,1130.921052631579,38,0.86607903,0.9577835
1277,4836.406698564593,1135.3540669856459,209,0.98098624,0.9988928
1278,2418.3407079646017,1141.1814159292035,226,0.98216796,0.9994418
1279,4195.792207792208,1141.6038961038962,154,0.9599213,0.99729544
1280,4370.193548387097,1138.4516129032259,31,0.8029122,0.89392555
1281,1736.7659574468084,1143.75,188,0.9653986,0.99703676
1282,1909.9788135593221,1144.2754237288136,236,0.97972506,0.99923706
1283,1288.0690376569037,1153.6548117154812,478,0.9840108,0.99981266
1284,3066.021897810219,1143.7299270072992,137,0.9685491,0.99699223
1285,5121.733333333334,1144.088888888889,180,0.97257096,0.99656624
1286,2870.2088607594937,1144.9556962025317,158,0.9479121,0.9938001
1287,3117.060606060606,1143.6666666666667,33,0.82787865,0.9532629
1288,2129.9329608938547,1149.2569832402235,179,0.9501529,0.9981091
1289,2949.066037735849,1146.877358490566,106,0.977249,0.9975579
1290,2091.3204545454546,1154.7181818181818,440,0.98278606,0.9999603
1291,3212.71768707483,1152.0544217687075,294,0.97387916,0.9998729
1292,1686.1875,1151.7142857142858,224,0.97465146,0.9994481
1293,1865.051948051948,1147.7662337662337,77,0.9226502,0.9829354
1294,3971.8518518518517,1147.6296296296296,54,0.89536995,0.98147297
1295,2830.4681724845996,1159.64681724846,487,0.9928898,0.9999981
1296,4343.92807424594,1160.3271461716938,431,0.9806185,0.9994498
1297,1162.8868421052632,1158.2736842105264,380,0.98511976,0.99983764
1298,3782.576,1158.612,250,0.9787822,0.99955523
1299,3348.627358490566,1158.433962264151,212,0.9627372,0.9982083
1300,4448.370192307692,1160.1682692307693,208,0.9599858,0.9981339
1301,2307.8947368421054,1155.6052631578948,38,0.7828472,0.86755574
1302,4628.424242424242,1157.7575757575758,33,0.8628414,0.9536813
1303,2302.5,1158.0,10,0.8313942,0.9386358
1304,3924.6190476190477,1161.152380952381,105,0.930736,0.99248403
1305,3938.6041666666665,1161.0,48,0.8870907,0.9759612
1306,3896.0073529411766,1167.6139705882354,272,0.98208845,0.9994135
1307,1975.0833333333333,1161.75,12,0.82600015,0.9405899
1308,2448.5,1161.5,4,0.66902316,0.70592475
1309,2328.4350453172206,1170.166163141994,331,0.9619516,0.99687934
1310,4879.726384364821,1173.0798045602605,614,0.9896618,0.999967
1311,2444.6153846153848,1164.3846153846155,13,0.7546739,0.87417895
1312,5039.14953271028,1171.6028037383178,214,0.96070606,0.99655205
1313,3996.349514563107,1169.0388349514562,103,0.93949914,0.9937171
1314,4751.320754716981,1167.245283018868,53,0.89481723,0.97354984
1315,1981.668292682927,1173.019512195122,205,0.97636926,0.9987186
1316,2764.1827956989246,1174.8960573476702,279,0.9799247,0.99972486
1317,3341.0,1174.3881856540083,237,0.98007214,0.99969447
1318,3323.2241379310344,1170.396551724138,58,0.88824886,0.9764279
1319,4028.3212851405624,1176.5261044176707,249,0.9716373,0.9997889
1320,5503.208333333333,1179.5863095238096,336,0.9862364,0.99977005
1321,3967.583061889251,1178.6449511400651,307,0.96398014,0.9978242
1322,4524.461538461538,1181.4086538461538,208,0.94782066,0.99171674
1323,5217.256723716381,1184.1002444987776,409,0.9875381,0.99994934
1324,5539.4375,1178.78125,64,0.9579946,0.9982355
1325,3674.5,1179.765625,64,0.9189558,0.98791355
1326,4833.289017341041,1182.7514450867052,173,0.9538054,0.9966358
1327,2545.2136363636364,1188.0545454545454,220,0.9700151,0.99802816
1328,4707.516483516483,1186.6373626373627,91,0.8761982,0.9784179
1329,738.2932692307693,1192.2692307692307,416,0.9855869,0.9999139
1330,3781.5,1184.5,4,0.68424296,0.7307191
1331,4280.988864142539,1194.574610244989,449,0.98425305,0.9999478
1332,3276.837837837838,1191.918918918919,185,0.94808316,0.9942309
1333,4341.070388349514,1196.8980582524273,412,0.9854941,0.9999566
1334,2107.1607843137253,1197.1921568627452,255,0.97508734,0.9999211
1335,4429.699588477366,1198.2304526748972,243,0.9738496,0.99923193
1336,1444.5194805194806,1200.3679653679653,231,0.98433316,0.9995451
1337,1896.938775510204,1200.6275510204082,196,0.96815944,0.9963388
1338,2939.702564102564,1199.7128205128206,195,0.9618755,0.9976271
1339,3296.948275862069,1197.3620689655172,58,0.9014233,0.98322093
1340,3836.6852589641435,1203.1394422310757,251,0.969472,0.9995655
1341,5059.358024691358,1199.0493827160494,81,0.9519803,0.992795
1342,3179.522151898734,1206.3512658227849,316,0.9819739,0.99985904
1343,4257.286046511628,1207.9697674418605,430,0.99307376,0.99999535
1344,4969.124365482234,1207.3832487309644,394,0.9855934,0.9998963
1345,4626.0,1204.4492753623188,138,0.9477957,0.99594194
1346,3448.159090909091,1206.721590909091,176,0.96475863,0.99698097
1347,3242.443365695793,1210.495145631068,309,0.98231757,0.99979293
1348,3523.21875,1205.125,32,0.87367857,0.9643818
1349,2048.9874476987447,1213.8661087866108,239,0.97165376,0.99912626
1350,4021.909090909091,1207.0454545454545,22,0.8566238,0.9597604
1351,2930.043795620438,1212.6934306569342,137,0.9481178,0.99618995
1352,1966.2730769230768,1219.6038461538462,260,0.97607195,0.99955356
1353,4313.835616438356,1217.4520547945206,146,0.9600754,0.9965565
1354,1655.875,1222.7901785714287,224,0.97572166,0.9983342
1355,2230.803738317757,1222.53738317757,214,0.9834351,0.9993411
1356,3610.986956521739,1222.1782608695653,230,0.97953916,0.9993647
1357,3662.3931034482757,1221.0206896551724,145,0.9726535,0.99824554
1358,3865.7387640449438,1225.2556179775281,356,0.9710234,0.99889064
1359,2371.3370786516853,1222.2359550561798,89,0.9289322,0.9828577
1360,3008.2559241706163,1224.39336492891,211,0.968041,0.9974462
1361,3391.077142857143,1233.9685714285715,350,0.9911185,0.99996257
1362,1628.485260770975,1239.2403628117913,441,0.990096,0.99998343
1363,4317.460317460317,1232.4444444444443,63,0.90036374,0.98665524
1364,4445.052356020942,1238.6387434554974,191,0.96693,0.9974751
1365,2790.6637931034484,1239.9568965517242,232,0.98436415,0.9994209
1366,1796.740932642487,1242.0051813471503,193,0.98329866,0.9990355
1367,3668.154761904762,1237.642857142857,84,0.9350813,0.9916557
1368,4306.0,1240.528735632184,174,0.9629185,0.9987056
1369,5024.529411764706,1242.9102167182662,323,0.9815328,0.999593
1370,2580.891025641026,1244.8653846153845,312,0.9862704,0.99998045
1371,4255.036363636364,1241.909090909091,165,0.9629169,0.9973089
1372,4568.391891891892,1239.4054054054054,74,0.9079693,0.9809785
1373,3227.9675324675327,1246.512987012987,308,0.98505825,0.9999366
1374,4052.58431372549,1247.9843137254902,255,0.9795397,0.99909604
1375,2811.6802721088434,1247.9863945578231,147,0.95186424,0.9941717
1376,2848.3622047244094,1250.1220472440946,254,0.9841554,0.99978036
1377,4850.058823529412,1248.9084967320262,153,0.9406196,0.99690574
1378,2616.3314285714287,1249.2571428571428,175,0.9452206,0.995665
1379,4681.669950738917,1253.2364532019703,203,0.970911,0.99885166
1380,2871.518018018018,1254.6711711711712,222,0.9865211,0.99971217
1381,2091.415224913495,1261.6262975778548,289,0.9819866,0.9998118
1382,3998.473076923077,1267.5653846153846,520,0.9846668,0.99978894
1383,3064.2533333333336,1261.0666666666666,150,0.97031087,0.9982291
1384,4427.009259259259,1262.2175925925926,216,0.959476,0.9957955
1385,2209.9549180327867,1264.5573770491803,244,0.98033655,0.9987312
1386,2829.5146198830407,1262.1169590643274,171,0.9443016,0.9944805
1387,3439.776785714286,1261.455357142857,112,0.9300014,0.9945322
1388,2667.434065934066,1263.9725274725274,182,0.9725684,0.99766123
1389,3684.892307692308,1263.2,65,0.90426254,0.9870534
1390,2252.8540145985403,1269.7226277372263,274,0.97828716,0.99920005
1391,3741.2837370242214,1272.311418685121,289,0.9797307,0.9994498
1392,4512.445859872611,1270.71974522293,157,0.94428,0.9963307
1393,4827.5,1265.5,12,0.777251,0.88050413
1394,1672.9245283018868,1273.0283018867924,212,0.96656567,0.9979505
1395,4130.559595959596,1282.9454545454546,495,0.9770918,0.99953103
1396,3077.0227272727275,1271.6363636363637,44,0.86209434,0.97010225
1397,1891.702380952381,1281.7410714285713,336,0.98223096,0.9998579
1398,3690.261780104712,1280.806282722513,191,0.97265697,0.99859047
1399,4771.0775510204085,1290.165306122449,980,0.9823654,0.9999025
1400,3577.4402730375427,1286.9590443686006,293,0.98131335,0.99972576
1401,3482.55,1283.9375,80,0.92840636,0.9884529
1402,5257.63687150838,1287.0,179,0.98101014,0.9987846
1403,3784.021276595745,1283.872340425532,47,0.8987396,0.98127365
1404,4391.450980392156,1286.0392156862745,102,0.930421,0.9916659
1405,3167.201166180758,1293.932944606414,343,0.9900316,0.9999827
1406,784.5326086956521,1295.8985507246377,276,0.9764205,0.9983386
1407,4026.120218579235,1294.6775956284152,183,0.9796214,0.99924845
1408,1476.7378048780488,1299.3191056910568,492,0.9921048,0.9999949
1409,2797.0321285140562,1297.3493975903614,249,0.984853,0.99967015
1410,1821.3875,1297.5,80,0.8960803,0.9840613
1411,2613.7867647058824,1298.7794117647059,136,0.9537313,0.9928986
1412,3545.0,1295.0,19,0.80397433,0.9325586
1413,678.3671706263499,1306.3110151187905,463,0.98297036,0.9999318
1414,587.7107438016529,1302.3057851239669,121,0.8494349,0.98392236
1415,3101.377990430622,1305.7129186602872,209,0.97534674,0.99935824
1416,3527.7845659163986,1311.186495176849,311,0.9833217,0.99973434
1417,4264.722084367246,1311.7890818858561,403,0.9845337,0.9997498
1418,3955.6753246753246,1307.155844155844,77,0.9205285,0.99271095
1419,1740.2884615384614,1316.2836538461538,208,0.9610191,0.9960789
1420,3798.367601246106,1317.183800623053,321,0.97665167,0.9994136
1421,3995.1687979539643,1321.3964194373402,391,0.9908404,0.9999746
1422,4016.956834532374,1318.63309352518,139,0.93464494,0.99211395
1423,3334.56,1316.92,25,0.84327435,0.94519174
1424,2707.316326530612,1322.204081632653,98,0.9128514,0.9866643
1425,4484.321428571428,1323.142857142857,112,0.94045067,0.9932285
1426,2538.2630057803467,1329.092485549133,346,0.9898805,0.99999136
1427,4506.363636363636,1320.090909090909,11,0.7842384,0.84367585
1428,5304.504504504504,1324.6486486486488,111,0.922731,0.9878531
1429,2139.36,1324.32,25,0.8073662,0.9306356
1430,470.68989547038325,1332.121951219512,287,0.9757969,0.9991904
1431,1907.512987012987,1329.909090909091,154,0.95115066,0.99347866
1432,2831.481375358166,1340.1618911174785,698,0.9854605,0.99995863
1433,4345.0814332247555,1335.9641693811075,307,0.9870687,0.9998273
1434,3353.269565217391,1333.1913043478262,115,0.9169646,0.9909407
1435,3097.144927536232,1337.855072463768,276,0.9791145,0.99996954
1436,3739.2266009852215,1337.0049261083743,203,0.96150863,0.99758494
1437,2155.0423728813557,1337.677966101695,118,0.9223254,0.98495674
1438,5443.069444444444,1338.8333333333333,72,0.9719108,0.9926925
1439,3332.311728395062,1344.3055555555557,324,0.97946995,0.99998057
1440,4933.032653061225,1346.1183673469388,245,0.9759915,0.99943024
1441,5387.177419354839,1354.641935483871,310,0.9841949,0.9998351
1442,3365.9655172413795,1350.4022988505747,87,0.9325803,0.9878778
1443,4181.848,1353.048,125,0.94555974,0.9934197
1444,3050.801152737752,1364.9481268011527,347,0.9887431,0.9999841
1445,3566.7084870848707,1365.479704797048,271,0.97318596,0.9987229
1446,3790.1304347826085,1366.2826086956522,276,0.9733438,0.99910617
1447,1577.122270742358,1370.4170305676855,458,0.98955226,0.99998283
1448,3887.0045871559632,1368.651376146789,218,0.96278787,0.9985612
1449,2783.4739583333335,1369.953125,192,0.95877,0.9965898
1450,4517.8439024390245,1371.8731707317072,205,0.9759332,0.9987192
1451,5032.212765957447,1367.872340425532,47,0.8796959,0.9692483
1452,4121.231884057971,1369.855072463768,69,0.89348805,0.9840369
1453,2243.5164835164837,1372.021978021978,91,0.895234,0.9713742
1454,3858.8809523809523,1371.25,84,0.9289946,0.9912215
1455,4447.0,1370.0,41,0.867916,0.9649251
1456,4206.502793296089,1379.2234636871508,179,0.96603614,0.9984088
1457,3390.0027247956405,1383.8283378746594,367,0.98829347,0.99998224
1458,2655.769696969697,1380.0181818181818,165,0.9628233,0.99366534
1459,3521.735294117647,1379.8235294117646,34,0.9194442,0.9854654
1460,3371.16875,1383.75625,160,0.96980554,0.9991001
1461,2053.157894736842,1387.178947368421,190,0.9586618,0.9957564
1462,1999.6554404145077,1391.8782383419689,386,0.9822155,0.9999025
1463,1760.4476190476191,1390.7190476190476,210,0.9667418,0.9970827
1464,3603.4258241758243,1393.1373626373627,364,0.9920539,0.9999924
1465,3319.8271604938273,1391.9567901234568,162,0.9558781,0.99567986
1466,4044.6801909307874,1397.3508353221957,419,0.987985,0.9999688
1467,4762.358974358975,1389.5384615384614,39,0.88877016,0.96424687
1468,4916.87,1391.04,100,0.93034464,0.99218816
1469,3431.3370165745855,1401.9696132596684,362,0.9788159,0.99894375
1470,646.7965367965368,1402.1341991341992,231,0.9685682,0.9962287
1471,2247.729797979798,1405.2373737373737,396,0.98424447,0.99998194
1472,3943.2272727272725,1399.3636363636363,22,0.81520903,0.9276929
1473,1349.228323699422,1411.1589595375722,346,0.9692988,0.999345
1474,1823.103448275862,1405.8620689655172,29,0.832086,0.96076465
1475,3255.9317073170732,1414.019512195122,205,0.9864739,0.99952674
1476,3556.3445945945946,1412.445945945946,148,0.95925313,0.997209
1477,3679.9066666666668,1413.8,225,0.9851068,0.9991864
1478,3821.4760563380282,1417.7830985915493,355,0.98168415,0.99952495
1479,4308.463855421687,1415.198795180723,332,0.9852471,0.9997371
1480,2224.496453900709,1420.853427895981,423,0.9904251,0.9999938
1481,3739.1576763485477,1420.058091286307,241,0.9759337,0.999297
1482,976.8412698412699,1422.952380952381,189,0.956652,0.99080783
1483,5489.811881188119,1421.5742574257426,101,0.85976607,0.96411085
1484,3872.1111111111113,1419.111111111111,18,0.7720796,0.91576636
1485,4442.804347826087,1421.5652173913043,46,0.88348836,0.9790173
1486,4775.851851851852,1423.1851851851852,54,0.8653538,0.9611291
1487,955.5736961451247,1431.1609977324263,441,0.9796047,0.99996185
1488,3602.1849315068494,1425.3219178082193,146,0.9588387,0.99485695
1489,3706.76,1421.96,25,0.8567156,0.95139265
1490,3018.306049822064,1430.5124555160141,281,0.97965825,0.9990809
1491,3676.151702786378,1435.6377708978328,323,0.9811492,0.99962056
1492,1565.4442013129103,1438.078774617068,457,0.98605657,0.9999286
1493,3534.482558139535,1439.2412790697674,344,0.97754323,0.99888176
1494,4576.643835616438,1437.6712328767123,73,0.8980767,0.97974795
1495,4796.069306930693,1440.4554455445545,101,0.9594237,0.9972187
1496,3253.5461538461536,1445.0923076923077,260,0.9787348,0.9992378
1497,4668.872340425532,1444.340425531915,47,0.83684766,0.96498275
1498,2368.171557562077,1457.1625282167042,443,0.9934865,0.99999744
1499,2409.5,1449.5,18,0.7777439,0.89522266
1500,2630.6188340807175,1454.659192825112,223,0.97318065,0.99829537
1501,1435.287356321839,1458.721264367816,348,0.9797823,0.99959654
1502,2209.6675191815857,1460.012787723785,391,0.985448,0.9999554
1503,3700.9645390070923,1458.549645390071,282,0.97379535,0.999021
1504,587.6168831168832,1461.1168831168832,308,0.9731383,0.99752355
1505,1871.6366279069769,1462.078488372093,344,0.9812493,0.9997768
1506,3245.684210526316,1463.5204678362572,342,0.9883662,0.99986255
1507,3410.94414893617,1463.9414893617022,376,0.9818304,0.9996358
1508,38.136986301369866,1463.054794520548,146,0.9062358,0.9907206
1509,3000.171314741036,1465.8764940239043,251,0.9783365,0.99851257
1510,2924.714285714286,1472.0607142857143,280,0.98254687,0.9991999
1511,3391.878151260504,1471.3319327731092,238,0.97002953,0.9991679
1512,3958.978813559322,1473.885593220339,236,0.96478945,0.99763346
1513,3037.233983286908,1477.401114206128,359,0.99253637,0.999995
1514,3478.611859838275,1477.5040431266846,371,0.98255545,0.99972385
1515,919.3064516129032,1479.8145161290322,372,0.98421246,0.9996012
1516,4483.369230769231,1478.323076923077,130,0.9789424,0.99757737
1517,1863.7506053268764,1483.130750605327,413,0.98526466,0.9998976
1518,2960.1781970649895,1483.0251572327045,477,0.9874924,0.99998665
1519,3191.714285714286,1476.2571428571428,35,0.8672314,0.95371443
1520,3828.212121212121,1476.7575757575758,33,0.8724332,0.96762776
1521,4157.1875,1485.2604166666667,96,0.92683744,0.98965704
1522,3705.010033444816,1489.9397993311036,299,0.9795961,0.99950904
1523,4022.0284974093265,1491.660621761658,386,0.98881125,0.9998871
1524,3293.0559210526317,1492.3684210526317,304,0.9806863,0.9995203
1525,4358.257142857143,1493.4485714285715,350,0.9851975,0.9994325
1526,2628.226153846154,1500.803076923077,650,0.9878863,0.99994504
1527,2564.3398692810456,1496.5424836601308,153,0.97966534,0.9978016
1528,3250.025974025974,1498.051948051948,308,0.9835932,0.9995851
1529,3159.8082524271845,1503.2014563106795,412,0.9673475,0.9991454
1530,2736.532258064516,1495.9516129032259,62,0.8721358,0.97397417
1531,3028.691394658754,1501.59940652819,337,0.9797524,0.9995372
1532,4479.961538461538,1496.7820512820513,78,0.90323544,0.99395305
1533,1901.355421686747,1505.0301204819277,166,0.947811,0.99096465
1534,2047.1655172413793,1507.7448275862068,145,0.9434522,0.9939241
1535,3309.433155080214,1510.5133689839572,187,0.9579788,0.9965443
1536,3833.711009174312,1514.7431192660551,218,0.9775723,0.9991732
1537,3511.0,1511.7551020408164,49,0.88348866,0.9751412
1538,3913.304812834225,1520.4705882352941,374,0.9924858,0.99995565
1539,2664.946611909651,1522.4209445585216,487,0.98081374,0.9993406
1540,3188.5962441314555,1523.924882629108,213,0.9589994,0.99818206
1541,1962.7797356828194,1526.625550660793,227,0.97272766,0.9968127
1542,4679.540909090909,1525.9363636363637,220,0.9674322,0.9987643
1543,3735.5882352941176,1522.3235294117646,34,0.8471466,0.95633703
1544,4186.17094017094,1528.7991452991453,234,0.9750382,0.9989398
1545,3042.6136363636365,1530.6818181818182,132,0.9567966,0.99430025
1546,3715.6065573770493,1528.8852459016393,61,0.9380036,0.98777115
1547,4046.3779527559054,1531.275590551181,127,0.96474665,0.99744225
1548,3412.8584905660377,1531.433962264151,106,0.9537451,0.9925768
1549,2737.96357615894,1537.2516556291391,302,0.9833297,0.999905
1550,2905.9885714285715,1535.9142857142858,175,0.9482275,0.99651265
1551,1695.82,1533.3,50,0.9340822,0.97957873
1552,3317.3211678832117,1538.3357664233577,137,0.94461894,0.99557865
1553,3497.9471153846152,1543.360576923077,208,0.9655597,0.99809915
1554,4049.6363636363635,1537.909090909091,11,0.73775965,0.8063539
1555,3896.6082474226805,1548.6623711340205,388,0.98490065,0.9998247
1556,1872.6666666666667,1547.093023255814,129,0.9266737,0.98358667
1557,5480.524752475248,1553.3415841584158,202,0.9558877,0.99467456
1558,4853.672727272728,1558.898181818182,275,0.97648525,0.99879813
1559,1978.8872180451128,1560.3496240601503,266,0.9756036,0.9990117
1560,3743.0,1554.5,10,0.77693784,0.8612991
1561,3602.2373540856033,1562.31906614786,257,0.96146387,0.998414
1562,4021.5844155844156,1560.4545454545455,77,0.9261991,0.98998225
1563,3499.521739130435,1558.9130434782608,23,0.8374397,0.95225763
1564,5012.639784946236,1565.763440860215,186,0.9409599,0.9944105
1565,3659.3307692307694,1570.6076923076923,390,0.98438907,0.9996354
1566,2825.684210526316,1567.7602339181287,171,0.94378555,0.9903158
1567,2878.5,1567.5,4,0.76316285,0.7877762
1568,684.0,1569.5,10,0.74402916,0.8264863
1569,5146.082840236686,1576.3491124260354,169,0.94939715,0.99500704
1570,3320.095081967213,1579.1049180327868,305,0.97806555,0.9992117
1571,3642.3867924528304,1576.3301886792453,106,0.95302314,0.9971614
1572,3115.640718562874,1581.3353293413174,334,0.980873,0.9995693
1573,5065.294117647059,1583.2941176470588,17,0.80688184,0.90924215
1574,3829.429203539823,1589.632743362832,226,0.9608466,0.9979777
1575,3780.265306122449,1589.6632653061224,98,0.93951064,0.9944165
1576,3672.184210526316,1588.7105263157894,38,0.8638734,0.9636168
1577,2764.933609958506,1595.0,241,0.9701261,0.99855554
1578,3457.483333333333,1597.2083333333333,360,0.9811825,0.99997324
1579,4154.694444444444,1596.3680555555557,144,0.9447994,0.9959636
1580,1449.11396011396,1603.5270655270656,351,0.9729305,0.9993005
1581,2149.702290076336,1603.5190839694656,262,0.97366273,0.9994564
1582,3234.6776315789475,1601.717105263158,152,0.96474767,0.99612325
1583,3868.4,1608.8631578947368,380,0.99051857,0.9999394
1584,2338.801120448179,1615.4425770308123,357,0.98300165,0.9999356
1585,2047.58,1617.05,200,0.9757755,0.9975435
1586,3579.5552486187844,1618.8121546961327,362,0.9913699,0.9999058
1587,3608.1052631578946,1610.421052631579,19,0.8207297,0.93220043
1588,4011.96875,1613.03125,64,0.91735697,0.98903686
1589,3918.03125,1613.609375,64,0.936435,0.98928297
1590,3073.767741935484,1619.983870967742,310,0.9802711,0.999451
1591,1711.1304347826087,1622.4859335038363,391,0.9801035,0.9986708
1592,2601.681614349776,1620.3004484304934,223,0.97219,0.99804854
1593,4099.660714285715,1619.9285714285713,56,0.91376317,0.982612
1594,3446.763358778626,1622.2748091603053,131,0.95269626,0.99545455
1595,4656.375545851528,1625.1048034934497,229,0.94405305,0.9976331
1596,3948.847222222222,1621.9444444444443,72,0.93083125,0.98886454
1597,773.2172284644195,1627.8913857677903,267,0.97208977,0.9982591
1598,4350.875,1624.59375,128,0.94372743,0.9941537
1599,136.0054644808743,1631.0983606557377,366,0.9832971,0.999501
1600,743.2032967032967,1632.9945054945056,364,0.97980744,0.99952054
1601,2724.3675675675677,1629.881081081081,185,0.9514624,0.9934979
1602,4285.08679245283,1633.0415094339623,265,0.962103,0.9986876
1603,3384.0,1627.5,30,0.8624889,0.95817244
1604,2996.654205607477,1630.785046728972,107,0.9217839,0.9923429
1605,4700.795053003533,1636.643109540636,283,0.9738856,0.99837023
1606,5084.333333333333,1632.875,24,0.83734566,0.9443909
1607,4338.694117647059,1636.4941176470588,85,0.92811483,0.9909258
1608,4217.654654654654,1648.2072072072071,333,0.98422194,0.9991628
1609,1931.1830985915492,1643.8967136150234,213,0.96119833,0.99457127
1610,4554.859154929577,1641.1971830985915,71,0.9198719,0.9863042
1611,3921.106529209622,1647.2920962199312,291,0.9723565,0.9984465
1612,1902.1448598130842,1650.4766355140187,428,0.98579776,0.9999199
1613,2071.120649651972,1651.2204176334108,431,0.98632246,0.99996805
1614,4808.427586206896,1650.7793103448275,290,0.97374296,0.99894
1615,4505.333333333333,1647.0,24,0.8177805,0.93481725
1616,3828.0454545454545,1647.909090909091,22,0.85442734,0.958388
1617,3682.875,1648.125,8,0.7862104,0.8476272
1618,1562.1628959276018,1662.5294117647059,442,0.9851123,0.99949074
1619,3406.2,1654.4571428571428,35,0.87201023,0.9657745
1620,2373.054347826087,1662.6141304347825,184,0.97033584,0.9967186
1621,1921.6296296296296,1663.7654320987654,243,0.95918185,0.9980596
1622,4551.465838509317,1671.7639751552795,322,0.95190233,0.9981603
1623,2956.012931034483,1667.594827586207,232,0.97775644,0.9975598
1624,5217.61094224924,1673.0699088145896,329,0.9848778,0.9997545
1625,1650.1410256410256,1670.9423076923076,156,0.93339306,0.9928403
1626,896.9230769230769,1669.4615384615386,39,0.87985444,0.9787425
1627,4127.709677419355,1670.4516129032259,31,0.87702626,0.96529806
1628,3699.656488549618,1680.4885496183206,393,0.9862587,0.9996477
1629,3828.7619047619046,1677.0238095238096,126,0.94494927,0.99418044
1630,3343.744845360825,1683.840206185567,388,0.98260766,0.99981266
1631,3293.9439252336447,1678.6355140186915,107,0.9433096,0.9942111
1632,2920.991666666667,1685.8916666666667,120,0.91797984,0.98622
1633,3765.769230769231,1680.2307692307693,13,0.79036057,0.89286846
1634,2650.4086021505377,1687.021505376344,93,0.9140725,0.9892347
1635,4497.308441558442,1694.3961038961038,308,0.9818768,0.99897397
1636,1949.7211538461538,1701.6698717948718,312,0.9781375,0.99887174
1637,43.556728232189975,1704.4828496042217,379,0.98384017,0.9997801
1638,1251.105734767025,1706.6039426523298,558,0.9811763,0.9995758
1639,220.74458874458875,1710.82683982684,462,0.9822545,0.9994316
1640,2761.1397379912664,1708.183406113537,229,0.96479696,0.9977144
1641,3262.5,1702.5,8,0.84932375,0.9473653
1642,3739.238993710692,1719.8238993710693,318,0.98599434,0.9997503
1643,2849.5762081784387,1720.6988847583643,269,0.9915075,0.99987924
1644,3044.91,1717.05,100,0.9436135,0.9908851
1645,1611.36,1724.82,50,0.9067056,0.9748548
1646,4214.811023622047,1735.1364829396325,381,0.98287874,0.9995907
1647,1610.5,1729.5,8,0.6982166,0.74637043
1648,2850.0,1729.5,6,0.75391227,0.80433935
1649,3343.951351351351,1735.5297297297298,185,0.95137626,0.9969214
1650,1606.53125,1733.75,32,0.77500117,0.9289552
1651,4885.242857142857,1736.3,70,0.91793627,0.9829201
1652,863.6955017301038,1743.318339100346,289,0.9777008,0.9993782
1653,5346.056768558952,1743.1615720524017,229,0.9751708,0.9986412
1654,2664.775623268698,1746.9168975069251,361,0.9878079,0.9999401
1655,3537.5555555555557,1750.3527777777779,360,0.9745018,0.9990188
1656,1071.952965235174,1750.8609406952964,489,0.979008,0.99956363
1657,3589.3636363636365,1747.801652892562,121,0.9457447,0.9943021
1658,4289.80216802168,1754.821138211382,369,0.96409726,0.9990225
1659,3336.4488636363635,1752.3977272727273,176,0.9433181,0.9963136
1660,667.4057142857143,1762.0628571428572,175,0.95028436,0.9953835
1661,1463.7475490196077,1766.8014705882354,408,0.9776345,0.9986497
1662,3143.5895765472314,1766.2410423452768,307,0.97700787,0.9993573
1663,2068.4297872340426,1769.3531914893617,235,0.97660923,0.99885434
1664,797.1837160751566,1773.5219206680586,479,0.97602093,0.9997534
1665,4805.794979079498,1783.3744769874477,478,0.982279,0.99974954
1666,2265.6075949367087,1780.5696202531647,79,0.91715837,0.99084306
1667,2944.5,1779.5,8,0.823688,0.94577813
1668,4405.838323353293,1787.2095808383233,167,0.9538192,0.9937543
1669,3389.5966386554624,1791.9243697478992,357,0.98490036,0.9996752
1670,2901.648854961832,1788.6870229007634,131,0.9214517,0.98480564
1671,2937.5652173913045,1786.3478260869565,23,0.7768917,0.9049503
1672,5468.5,1787.5,4,0.7388448,0.7631917
1673,88.96938775510205,1794.704081632653,98,0.9452397,0.9951448
1674,2987.164265129683,1802.691642651297,347,0.9851459,0.9999279
1675,2458.1721311475408,1807.24043715847,366,0.9857508,0.99982786
1676,2871.644128113879,1806.0604982206405,281,0.97544616,0.9973476
1677,2962.125,1798.875,8,0.7509421,0.83296806
1678,2793.4767801857583,1810.9566563467492,323,0.9697285,0.99874145
1679,3745.121212121212,1804.030303030303,33,0.8635293,0.9637734
1680,2768.9595588235293,1811.7830882352941,272,0.9553549,0.9963378
1681,3844.3,1807.75,20,0.75499725,0.8596624
1682,3830.1304347826085,1818.2736572890026,391,0.99015224,0.9998864
1683,4855.571428571428,1810.061224489796,49,0.8845078,0.9803839
1684,1764.6780487804879,1832.180487804878,410,0.97679347,0.9994283
1685,879.5869565217391,1835.8623188405797,138,0.92158246,0.9923149
1686,2732.953488372093,1834.3720930232557,86,0.91746134,0.98881793
1687,2935.5865384615386,1840.1057692307693,208,0.94841045,0.9948237
1688,4741.942176870748,1842.765306122449,294,0.9758526,0.9989077
1689,4133.993902439024,1840.8475609756097,164,0.94676113,0.99613285
1690,2251.203703703704,1846.4259259259259,216,0.9650436,0.9975424
1691,3306.5737704918033,1853.7677595628415,366,0.9813073,0.9987806
1692,4501.0,1850.8357142857142,140,0.95496434,0.9952727
1693,583.952229299363,1861.2929936305732,314,0.9787137,0.9994465
1694,2491.0172413793102,1863.8045977011495,174,0.9810737,0.9990515
1695,2537.3705882352942,1862.1470588235295,170,0.94940525,0.9955107
1696,1944.820512820513,1865.148717948718,195,0.96100837,0.99630105
1697,3024.0625,1868.0426136363637,352,0.98163056,0.99922764
1698,1719.42175066313,1870.371352785146,377,0.98650914,0.9994573
1699,2071.2428571428572,1870.05,280,0.9704568,0.99769884
1700,2930.975438596491,1871.0350877192982,285,0.98140997,0.99911547
1701,2748.727536231884,1874.4115942028986,345,0.9796292,0.99947315
1702,4074.8903225806453,1872.483870967742,155,0.94534796,0.9949342
1703,1773.12,1870.52,50,0.8806293,0.973382
1704,1824.7596153846155,1882.5608974358975,312,0.9775746,0.99885106
1705,2483.3151515151517,1886.530303030303,330,0.9798118,0.99912673
1706,2657.1518987341774,1886.496835443038,316,0.9753673,0.99867463
1707,3929.4137931034484,1890.144827586207,435,0.98974496,0.9998994
1708,4195.098591549296,1887.4929577464789,213,0.96485347,0.997175
1709,4249.333333333333,1888.6746031746031,126,0.9276151,0.98815167
1710,3875.969899665552,1894.9096989966556,299,0.96314734,0.99803305
1711,1507.719008264463,1895.1694214876034,242,0.95406157,0.9978296
1712,5175.327586206897,1894.4353448275863,232,0.97377414,0.9983241
1713,3377.0,1888.0,7,0.73804486,0.79730374
1714,3516.366666666667,1892.9833333333333,60,0.89686114,0.98960316
1715,1850.0056603773585,1906.2716981132075,530,0.9836617,0.9999182
1716,4773.125,1896.875,8,0.7675762,0.84655344
1717,4222.795309168443,1908.82302771855,469,0.9851246,0.9996848
1718,3217.934426229508,1903.5901639344263,61,0.9002528,0.98054916
1719,3841.2292682926827,1913.0048780487805,205,0.96181476,0.99701726
1720,1673.880281690141,1913.1338028169014,142,0.9540468,0.9947572
1721,4469.738255033557,1915.5872483221476,298,0.96059096,0.99750394
1722,1622.8064516129032,1913.725806451613,124,0.91356266,0.9941513
1723,2243.1775510204084,1919.2,490,0.98562944,0.9999976
1724,2123.6754385964914,1914.2456140350878,114,0.92870116,0.99360627
1725,3527.7153465346537,1922.0569306930693,404,0.98315716,0.9999678
1726,4002.12,1915.76,50,0.9028181,0.9813433
1727,1564.677304964539,1922.0390070921985,282,0.96885973,0.9981898
1728,3126.151832460733,1923.3848167539268,382,0.98506254,0.99984795
1729,3977.621052631579,1928.6842105263158,285,0.96708876,0.99873567
1730,1206.3839779005525,1929.7762430939226,362,0.95684165,0.9983722
1731,105.97459584295612,1931.9284064665128,433,0.9814149,0.99936825
1732,4890.408219178083,1933.835616438356,365,0.97070044,0.997721
1733,2629.437086092715,1933.7549668874171,302,0.97178316,0.99906695
1734,3253.8867924528304,1928.8490566037735,53,0.9118562,0.9836712
1735,3182.1209677419356,1940.9354838709678,248,0.96201473,0.99707055
1736,3356.774011299435,1942.4745762711864,354,0.9734304,0.9978334
1737,3450.109090909091,1943.9136363636364,220,0.9751345,0.99740726
1738,2793.2169167803545,1948.9045020463848,733,0.9829638,0.9994461
1739,1865.511387163561,1949.977225672878,483,0.9642866,0.99847674
1740,4061.7235494880547,1948.7713310580205,293,0.96799695,0.9963885
1741,3458.909090909091,1943.6363636363637,11,0.7823206,0.8822076
1742,1702.840425531915,1954.4920212765958,376,0.97347265,0.99841374
1743,2088.6666666666665,1953.906976744186,387,0.97328144,0.9992032
1744,695.6798561151079,1959.3129496402878,278,0.97677284,0.99910414
1745,2193.0353982300885,1957.9469026548672,113,0.95005566,0.9947433
1746,4390.474226804124,1963.6013745704468,291,0.9725715,0.9959271
1747,3617.9150246305417,1969.6945812807883,812,0.98309934,0.9989159
1748,1911.6820652173913,1978.2364130434783,368,0.9841836,0.99899304
1749,5313.782828282829,1988.4924242424242,396,0.97737646,0.99975
1750,4143.125786163522,1987.1949685534591,159,0.9291912,0.9944659
1751,2815.1875,1992.934659090909,352,0.9817743,0.9991646
1752,3574.3661971830984,1986.605633802817,71,0.95245606,0.9923792
1753,4431.3626373626375,1988.0,91,0.89234614,0.9879054
1754,4085.950177935943,1999.1957295373666,281,0.95752007,0.9968037
1755,5161.727777777778,2001.2611111111112,540,0.9840802,0.9997677
1756,4023.0604395604396,2001.576923076923,364,0.9809413,0.9991647
1757,4259.18320610687,2002.7709923664122,262,0.9639629,0.99638534
1758,4559.221264367816,2005.2097701149426,348,0.9775644,0.99824786
1759,5070.110516934046,2007.9554367201426,561,0.9849334,0.99962366
1760,3327.532994923858,2013.0659898477156,394,0.9882549,0.9999949
1761,3604.5842696629215,2007.4606741573034,89,0.9276376,0.9944793
1762,4127.410256410257,2007.128205128205,39,0.8618286,0.9650011
1763,3254.1153846153848,2015.0961538461538,52,0.9089315,0.9793736
1764,2394.5454545454545,2024.6935064935064,385,0.97951853,0.9995049
1765,5033.988262910798,2029.774647887324,426,0.97932726,0.99902225
1766,1781.9615384615386,2026.3461538461538,104,0.85888255,0.986364
1767,3246.3333333333335,2022.9,30,0.8665063,0.97443116
1768,4045.4935064935066,2032.2445887445888,462,0.9766484,0.9986424
1769,4319.014792899408,2031.5502958579882,338,0.98113996,0.99785775
1770,5237.428571428572,2033.689969604863,329,0.9754759,0.9990581
1771,1052.3578947368421,2037.6526315789474,190,0.91033727,0.98906124
1772,4562.578947368421,2044.804753820034,589,0.9819695,0.99954635
1773,3375.518005540166,2044.9058171745153,361,0.9724264,0.9975804
1774,5433.113110539845,2047.6838046272494,389,0.977421,0.999106
1775,5024.845360824742,2044.8556701030927,97,0.89736396,0.9813266
1776,3042.7955390334573,2056.221189591078,538,0.9924473,0.99999917
1777,3597.875,2049.125,8,0.71853757,0.8193093
1778,1729.4549418604652,2063.811046511628,688,0.9914865,0.99999917
1779,4290.038461538462,2064.519230769231,52,0.9341895,0.98805606
1780,3261.764705882353,2063.9411764705883,17,0.85301733,0.9603484
1781,3643.0810810810813,2071.574324324324,148,0.93819964,0.9968299
1782,2651.672268907563,2075.3949579831933,238,0.9672395,0.99794334
1783,2935.5555555555557,2077.2916666666665,216,0.93576777,0.9938288
1784,4685.378731343284,2094.580223880597,536,0.9916603,0.999987
1785,3377.0,2086.5,34,0.91460395,0.973291
1786,3558.6299559471368,2095.3325991189427,454,0.9881382,0.9997763
1787,1369.3603603603603,2102.3558558558557,444,0.9754424,0.9993187
1788,1520.3938223938223,2106.8629343629345,518,0.97484326,0.9997967
1789,3317.08356545961,2105.5208913649026,359,0.97411925,0.99938846
1790,2927.581560283688,2104.6063829787236,282,0.9694491,0.9971599
1791,468.78186274509807,2107.6838235294117,408,0.97432095,0.99965787
1792,1337.0689655172414,2106.1724137931033,58,0.91695064,0.9899697
1793,1686.2870036101083,2114.3429602888086,554,0.98234564,0.99981624
1794,4675.5,2108.5,4,0.74409425,0.7930813
1795,2927.5,2113.5,4,0.7128459,0.74252427
1796,2106.69375,2125.70625,160,0.96485406,0.99670196
1797,2843.944976076555,2131.5526315789475,418,0.9803881,0.9992833
1798,3098.0,2125.574468085106,47,0.9010474,0.98107505
1799,5395.601851851852,2133.925925925926,432,0.9785529,0.999181
1800,77.11824324324324,2137.3885135135133,296,0.97010607,0.9976456
1801,1787.26,2139.98,200,0.9664633,0.99581647
1802,4749.862068965517,2144.9310344827586,29,0.78220165,0.9052377
1803,2572.0887096774195,2148.5725806451615,124,0.939959,0.99590665
1804,2961.703703703704,2148.9876543209875,81,0.8855857,0.9769659
1805,834.5809523809523,2154.8761904761905,105,0.95450395,0.99580705
1806,826.5,2152.5,4,0.7439103,0.756021
1807,2951.5689655172414,2156.9137931034484,58,0.9160222,0.9843862
1808,2962.5,2161.5,14,0.826251,0.9119538
1809,2877.9285714285716,2164.1428571428573,14,0.8425435,0.9235233
1810,1847.538860103627,2175.1519861830743,579,0.98272777,0.99976313
1811,4570.2535211267605,2169.605633802817,71,0.90114456,0.9823278
1812,2295.0,2180.5,10,0.7785529,0.8550321
1813,4190.128378378378,2190.8716216216217,148,0.9389418,0.98721004
1814,3886.9611650485435,2195.36569579288,309,0.95450133,0.9967413
1815,2369.3958333333335,2193.375,48,0.9129157,0.98854756
1816,2763.5921375921375,2197.970515970516,407,0.96392685,0.9982679
1817,1868.2673031026252,2201.8568019093077,419,0.9641788,0.9981735
1818,3641.314960629921,2203.8661417322833,127,0.94908816,0.99501204
1819,3183.9339207048456,2211.0308370044054,227,0.9417814,0.99575293
1820,3664.2115384615386,2205.230769230769,52,0.90183437,0.9790878
1821,719.2455858747993,2226.4868913857676,1869,0.9906769,0.99993885
1822,3979.1901279707495,2224.0420475319925,547,0.96781474,0.99913555
1823,4143.7363420427555,2223.3206650831353,421,0.97122186,0.9976019
1824,4194.897897897898,2225.8858858858857,333,0.9652732,0.9953833
1825,4699.231481481482,2219.972222222222,108,0.93043846,0.9891438
1826,2830.670731707317,2227.150406504065,246,0.9627127,0.99744654
1827,1436.552688172043,2228.4666666666667,465,0.9664478,0.99773765
1828,1940.4098360655737,2222.6721311475408,61,0.90599895,0.9818486
1829,4569.176470588235,2234.1563025210085,595,0.9861839,0.9999565
1830,280.6027397260274,2241.573820395738,657,0.988928,0.9999553
1831,4271.65963060686,2240.377308707124,379,0.9654746,0.9959451
1832,585.3660377358491,2240.9622641509436,265,0.97591716,0.99879885
1833,4618.630979498861,2247.337129840547,439,0.97359693,0.997483
1834,365.23664122137404,2245.3664122137407,262,0.97888744,0.99896646
1835,2981.346153846154,2252.576923076923,26,0.8786423,0.96147656
1836,2166.062162162162,2262.4972972972973,370,0.96250373,0.99826765
1837,3100.3618421052633,2266.782894736842,456,0.9792056,0.99900424
1838,355.2960893854749,2264.9944134078214,179,0.9515756,0.99690396
1839,5158.182403433477,2274.036480686695,466,0.9769099,0.99881727
1840,4038.622641509434,2274.330188679245,106,0.8526328,0.96853745
1841,2888.706730769231,2280.5072115384614,416,0.9774902,0.9985593
1842,2824.6133909287255,2282.80777537797,463,0.9872245,0.9999132
1843,2919.751724137931,2290.0,435,0.9713526,0.9973971
1844,4961.504504504504,2284.612612612613,111,0.92379034,0.98902786
1845,1671.4589743589743,2291.233333333333,390,0.9684448,0.9967548
1846,3763.59375,2292.8125,96,0.9475136,0.9931878
1847,2506.4166666666665,2296.95,60,0.8891191,0.9834012
1848,406.21875,2301.84375,32,0.8841548,0.9524888
1849,3520.688888888889,2312.474074074074,270,0.9562093,0.99615335
1850,4931.875,2302.125,8,0.84181595,0.9042255
1851,406.2,2309.0,70,0.83634853,0.9684824
1852,4932.363636363636,2306.090909090909,11,0.764348,0.8225554
1853,2570.578629032258,2328.1633064516127,496,0.988442,0.9997198
1854,4566.6818897637795,2329.0236220472443,635,0.98800653,0.99988025
1855,4063.3953488372094,2324.860465116279,43,0.8291483,0.93676674
1856,4027.291044776119,2333.8358208955224,134,0.9357225,0.9919301
1857,3179.5,2327.5,12,0.74539876,0.8322655
1858,2732.090909090909,2341.4755244755243,286,0.93763286,0.998527
1859,3171.342857142857,2337.842857142857,70,0.90864354,0.9852299
1860,3016.7051282051284,2342.730769230769,234,0.9442276,0.99577045
1861,1862.0198511166252,2346.406947890819,403,0.9676799,0.997954
1862,2944.123595505618,2347.173033707865,445,0.98494804,0.99978906
1863,3834.6620825147347,2351.343811394892,509,0.9836933,0.9999139
1864,2420.5,2350.5117647058823,170,0.91962445,0.99660826
1865,2752.9111570247933,2354.3347107438017,484,0.98686004,0.99995106
1866,2177.769230769231,2346.230769230769,13,0.822902,0.9214282
1867,2709.4612403100773,2354.046511627907,258,0.93230414,0.9968829
1868,3751.945355191257,2363.91985428051,549,0.98471564,0.9996425
1869,3604.6526315789474,2364.886842105263,380,0.96552616,0.9960238
1870,1723.5840579710145,2370.8260869565215,690,0.9814552,0.9999925
1871,3429.3286573146293,2381.1022044088177,499,0.98511887,0.999632
1872,4877.126582278481,2377.759493670886,79,0.90185827,0.97544724
1873,1300.871794871795,2379.974358974359,39,0.8950055,0.97668797
1874,3098.5,2378.0,10,0.7749022,0.8534984
1875,1443.3787234042554,2394.2595744680852,235,0.9140959,0.9966696
1876,2300.5,2384.5,4,0.6996891,0.7450592
1877,2642.231707317073,2418.0975609756097,328,0.9625685,0.99718994
1878,5101.421052631579,2418.8947368421054,19,0.75557476,0.87517005
1879,2515.8159392789375,2431.6565464895634,527,0.9888399,0.9999149
1880,4731.497297297297,2431.7351351351354,370,0.9642842,0.99391323
1881,1120.2671232876712,2432.1609589041095,292,0.9525474,0.997003
1882,2282.901515151515,2434.4545454545455,132,0.9588615,0.9957612
1883,1741.0,2435.2285714285713,35,0.8430883,0.950835
1884,3258.4848484848485,2445.212121212121,33,0.87297785,0.96707803
1885,2820.0805369127515,2456.4250559284114,447,0.9760388,0.99818987
1886,3481.6615384615384,2450.492307692308,65,0.9238191,0.9900601
1887,3249.435185185185,2453.0555555555557,108,0.94890696,0.99369884
1888,3860.4024390243903,2455.012195121951,82,0.8622781,0.9673043
1889,3741.554782608696,2466.0052173913045,575,0.98995286,0.9999285
1890,3475.2429906542056,2460.0654205607475,107,0.95549333,0.9950206
1891,1646.2058047493404,2470.749340369393,758,0.98845357,0.9999088
1892,2729.9454545454546,2466.836363636364,110,0.958162,0.99495447
1893,5031.907608695652,2486.891304347826,184,0.9463618,0.99427325
1894,5357.169491525424,2482.822033898305,118,0.9150929,0.990513
1895,3362.544117647059,2491.155462184874,476,0.9878068,0.99997807
1896,178.92883895131087,2501.389513108614,267,0.97019154,0.9987532
1897,1503.0376266280753,2505.2966714905933,691,0.97596365,0.99927354
1898,206.38169642857142,2523.1875,448,0.9756106,0.9993655
1899,460.8346774193548,2523.7903225806454,248,0.97213465,0.9980421
1900,540.4444444444445,2522.1666666666665,18,0.77330303,0.87698686
1901,613.8213058419244,2534.4158075601376,291,0.97668844,0.99913317
1902,1797.7625,2538.45,240,0.96534,0.9946413
1903,4827.764150943396,2540.6132075471696,106,0.92661643,0.9840956
1904,5492.0,2538.5,18,0.8168755,0.9010162
1905,1952.7011494252874,2545.5172413793102,87,0.9334583,0.9875802
1906,3429.480300187617,2553.562851782364,533,0.9776071,0.9980737
1907,1842.2762886597939,2559.418556701031,485,0.9744301,0.99916697
1908,2476.1574074074074,2563.0,108,0.9419979,0.9965011
1909,1601.0,2560.0,15,0.8271587,0.94736946
1910,8.253218884120171,2566.459227467811,233,0.9792881,0.99919266
1911,206.57407407407408,2566.474074074074,270,0.9784049,0.9991658
1912,2871.036211699164,2569.4930362116993,359,0.9895257,0.9994899
1913,3874.842857142857,2567.5142857142855,210,0.94721633,0.99192506
1914,3116.38,2563.76,50,0.8838289,0.97231686
1915,2147.9779411764707,2572.4779411764707,136,0.954844,0.9968622
1916,3109.089285714286,2573.4523809523807,168,0.95377797,0.99607503
1917,2238.122641509434,2579.4779874213837,318,0.96576464,0.9980447
1918,4524.381656804734,2582.437869822485,338,0.9426656,0.99364716
1919,142.1793103448276,2582.7793103448275,435,0.97856253,0.9995421
1920,4843.129032258064,2578.032258064516,31,0.82423866,0.9301481
1921,2948.2638888888887,2589.9861111111113,72,0.93346363,0.98893905
1922,5145.740157480315,2604.047244094488,508,0.9741802,0.9988207
1923,2747.5,2596.3,40,0.8735701,0.983984
1924,398.13177159590043,2614.9560761346997,683,0.9866451,0.9997896
1925,99.51908396946565,2613.442748091603,131,0.9332065,0.99350846
1926,5353.746803069053,2618.897698209719,391,0.96457267,0.99768496
1927,5142.274596182086,2643.2628487518355,681,0.9871887,0.9998548
1928,2536.9713603818614,2643.400954653938,419,0.9658196,0.9988537
1929,3204.474662162162,2648.0692567567567,592,0.99211866,0.99999857
1930,2788.3478260869565,2641.6521739130435,46,0.90287095,0.97890604
1931,2450.6486013986014,2656.1905594405594,572,0.9858999,0.99991894
1932,33.186708860759495,2671.4857594936707,632,0.9838763,0.99956113
1933,1931.9633027522937,2665.1009174311926,109,0.93602747,0.99251735
1934,1568.5330578512396,2677.6115702479337,484,0.9691849,0.9968728
1935,4544.37984496124,2682.767441860465,387,0.93950444,0.9938245
1936,1613.4315789473685,2677.842105263158,95,0.92264366,0.98728126
1937,2358.768,2684.984,125,0.9264943,0.9946974
1938,3549.3487109905022,2700.966078697422,737,0.9759475,0.9979516
1939,2812.264367816092,2698.8758620689655,435,0.9640119,0.99769
1940,1137.7391304347825,2698.086956521739,23,0.8609263,0.9646188
1941,2918.5584642233857,2735.001745200698,573,0.97756827,0.99872226
1942,3853.8582089552237,2737.134328358209,134,0.90222013,0.98171926
1943,5231.546875,2734.0,64,0.8803342,0.97248304
1944,3658.184210526316,2750.6992481203006,266,0.918248,0.99214447
1945,3146.8613138686133,2756.25,548,0.9864366,0.99989927
1946,2458.4333333333334,2757.125,120,0.9478232,0.9931861
1947,2639.128,2757.232,125,0.9576769,0.9954491
1948,1834.0457142857142,2768.1628571428573,350,0.9718804,0.9973596
1949,3423.0,2771.0,7,0.7681819,0.81944495
1950,2037.8594594594595,2778.4216216216214,185,0.9690305,0.99611485
1951,244.02162162162162,2786.427027027027,185,0.94735587,0.9920428
1952,2099.847222222222,2790.1631944444443,288,0.9617251,0.9984444
1953,5474.867647058823,2792.794117647059,68,0.8949702,0.97641367
1954,3283.035439137134,2816.35593220339,649,0.9796242,0.99904
1955,3523.6741071428573,2817.2522321428573,448,0.96290493,0.9963909
1956,1758.5485714285714,2816.422857142857,350,0.97182995,0.99776113
1957,1099.2941176470588,2814.5588235294117,68,0.89991426,0.98871034
1958,1994.0248901903367,2828.888726207906,683,0.9826921,0.99896324
1959,659.0603829160531,2829.0677466863035,679,0.97816396,0.9996588
1960,1645.421364985163,2829.8041543026707,337,0.9713224,0.9979145
1961,3472.43729903537,2838.162379421222,622,0.97131807,0.9970107
1962,1893.796875,2838.21875,320,0.97784805,0.9982364
1963,2217.4444444444443,2840.1111111111113,9,0.7480712,0.8099627
1964,3904.9411764705883,2844.6470588235293,17,0.8337451,0.94591916
1965,2876.076923076923,2855.769230769231,39,0.8755064,0.97190374
1966,3895.3956043956046,2857.164835164835,91,0.89487064,0.98290217
1967,654.1085271317829,2870.6744186046512,129,0.97321296,0.9967097
1968,2690.840277777778,2878.75,144,0.9455049,0.99696255
1969,3187.3888888888887,2882.6666666666665,18,0.7250771,0.79083157
1970,3175.939024390244,2890.609756097561,164,0.952072,0.99290615
1971,2293.554240631164,2902.938856015779,507,0.9876548,0.99973947
1972,2201.0833333333335,2896.3333333333335,24,0.8347719,0.95075375
1973,1779.4782608695652,2900.289855072464,69,0.85007626,0.97836494
1974,2612.53312788906,2923.7272727272725,649,0.98637986,0.9998235
1975,3081.037037037037,2920.185185185185,108,0.9375303,0.9926753
1976,2652.307839388145,2937.8967495219886,523,0.97383565,0.998302
1977,1838.1958041958042,2938.853146853147,143,0.9179457,0.9812544
1978,2396.6003316749584,2946.3034825870645,603,0.9679519,0.9996927
1979,3147.409090909091,2940.5,22,0.85033804,0.96043396
1980,1943.3037037037036,2952.8962962962964,135,0.93385184,0.99261844
1981,5491.858156028369,2956.794326241135,282,0.9529931,0.9969145
1982,2325.778008298755,2966.0539419087136,482,0.9684946,0.9984275
1983,2791.878826530612,2984.422193877551,784,0.9848481,0.99979824
1984,5294.4651183172655,3099.325094945954,34230,0.99476266,0.9998123
1985,1589.903114186851,2993.889273356401,289,0.96158606,0.9971099
1986,1698.1299126637555,3007.434497816594,916,0.98767304,0.9997981
1987,2239.0442477876104,3013.6578171091446,339,0.9715952,0.9975381
1988,5420.274881516588,3009.4170616113743,211,0.96744424,0.9978913
1989,1139.6934865900382,3019.8812260536397,261,0.95400167,0.9976011
1990,2884.6290322580644,3033.8279569892475,186,0.9631614,0.99670386
1991,2451.4857142857145,3030.714285714286,35,0.84863454,0.9572873
1992,2490.1180555555557,3045.0763888888887,144,0.96123767,0.99396557
1993,5392.0,3047.0,9,0.917614,0.9654309
1994,3576.7563218390806,3089.902298850575,870,0.9901796,0.9999925
1995,4719.153846153846,3108.0,13,0.8298597,0.919606
1996,4724.875,3106.875,8,0.77471125,0.8487309
1997,4591.558823529412,3110.823529411765,34,0.926803,0.9912717
1998,4649.333333333333,3113.3333333333335,12,0.8280895,0.9050879
1999,4690.653333333334,3116.88,75,0.9356549,0.9938565
2000,2918.408163265306,3126.561224489796,98,0.93145263,0.9963225
2001,4593.5,3123.5,4,0.81570446,0.88590145
2002,4727.5,3127.3684210526317,38,0.9172016,0.98213094
2003,4684.363636363636,3127.909090909091,11,0.86747766,0.93581957
2004,4243.0625,3129.6875,16,0.7512217,0.88483584
